Audio/Video processing libraries not available: No module named 'pydub'
2025-12-20 13:02:50 - 378x492 - INFO - monitoring_service:173 - Restored monitoring state from disk
The 'semantic-search' router is DEPRECATED and uses a MOCK engine. Use 'ai' router instead.
2025-12-20 13:02:54 - 378x492 - WARNING - main:479 - OpenTelemetry dependencies not found, skipping tracing setup
INFO:     Started server process [41732]
INFO:     Waiting for application startup.
DEBUG: Lifespan called!
DEBUG: Lifespan startup beginning
2025-12-20 13:02:56 - 378x492 - INFO - main:186 - Starting 378x492 Fraud Detection API with 99.99% uptime target
2025-12-20 13:02:56 - 378x492 - INFO - main:191 - Phase 1: Database initialization
2025-12-20 13:02:56 - 378x492 - INFO - main:197 - Database tables created successfully (Development Mode)
2025-12-20 13:02:56 - 378x492 - INFO - main:216 - Database health check passed/degraded on attempt 1
2025-12-20 13:02:56 - 378x492 - INFO - main:244 - Boot Integrity Verified. Audit Root Hash: e927f1b180a8eff704c40b6988668289e7e7dfa28c5c8909c0bbea1d264ebbad
2025-12-20 13:02:56 - 378x492 - INFO - main:254 - Phase 2: Service initialization with error handling
2025-12-20 13:02:56 - 378x492 - INFO - proactive_monitoring:50 - Starting proactive monitoring for 99.99% uptime
2025-12-20 13:02:56 - 378x492 - INFO - main:261 - ✅ Proactive monitoring started for 99.99% uptime
2025-12-20 13:02:56 - 378x492 - INFO - monitoring_service:385 - Monitoring service background thread started
2025-12-20 13:02:56 - 378x492 - INFO - main:266 - ℹ️ APM monitoring skipped (optional service)
2025-12-20 13:02:56 - 378x492 - INFO - main:271 - Phase 3: Circuit breaker and resilience initialization
2025-12-20 13:02:56 - 378x492 - INFO - main:279 - ✅ Circuit breaker 'database_connection' initialized
2025-12-20 13:02:56 - 378x492 - INFO - main:279 - ✅ Circuit breaker 'external_api_calls' initialized
2025-12-20 13:02:56 - 378x492 - INFO - main:284 - Phase 4: Final health verification
2025-12-20 13:02:57 - 378x492 - WARNING - performance_monitor:107 - Failed to collect network_connections: (pid=41933)
2025-12-20 13:02:57 - 378x492 - WARNING - performance_monitor:107 - Failed to collect network_connections: (pid=41933)
2025-12-20 13:02:58 - 378x492 - WARNING - performance_monitor:107 - Failed to collect network_connections: (pid=41933)
2025-12-20 13:02:58 - 378x492 - WARNING - performance_monitor:406 - Performance Alert [WARNING]: cpu_percent exceeded threshold: 100.0% > 90%
2025-12-20 13:02:58 - 378x492 - WARNING - performance_monitor:339 - Error checking alert rule high_cpu_usage: PerformanceMonitor._get_default_alert_rules.<locals>.<lambda>() missing 1 required positional argument: 'm'
2025-12-20 13:02:58 - 378x492 - WARNING - performance_monitor:339 - Error checking alert rule high_memory_usage: PerformanceMonitor._get_default_alert_rules.<locals>.<lambda>() missing 1 required positional argument: 'm'
2025-12-20 13:02:58 - 378x492 - WARNING - performance_monitor:339 - Error checking alert rule high_disk_usage: PerformanceMonitor._get_default_alert_rules.<locals>.<lambda>() missing 1 required positional argument: 'm'
2025-12-20 13:02:58 - 378x492 - WARNING - performance_monitor:339 - Error checking alert rule low_disk_space: PerformanceMonitor._get_default_alert_rules.<locals>.<lambda>() missing 1 required positional argument: 'm'
2025-12-20 13:02:58 - 378x492 - WARNING - performance_monitor:339 - Error checking alert rule high_process_count: PerformanceMonitor._get_default_alert_rules.<locals>.<lambda>() missing 1 required positional argument: 'm'
2025-12-20 13:02:58 - 378x492 - INFO - main:294 - 🎉 Application startup completed successfully in 2.55s
2025-12-20 13:02:58 - 378x492 - INFO - main:308 - Monitoring services initialized successfully
2025-12-20 13:02:58 - 378x492 - INFO - main:314 - WebSocket server startup deferred to /admin/start-websocket endpoint
2025-12-20 13:02:58 - 378x492 - INFO - main:315 - 378x492 API startup completed successfully
2025-12-20 13:02:59 - 378x492 - WARNING - performance_monitor:107 - Failed to collect network_connections: (pid=41933)
2025-12-20 13:03:00 - 378x492 - WARNING - performance_monitor:107 - Failed to collect network_connections: (pid=41933)
2025-12-20 13:03:00 - 378x492 - WARNING - performance_monitor:406 - Performance Alert [WARNING]: cpu_percent exceeded threshold: 100.0% > 90%
2025-12-20 13:03:00 - 378x492 - WARNING - performance_monitor:339 - Error checking alert rule high_cpu_usage: PerformanceMonitor._get_default_alert_rules.<locals>.<lambda>() missing 1 required positional argument: 'm'
2025-12-20 13:03:00 - 378x492 - WARNING - performance_monitor:339 - Error checking alert rule high_memory_usage: PerformanceMonitor._get_default_alert_rules.<locals>.<lambda>() missing 1 required positional argument: 'm'
2025-12-20 13:03:00 - 378x492 - WARNING - performance_monitor:339 - Error checking alert rule high_disk_usage: PerformanceMonitor._get_default_alert_rules.<locals>.<lambda>() missing 1 required positional argument: 'm'
2025-12-20 13:03:00 - 378x492 - WARNING - performance_monitor:339 - Error checking alert rule low_disk_space: PerformanceMonitor._get_default_alert_rules.<locals>.<lambda>() missing 1 required positional argument: 'm'
2025-12-20 13:03:00 - 378x492 - WARNING - performance_monitor:339 - Error checking alert rule high_process_count: PerformanceMonitor._get_default_alert_rules.<locals>.<lambda>() missing 1 required positional argument: 'm'
2025-12-20 13:03:01 - 378x492 - WARNING - proactive_monitoring:281 - 🚨 Proactive Alert [CRITICAL]: Critical health issue detected: System resources critical: {'status': 'critical', 'memory_percent': 72.0, 'cpu_percent': 100.0, 'disk_percent': 3.8, 'issues': ['.1f'], 'recommendations': ['Investigate CPU-intensive processes or consider scaling'], 'thresholds': {'memory_critical': 98, 'memory_degraded': 95, 'cpu_critical': 98, 'cpu_degraded': 90, 'disk_critical': 90}}
2025-12-20 13:03:01 - 378x492 - CRITICAL - proactive_monitoring:298 - 🚨 CRITICAL ALERT: Critical health issue detected: System resources critical: {'status': 'critical', 'memory_percent': 72.0, 'cpu_percent': 100.0, 'disk_percent': 3.8, 'issues': ['.1f'], 'recommendations': ['Investigate CPU-intensive processes or consider scaling'], 'thresholds': {'memory_critical': 98, 'memory_degraded': 95, 'cpu_critical': 98, 'cpu_degraded': 90, 'disk_critical': 90}}
INFO:     Application startup complete.
INFO:     Uvicorn running on http://127.0.0.1:8000 (Press CTRL+C to quit)
2025-12-20 13:03:32 - 378x492 - WARNING - performance_monitor:107 - Failed to collect network_connections: (pid=40519)
2025-12-20 13:03:33 - 378x492 - WARNING - performance_monitor:107 - Failed to collect network_connections: (pid=40519)
2025-12-20 13:03:33 - 378x492 - WARNING - performance_monitor:406 - Performance Alert [WARNING]: cpu_percent exceeded threshold: 100.0% > 90%
2025-12-20 13:03:33 - 378x492 - WARNING - performance_monitor:339 - Error checking alert rule high_cpu_usage: PerformanceMonitor._get_default_alert_rules.<locals>.<lambda>() missing 1 required positional argument: 'm'
2025-12-20 13:03:33 - 378x492 - WARNING - performance_monitor:339 - Error checking alert rule high_memory_usage: PerformanceMonitor._get_default_alert_rules.<locals>.<lambda>() missing 1 required positional argument: 'm'
2025-12-20 13:03:33 - 378x492 - WARNING - performance_monitor:339 - Error checking alert rule high_disk_usage: PerformanceMonitor._get_default_alert_rules.<locals>.<lambda>() missing 1 required positional argument: 'm'
2025-12-20 13:03:33 - 378x492 - WARNING - performance_monitor:339 - Error checking alert rule low_disk_space: PerformanceMonitor._get_default_alert_rules.<locals>.<lambda>() missing 1 required positional argument: 'm'
2025-12-20 13:03:33 - 378x492 - WARNING - performance_monitor:339 - Error checking alert rule high_process_count: PerformanceMonitor._get_default_alert_rules.<locals>.<lambda>() missing 1 required positional argument: 'm'
2025-12-20 13:03:33 - 378x492 - WARNING - proactive_monitoring:281 - 🚨 Proactive Alert [CRITICAL]: Critical health issue detected: System resources critical: {'status': 'critical', 'memory_percent': 73.1, 'cpu_percent': 100.0, 'disk_percent': 3.8, 'issues': ['.1f'], 'recommendations': ['Investigate CPU-intensive processes or consider scaling'], 'thresholds': {'memory_critical': 98, 'memory_degraded': 95, 'cpu_critical': 98, 'cpu_degraded': 90, 'disk_critical': 90}}
2025-12-20 13:03:33 - 378x492 - CRITICAL - proactive_monitoring:298 - 🚨 CRITICAL ALERT: Critical health issue detected: System resources critical: {'status': 'critical', 'memory_percent': 73.1, 'cpu_percent': 100.0, 'disk_percent': 3.8, 'issues': ['.1f'], 'recommendations': ['Investigate CPU-intensive processes or consider scaling'], 'thresholds': {'memory_critical': 98, 'memory_degraded': 95, 'cpu_critical': 98, 'cpu_degraded': 90, 'disk_critical': 90}}
2025-12-20 13:03:58 - 378x492 - WARNING - performance_monitor:107 - Failed to collect network_connections: (pid=40519)
2025-12-20 13:03:58 - 378x492 - ERROR - performance_monitor:74 - Performance monitoring error: unsupported operand type(s) for /: 'tuple' and 'int'
2025-12-20 13:04:04 - 378x492 - WARNING - performance_monitor:107 - Failed to collect network_connections: (pid=40519)
2025-12-20 13:04:05 - 378x492 - WARNING - performance_monitor:107 - Failed to collect network_connections: (pid=40519)
2025-12-20 13:04:05 - 378x492 - WARNING - performance_monitor:339 - Error checking alert rule high_cpu_usage: PerformanceMonitor._get_default_alert_rules.<locals>.<lambda>() missing 1 required positional argument: 'm'
2025-12-20 13:04:05 - 378x492 - WARNING - performance_monitor:339 - Error checking alert rule high_memory_usage: PerformanceMonitor._get_default_alert_rules.<locals>.<lambda>() missing 1 required positional argument: 'm'
2025-12-20 13:04:05 - 378x492 - WARNING - performance_monitor:339 - Error checking alert rule high_disk_usage: PerformanceMonitor._get_default_alert_rules.<locals>.<lambda>() missing 1 required positional argument: 'm'
2025-12-20 13:04:05 - 378x492 - WARNING - performance_monitor:339 - Error checking alert rule low_disk_space: PerformanceMonitor._get_default_alert_rules.<locals>.<lambda>() missing 1 required positional argument: 'm'
2025-12-20 13:04:05 - 378x492 - WARNING - performance_monitor:339 - Error checking alert rule high_process_count: PerformanceMonitor._get_default_alert_rules.<locals>.<lambda>() missing 1 required positional argument: 'm'
2025-12-20 13:04:37 - 378x492 - WARNING - performance_monitor:107 - Failed to collect network_connections: (pid=46190)
2025-12-20 13:04:38 - 378x492 - WARNING - performance_monitor:107 - Failed to collect network_connections: (pid=46190)
2025-12-20 13:04:38 - 378x492 - WARNING - performance_monitor:406 - Performance Alert [WARNING]: cpu_percent exceeded threshold: 100.0% > 90%
2025-12-20 13:04:38 - 378x492 - WARNING - performance_monitor:339 - Error checking alert rule high_cpu_usage: PerformanceMonitor._get_default_alert_rules.<locals>.<lambda>() missing 1 required positional argument: 'm'
2025-12-20 13:04:38 - 378x492 - WARNING - performance_monitor:339 - Error checking alert rule high_memory_usage: PerformanceMonitor._get_default_alert_rules.<locals>.<lambda>() missing 1 required positional argument: 'm'
2025-12-20 13:04:38 - 378x492 - WARNING - performance_monitor:339 - Error checking alert rule high_disk_usage: PerformanceMonitor._get_default_alert_rules.<locals>.<lambda>() missing 1 required positional argument: 'm'
2025-12-20 13:04:38 - 378x492 - WARNING - performance_monitor:339 - Error checking alert rule low_disk_space: PerformanceMonitor._get_default_alert_rules.<locals>.<lambda>() missing 1 required positional argument: 'm'
2025-12-20 13:04:38 - 378x492 - WARNING - performance_monitor:339 - Error checking alert rule high_process_count: PerformanceMonitor._get_default_alert_rules.<locals>.<lambda>() missing 1 required positional argument: 'm'
2025-12-20 13:04:38 - 378x492 - WARNING - proactive_monitoring:281 - 🚨 Proactive Alert [CRITICAL]: Critical health issue detected: System resources critical: {'status': 'critical', 'memory_percent': 73.5, 'cpu_percent': 100.0, 'disk_percent': 3.8, 'issues': ['.1f'], 'recommendations': ['Investigate CPU-intensive processes or consider scaling'], 'thresholds': {'memory_critical': 98, 'memory_degraded': 95, 'cpu_critical': 98, 'cpu_degraded': 90, 'disk_critical': 90}}
2025-12-20 13:04:38 - 378x492 - CRITICAL - proactive_monitoring:298 - 🚨 CRITICAL ALERT: Critical health issue detected: System resources critical: {'status': 'critical', 'memory_percent': 73.5, 'cpu_percent': 100.0, 'disk_percent': 3.8, 'issues': ['.1f'], 'recommendations': ['Investigate CPU-intensive processes or consider scaling'], 'thresholds': {'memory_critical': 98, 'memory_degraded': 95, 'cpu_critical': 98, 'cpu_degraded': 90, 'disk_critical': 90}}
2025-12-20 13:04:59 - 378x492 - WARNING - performance_monitor:107 - Failed to collect network_connections: (pid=46190)
2025-12-20 13:04:59 - 378x492 - ERROR - performance_monitor:74 - Performance monitoring error: unsupported operand type(s) for /: 'tuple' and 'int'
2025-12-20 13:05:09 - 378x492 - WARNING - performance_monitor:107 - Failed to collect network_connections: (pid=40519)
2025-12-20 13:05:10 - 378x492 - WARNING - performance_monitor:107 - Failed to collect network_connections: (pid=40519)
2025-12-20 13:05:10 - 378x492 - WARNING - performance_monitor:406 - Performance Alert [WARNING]: cpu_percent exceeded threshold: 100.0% > 90%
2025-12-20 13:05:10 - 378x492 - WARNING - performance_monitor:339 - Error checking alert rule high_cpu_usage: PerformanceMonitor._get_default_alert_rules.<locals>.<lambda>() missing 1 required positional argument: 'm'
2025-12-20 13:05:10 - 378x492 - WARNING - performance_monitor:339 - Error checking alert rule high_memory_usage: PerformanceMonitor._get_default_alert_rules.<locals>.<lambda>() missing 1 required positional argument: 'm'
2025-12-20 13:05:10 - 378x492 - WARNING - performance_monitor:339 - Error checking alert rule high_disk_usage: PerformanceMonitor._get_default_alert_rules.<locals>.<lambda>() missing 1 required positional argument: 'm'
2025-12-20 13:05:10 - 378x492 - WARNING - performance_monitor:339 - Error checking alert rule low_disk_space: PerformanceMonitor._get_default_alert_rules.<locals>.<lambda>() missing 1 required positional argument: 'm'
2025-12-20 13:05:10 - 378x492 - WARNING - performance_monitor:339 - Error checking alert rule high_process_count: PerformanceMonitor._get_default_alert_rules.<locals>.<lambda>() missing 1 required positional argument: 'm'
2025-12-20 13:05:11 - 378x492 - WARNING - proactive_monitoring:281 - 🚨 Proactive Alert [CRITICAL]: Critical health issue detected: System resources critical: {'status': 'critical', 'memory_percent': 73.9, 'cpu_percent': 100.0, 'disk_percent': 3.8, 'issues': ['.1f'], 'recommendations': ['Investigate CPU-intensive processes or consider scaling'], 'thresholds': {'memory_critical': 98, 'memory_degraded': 95, 'cpu_critical': 98, 'cpu_degraded': 90, 'disk_critical': 90}}
2025-12-20 13:05:11 - 378x492 - CRITICAL - proactive_monitoring:298 - 🚨 CRITICAL ALERT: Critical health issue detected: System resources critical: {'status': 'critical', 'memory_percent': 73.9, 'cpu_percent': 100.0, 'disk_percent': 3.8, 'issues': ['.1f'], 'recommendations': ['Investigate CPU-intensive processes or consider scaling'], 'thresholds': {'memory_critical': 98, 'memory_degraded': 95, 'cpu_critical': 98, 'cpu_degraded': 90, 'disk_critical': 90}}
2025-12-20 13:05:42 - 378x492 - WARNING - performance_monitor:107 - Failed to collect network_connections: (pid=49720)
2025-12-20 13:05:43 - 378x492 - WARNING - performance_monitor:107 - Failed to collect network_connections: (pid=49720)
2025-12-20 13:05:43 - 378x492 - WARNING - performance_monitor:406 - Performance Alert [WARNING]: cpu_percent exceeded threshold: 100.0% > 90%
2025-12-20 13:05:43 - 378x492 - WARNING - performance_monitor:339 - Error checking alert rule high_cpu_usage: PerformanceMonitor._get_default_alert_rules.<locals>.<lambda>() missing 1 required positional argument: 'm'
2025-12-20 13:05:43 - 378x492 - WARNING - performance_monitor:339 - Error checking alert rule high_memory_usage: PerformanceMonitor._get_default_alert_rules.<locals>.<lambda>() missing 1 required positional argument: 'm'
2025-12-20 13:05:43 - 378x492 - WARNING - performance_monitor:339 - Error checking alert rule high_disk_usage: PerformanceMonitor._get_default_alert_rules.<locals>.<lambda>() missing 1 required positional argument: 'm'
2025-12-20 13:05:43 - 378x492 - WARNING - performance_monitor:339 - Error checking alert rule low_disk_space: PerformanceMonitor._get_default_alert_rules.<locals>.<lambda>() missing 1 required positional argument: 'm'
2025-12-20 13:05:43 - 378x492 - WARNING - performance_monitor:339 - Error checking alert rule high_process_count: PerformanceMonitor._get_default_alert_rules.<locals>.<lambda>() missing 1 required positional argument: 'm'
2025-12-20 13:05:43 - 378x492 - WARNING - proactive_monitoring:281 - 🚨 Proactive Alert [CRITICAL]: Critical health issue detected: System resources critical: {'status': 'critical', 'memory_percent': 74.4, 'cpu_percent': 100.0, 'disk_percent': 3.8, 'issues': ['.1f'], 'recommendations': ['Investigate CPU-intensive processes or consider scaling'], 'thresholds': {'memory_critical': 98, 'memory_degraded': 95, 'cpu_critical': 98, 'cpu_degraded': 90, 'disk_critical': 90}}
2025-12-20 13:05:43 - 378x492 - CRITICAL - proactive_monitoring:298 - 🚨 CRITICAL ALERT: Critical health issue detected: System resources critical: {'status': 'critical', 'memory_percent': 74.4, 'cpu_percent': 100.0, 'disk_percent': 3.8, 'issues': ['.1f'], 'recommendations': ['Investigate CPU-intensive processes or consider scaling'], 'thresholds': {'memory_critical': 98, 'memory_degraded': 95, 'cpu_critical': 98, 'cpu_degraded': 90, 'disk_critical': 90}}
2025-12-20 13:05:59 - 378x492 - DEBUG - rate_limiting:203 - Rate limit check passed
Semantic AI dependencies missing: No module named 'faiss'. Attempting Fallback.
2025-12-20 13:05:59 - 378x492 - INFO - logging:136 - HTTP request
INFO:     127.0.0.1:50981 - "GET /api/v1/ai/health HTTP/1.1" 200 OK
2025-12-20 13:06:00 - 378x492 - WARNING - performance_monitor:107 - Failed to collect network_connections: (pid=49720)
2025-12-20 13:06:00 - 378x492 - WARNING - performance_monitor:167 - Performance monitoring circuit breaker opened after 3 failures
2025-12-20 13:06:00 - 378x492 - ERROR - performance_monitor:74 - Performance monitoring error: unsupported operand type(s) for /: 'tuple' and 'int'
2025-12-20 13:06:14 - 378x492 - WARNING - performance_monitor:107 - Failed to collect network_connections: (pid=49720)
2025-12-20 13:06:15 - 378x492 - WARNING - performance_monitor:107 - Failed to collect network_connections: (pid=49720)
2025-12-20 13:06:15 - 378x492 - WARNING - performance_monitor:406 - Performance Alert [WARNING]: cpu_percent exceeded threshold: 100.0% > 90%
2025-12-20 13:06:15 - 378x492 - WARNING - performance_monitor:339 - Error checking alert rule high_cpu_usage: PerformanceMonitor._get_default_alert_rules.<locals>.<lambda>() missing 1 required positional argument: 'm'
2025-12-20 13:06:15 - 378x492 - WARNING - performance_monitor:339 - Error checking alert rule high_memory_usage: PerformanceMonitor._get_default_alert_rules.<locals>.<lambda>() missing 1 required positional argument: 'm'
2025-12-20 13:06:15 - 378x492 - WARNING - performance_monitor:339 - Error checking alert rule high_disk_usage: PerformanceMonitor._get_default_alert_rules.<locals>.<lambda>() missing 1 required positional argument: 'm'
2025-12-20 13:06:15 - 378x492 - WARNING - performance_monitor:406 - Performance Alert [WARNING]: Performance monitoring circuit breaker is open
2025-12-20 13:06:15 - 378x492 - WARNING - performance_monitor:339 - Error checking alert rule low_disk_space: PerformanceMonitor._get_default_alert_rules.<locals>.<lambda>() missing 1 required positional argument: 'm'
2025-12-20 13:06:15 - 378x492 - WARNING - performance_monitor:339 - Error checking alert rule high_process_count: PerformanceMonitor._get_default_alert_rules.<locals>.<lambda>() missing 1 required positional argument: 'm'
2025-12-20 13:06:16 - 378x492 - WARNING - proactive_monitoring:281 - 🚨 Proactive Alert [CRITICAL]: Critical health issue detected: System resources critical: {'status': 'critical', 'memory_percent': 75.2, 'cpu_percent': 100.0, 'disk_percent': 3.8, 'issues': ['.1f'], 'recommendations': ['Investigate CPU-intensive processes or consider scaling'], 'thresholds': {'memory_critical': 98, 'memory_degraded': 95, 'cpu_critical': 98, 'cpu_degraded': 90, 'disk_critical': 90}}
2025-12-20 13:06:16 - 378x492 - CRITICAL - proactive_monitoring:298 - 🚨 CRITICAL ALERT: Critical health issue detected: System resources critical: {'status': 'critical', 'memory_percent': 75.2, 'cpu_percent': 100.0, 'disk_percent': 3.8, 'issues': ['.1f'], 'recommendations': ['Investigate CPU-intensive processes or consider scaling'], 'thresholds': {'memory_critical': 98, 'memory_degraded': 95, 'cpu_critical': 98, 'cpu_degraded': 90, 'disk_critical': 90}}
2025-12-20 13:06:47 - 378x492 - WARNING - performance_monitor:107 - Failed to collect network_connections: (pid=49720)
2025-12-20 13:06:48 - 378x492 - WARNING - performance_monitor:107 - Failed to collect network_connections: (pid=49720)
2025-12-20 13:06:48 - 378x492 - WARNING - performance_monitor:406 - Performance Alert [WARNING]: cpu_percent exceeded threshold: 100.0% > 90%
2025-12-20 13:06:48 - 378x492 - WARNING - performance_monitor:339 - Error checking alert rule high_cpu_usage: PerformanceMonitor._get_default_alert_rules.<locals>.<lambda>() missing 1 required positional argument: 'm'
2025-12-20 13:06:48 - 378x492 - WARNING - performance_monitor:339 - Error checking alert rule high_memory_usage: PerformanceMonitor._get_default_alert_rules.<locals>.<lambda>() missing 1 required positional argument: 'm'
2025-12-20 13:06:48 - 378x492 - WARNING - performance_monitor:339 - Error checking alert rule high_disk_usage: PerformanceMonitor._get_default_alert_rules.<locals>.<lambda>() missing 1 required positional argument: 'm'
2025-12-20 13:06:48 - 378x492 - WARNING - performance_monitor:406 - Performance Alert [WARNING]: Performance monitoring circuit breaker is open
2025-12-20 13:06:48 - 378x492 - WARNING - performance_monitor:339 - Error checking alert rule low_disk_space: PerformanceMonitor._get_default_alert_rules.<locals>.<lambda>() missing 1 required positional argument: 'm'
2025-12-20 13:06:48 - 378x492 - WARNING - performance_monitor:339 - Error checking alert rule high_process_count: PerformanceMonitor._get_default_alert_rules.<locals>.<lambda>() missing 1 required positional argument: 'm'
2025-12-20 13:06:48 - 378x492 - WARNING - proactive_monitoring:281 - 🚨 Proactive Alert [CRITICAL]: Critical health issue detected: System resources critical: {'status': 'critical', 'memory_percent': 75.5, 'cpu_percent': 100.0, 'disk_percent': 3.8, 'issues': ['.1f'], 'recommendations': ['Investigate CPU-intensive processes or consider scaling'], 'thresholds': {'memory_critical': 98, 'memory_degraded': 95, 'cpu_critical': 98, 'cpu_degraded': 90, 'disk_critical': 90}}
2025-12-20 13:06:48 - 378x492 - CRITICAL - proactive_monitoring:298 - 🚨 CRITICAL ALERT: Critical health issue detected: System resources critical: {'status': 'critical', 'memory_percent': 75.5, 'cpu_percent': 100.0, 'disk_percent': 3.8, 'issues': ['.1f'], 'recommendations': ['Investigate CPU-intensive processes or consider scaling'], 'thresholds': {'memory_critical': 98, 'memory_degraded': 95, 'cpu_critical': 98, 'cpu_degraded': 90, 'disk_critical': 90}}
2025-12-20 13:06:50 - 378x492 - WARNING - performance_monitor:107 - Failed to collect network_connections: (pid=53669)
2025-12-20 13:06:51 - 378x492 - WARNING - performance_monitor:107 - Failed to collect network_connections: (pid=53669)
2025-12-20 13:06:51 - 378x492 - WARNING - performance_monitor:406 - Performance Alert [WARNING]: cpu_percent exceeded threshold: 92.1% > 90%
2025-12-20 13:06:51 - 378x492 - WARNING - performance_monitor:339 - Error checking alert rule high_cpu_usage: PerformanceMonitor._get_default_alert_rules.<locals>.<lambda>() missing 1 required positional argument: 'm'
2025-12-20 13:06:51 - 378x492 - WARNING - performance_monitor:339 - Error checking alert rule high_memory_usage: PerformanceMonitor._get_default_alert_rules.<locals>.<lambda>() missing 1 required positional argument: 'm'
2025-12-20 13:06:51 - 378x492 - WARNING - performance_monitor:339 - Error checking alert rule high_disk_usage: PerformanceMonitor._get_default_alert_rules.<locals>.<lambda>() missing 1 required positional argument: 'm'
2025-12-20 13:06:51 - 378x492 - WARNING - performance_monitor:406 - Performance Alert [WARNING]: Performance monitoring circuit breaker is open
2025-12-20 13:06:51 - 378x492 - WARNING - performance_monitor:339 - Error checking alert rule low_disk_space: PerformanceMonitor._get_default_alert_rules.<locals>.<lambda>() missing 1 required positional argument: 'm'
2025-12-20 13:06:51 - 378x492 - WARNING - performance_monitor:339 - Error checking alert rule high_process_count: PerformanceMonitor._get_default_alert_rules.<locals>.<lambda>() missing 1 required positional argument: 'm'
Slow request: GET /health took 2.53s
Slow request: GET /health took 2.53s
2025-12-20 13:06:51 - 378x492 - INFO - logging:136 - HTTP request
INFO:     127.0.0.1:51124 - "GET /health HTTP/1.1" 200 OK
2025-12-20 13:06:51 - 378x492 - INFO - logging:136 - HTTP request
INFO:     127.0.0.1:51142 - "GET /health/ready HTTP/1.1" 200 OK
2025-12-20 13:06:51 - 378x492 - INFO - logging:136 - HTTP request
INFO:     127.0.0.1:51143 - "GET /health/live HTTP/1.1" 200 OK
2025-12-20 13:06:52 - 378x492 - WARNING - performance_monitor:107 - Failed to collect network_connections: (pid=53669)
2025-12-20 13:06:53 - 378x492 - WARNING - performance_monitor:107 - Failed to collect network_connections: (pid=53669)
2025-12-20 13:06:53 - 378x492 - WARNING - performance_monitor:406 - Performance Alert [WARNING]: cpu_percent exceeded threshold: 98.8% > 90%
2025-12-20 13:06:53 - 378x492 - WARNING - performance_monitor:339 - Error checking alert rule high_cpu_usage: PerformanceMonitor._get_default_alert_rules.<locals>.<lambda>() missing 1 required positional argument: 'm'
2025-12-20 13:06:53 - 378x492 - WARNING - performance_monitor:339 - Error checking alert rule high_memory_usage: PerformanceMonitor._get_default_alert_rules.<locals>.<lambda>() missing 1 required positional argument: 'm'
2025-12-20 13:06:53 - 378x492 - WARNING - performance_monitor:339 - Error checking alert rule high_disk_usage: PerformanceMonitor._get_default_alert_rules.<locals>.<lambda>() missing 1 required positional argument: 'm'
2025-12-20 13:06:53 - 378x492 - WARNING - performance_monitor:406 - Performance Alert [WARNING]: Performance monitoring circuit breaker is open
2025-12-20 13:06:53 - 378x492 - WARNING - performance_monitor:339 - Error checking alert rule low_disk_space: PerformanceMonitor._get_default_alert_rules.<locals>.<lambda>() missing 1 required positional argument: 'm'
2025-12-20 13:06:53 - 378x492 - WARNING - performance_monitor:339 - Error checking alert rule high_process_count: PerformanceMonitor._get_default_alert_rules.<locals>.<lambda>() missing 1 required positional argument: 'm'
Slow request: GET /health took 2.53s
Slow request: GET /health took 2.53s
2025-12-20 13:06:54 - 378x492 - INFO - logging:136 - HTTP request
INFO:     127.0.0.1:51144 - "GET /health HTTP/1.1" 200 OK
2025-12-20 13:06:54 - 378x492 - DEBUG - rate_limiting:203 - Rate limit check passed
2025-12-20 13:06:54 - 378x492 - INFO - logging:136 - HTTP request
INFO:     127.0.0.1:51145 - "GET /api/v1/rules HTTP/1.1" 307 Temporary Redirect
2025-12-20 13:06:54 - 378x492 - INFO - logging:136 - HTTP request
INFO:     127.0.0.1:51146 - "GET /health/ready HTTP/1.1" 200 OK
2025-12-20 13:06:54 - 378x492 - INFO - logging:136 - HTTP request
INFO:     127.0.0.1:51147 - "GET /health/live HTTP/1.1" 200 OK
2025-12-20 13:06:54 - 378x492 - DEBUG - rate_limiting:203 - Rate limit check passed
2025-12-20 13:06:54 - 378x492 - INFO - logging:136 - HTTP request
INFO:     127.0.0.1:51148 - "GET /api/v1/ai/health HTTP/1.1" 200 OK
2025-12-20 13:06:54 - 378x492 - DEBUG - rate_limiting:203 - Rate limit check passed
2025-12-20 13:06:54 - 378x492 - ERROR - logging:167 - Starlette HTTP 404: Not Found
2025-12-20 13:06:54 - 378x492 - INFO - logging:136 - HTTP request
INFO:     127.0.0.1:51149 - "GET /performance/metrics HTTP/1.1" 404 Not Found
2025-12-20 13:06:54 - 378x492 - DEBUG - rate_limiting:203 - Rate limit check passed
2025-12-20 13:06:54 - 378x492 - INFO - logging:136 - HTTP request
INFO:     127.0.0.1:51150 - "GET / HTTP/1.1" 200 OK
2025-12-20 13:06:55 - 378x492 - WARNING - performance_monitor:107 - Failed to collect network_connections: (pid=53669)
2025-12-20 13:06:56 - 378x492 - WARNING - performance_monitor:107 - Failed to collect network_connections: (pid=53669)
2025-12-20 13:06:56 - 378x492 - WARNING - performance_monitor:406 - Performance Alert [WARNING]: cpu_percent exceeded threshold: 100.0% > 90%
2025-12-20 13:06:56 - 378x492 - WARNING - performance_monitor:339 - Error checking alert rule high_cpu_usage: PerformanceMonitor._get_default_alert_rules.<locals>.<lambda>() missing 1 required positional argument: 'm'
2025-12-20 13:06:56 - 378x492 - WARNING - performance_monitor:339 - Error checking alert rule high_memory_usage: PerformanceMonitor._get_default_alert_rules.<locals>.<lambda>() missing 1 required positional argument: 'm'
2025-12-20 13:06:56 - 378x492 - WARNING - performance_monitor:339 - Error checking alert rule high_disk_usage: PerformanceMonitor._get_default_alert_rules.<locals>.<lambda>() missing 1 required positional argument: 'm'
2025-12-20 13:06:56 - 378x492 - WARNING - performance_monitor:406 - Performance Alert [WARNING]: Performance monitoring circuit breaker is open
2025-12-20 13:06:56 - 378x492 - WARNING - performance_monitor:339 - Error checking alert rule low_disk_space: PerformanceMonitor._get_default_alert_rules.<locals>.<lambda>() missing 1 required positional argument: 'm'
2025-12-20 13:06:56 - 378x492 - WARNING - performance_monitor:339 - Error checking alert rule high_process_count: PerformanceMonitor._get_default_alert_rules.<locals>.<lambda>() missing 1 required positional argument: 'm'
Slow request: GET /health took 2.51s
Slow request: GET /health took 2.51s
2025-12-20 13:06:57 - 378x492 - INFO - logging:136 - HTTP request
INFO:     127.0.0.1:51151 - "GET /health HTTP/1.1" 200 OK
2025-12-20 13:06:57 - 378x492 - DEBUG - rate_limiting:203 - Rate limit check passed
2025-12-20 13:06:57 - 378x492 - INFO - logging:136 - HTTP request
INFO:     127.0.0.1:51160 - "GET /api/v1/collaboration/stats HTTP/1.1" 200 OK
2025-12-20 13:06:58 - 378x492 - WARNING - performance_monitor:107 - Failed to collect network_connections: (pid=53669)
2025-12-20 13:06:59 - 378x492 - WARNING - performance_monitor:107 - Failed to collect network_connections: (pid=53669)
2025-12-20 13:06:59 - 378x492 - WARNING - performance_monitor:406 - Performance Alert [WARNING]: cpu_percent exceeded threshold: 100.0% > 90%
2025-12-20 13:06:59 - 378x492 - WARNING - performance_monitor:339 - Error checking alert rule high_cpu_usage: PerformanceMonitor._get_default_alert_rules.<locals>.<lambda>() missing 1 required positional argument: 'm'
2025-12-20 13:06:59 - 378x492 - WARNING - performance_monitor:339 - Error checking alert rule high_memory_usage: PerformanceMonitor._get_default_alert_rules.<locals>.<lambda>() missing 1 required positional argument: 'm'
2025-12-20 13:06:59 - 378x492 - WARNING - performance_monitor:339 - Error checking alert rule high_disk_usage: PerformanceMonitor._get_default_alert_rules.<locals>.<lambda>() missing 1 required positional argument: 'm'
2025-12-20 13:06:59 - 378x492 - WARNING - performance_monitor:406 - Performance Alert [WARNING]: Performance monitoring circuit breaker is open
2025-12-20 13:06:59 - 378x492 - WARNING - performance_monitor:339 - Error checking alert rule low_disk_space: PerformanceMonitor._get_default_alert_rules.<locals>.<lambda>() missing 1 required positional argument: 'm'
2025-12-20 13:06:59 - 378x492 - WARNING - performance_monitor:339 - Error checking alert rule high_process_count: PerformanceMonitor._get_default_alert_rules.<locals>.<lambda>() missing 1 required positional argument: 'm'
Slow request: GET /health took 2.51s
Slow request: GET /health took 2.51s
2025-12-20 13:06:59 - 378x492 - INFO - logging:136 - HTTP request
INFO:     127.0.0.1:51161 - "GET /health HTTP/1.1" 200 OK
2025-12-20 13:07:00 - 378x492 - WARNING - performance_monitor:107 - Failed to collect network_connections: (pid=53669)
2025-12-20 13:07:01 - 378x492 - WARNING - performance_monitor:107 - Failed to collect network_connections: (pid=53669)
2025-12-20 13:07:01 - 378x492 - WARNING - performance_monitor:406 - Performance Alert [WARNING]: cpu_percent exceeded threshold: 96.0% > 90%
2025-12-20 13:07:01 - 378x492 - WARNING - performance_monitor:339 - Error checking alert rule high_cpu_usage: PerformanceMonitor._get_default_alert_rules.<locals>.<lambda>() missing 1 required positional argument: 'm'
2025-12-20 13:07:01 - 378x492 - WARNING - performance_monitor:339 - Error checking alert rule high_memory_usage: PerformanceMonitor._get_default_alert_rules.<locals>.<lambda>() missing 1 required positional argument: 'm'
2025-12-20 13:07:01 - 378x492 - WARNING - performance_monitor:339 - Error checking alert rule high_disk_usage: PerformanceMonitor._get_default_alert_rules.<locals>.<lambda>() missing 1 required positional argument: 'm'
2025-12-20 13:07:01 - 378x492 - WARNING - performance_monitor:406 - Performance Alert [WARNING]: Performance monitoring circuit breaker is open
2025-12-20 13:07:01 - 378x492 - WARNING - performance_monitor:339 - Error checking alert rule low_disk_space: PerformanceMonitor._get_default_alert_rules.<locals>.<lambda>() missing 1 required positional argument: 'm'
2025-12-20 13:07:01 - 378x492 - WARNING - performance_monitor:339 - Error checking alert rule high_process_count: PerformanceMonitor._get_default_alert_rules.<locals>.<lambda>() missing 1 required positional argument: 'm'
Slow request: GET /health took 2.54s
Slow request: GET /health took 2.54s
2025-12-20 13:07:02 - 378x492 - INFO - logging:136 - HTTP request
INFO:     127.0.0.1:51162 - "GET /health HTTP/1.1" 503 Service Unavailable
2025-12-20 13:07:03 - 378x492 - WARNING - performance_monitor:107 - Failed to collect network_connections: (pid=53669)
2025-12-20 13:07:04 - 378x492 - WARNING - performance_monitor:107 - Failed to collect network_connections: (pid=53669)
2025-12-20 13:07:04 - 378x492 - WARNING - performance_monitor:406 - Performance Alert [WARNING]: cpu_percent exceeded threshold: 100.0% > 90%
2025-12-20 13:07:04 - 378x492 - WARNING - performance_monitor:339 - Error checking alert rule high_cpu_usage: PerformanceMonitor._get_default_alert_rules.<locals>.<lambda>() missing 1 required positional argument: 'm'
2025-12-20 13:07:04 - 378x492 - WARNING - performance_monitor:339 - Error checking alert rule high_memory_usage: PerformanceMonitor._get_default_alert_rules.<locals>.<lambda>() missing 1 required positional argument: 'm'
2025-12-20 13:07:04 - 378x492 - WARNING - performance_monitor:339 - Error checking alert rule high_disk_usage: PerformanceMonitor._get_default_alert_rules.<locals>.<lambda>() missing 1 required positional argument: 'm'
2025-12-20 13:07:04 - 378x492 - WARNING - performance_monitor:406 - Performance Alert [WARNING]: Performance monitoring circuit breaker is open
2025-12-20 13:07:04 - 378x492 - WARNING - performance_monitor:339 - Error checking alert rule low_disk_space: PerformanceMonitor._get_default_alert_rules.<locals>.<lambda>() missing 1 required positional argument: 'm'
2025-12-20 13:07:04 - 378x492 - WARNING - performance_monitor:339 - Error checking alert rule high_process_count: PerformanceMonitor._get_default_alert_rules.<locals>.<lambda>() missing 1 required positional argument: 'm'
Slow request: GET /health took 2.53s
Slow request: GET /health took 2.53s
2025-12-20 13:07:04 - 378x492 - INFO - logging:136 - HTTP request
INFO:     127.0.0.1:51176 - "GET /health HTTP/1.1" 200 OK
2025-12-20 13:07:05 - 378x492 - WARNING - performance_monitor:107 - Failed to collect network_connections: (pid=53669)
2025-12-20 13:07:06 - 378x492 - WARNING - performance_monitor:107 - Failed to collect network_connections: (pid=53669)
2025-12-20 13:07:06 - 378x492 - WARNING - performance_monitor:406 - Performance Alert [WARNING]: cpu_percent exceeded threshold: 95.5% > 90%
2025-12-20 13:07:06 - 378x492 - WARNING - performance_monitor:339 - Error checking alert rule high_cpu_usage: PerformanceMonitor._get_default_alert_rules.<locals>.<lambda>() missing 1 required positional argument: 'm'
2025-12-20 13:07:06 - 378x492 - WARNING - performance_monitor:339 - Error checking alert rule high_memory_usage: PerformanceMonitor._get_default_alert_rules.<locals>.<lambda>() missing 1 required positional argument: 'm'
2025-12-20 13:07:06 - 378x492 - WARNING - performance_monitor:339 - Error checking alert rule high_disk_usage: PerformanceMonitor._get_default_alert_rules.<locals>.<lambda>() missing 1 required positional argument: 'm'
2025-12-20 13:07:06 - 378x492 - WARNING - performance_monitor:406 - Performance Alert [WARNING]: Performance monitoring circuit breaker is open
2025-12-20 13:07:06 - 378x492 - WARNING - performance_monitor:339 - Error checking alert rule low_disk_space: PerformanceMonitor._get_default_alert_rules.<locals>.<lambda>() missing 1 required positional argument: 'm'
2025-12-20 13:07:06 - 378x492 - WARNING - performance_monitor:339 - Error checking alert rule high_process_count: PerformanceMonitor._get_default_alert_rules.<locals>.<lambda>() missing 1 required positional argument: 'm'
Slow request: GET /health took 2.53s
Slow request: GET /health took 2.53s
2025-12-20 13:07:07 - 378x492 - INFO - logging:136 - HTTP request
INFO:     127.0.0.1:51177 - "GET /health HTTP/1.1" 200 OK
2025-12-20 13:07:08 - 378x492 - WARNING - performance_monitor:107 - Failed to collect network_connections: (pid=53669)
2025-12-20 13:07:09 - 378x492 - WARNING - performance_monitor:107 - Failed to collect network_connections: (pid=53669)
2025-12-20 13:07:09 - 378x492 - WARNING - performance_monitor:406 - Performance Alert [WARNING]: cpu_percent exceeded threshold: 100.0% > 90%
2025-12-20 13:07:09 - 378x492 - WARNING - performance_monitor:339 - Error checking alert rule high_cpu_usage: PerformanceMonitor._get_default_alert_rules.<locals>.<lambda>() missing 1 required positional argument: 'm'
2025-12-20 13:07:09 - 378x492 - WARNING - performance_monitor:339 - Error checking alert rule high_memory_usage: PerformanceMonitor._get_default_alert_rules.<locals>.<lambda>() missing 1 required positional argument: 'm'
2025-12-20 13:07:09 - 378x492 - WARNING - performance_monitor:339 - Error checking alert rule high_disk_usage: PerformanceMonitor._get_default_alert_rules.<locals>.<lambda>() missing 1 required positional argument: 'm'
2025-12-20 13:07:09 - 378x492 - WARNING - performance_monitor:406 - Performance Alert [WARNING]: Performance monitoring circuit breaker is open
2025-12-20 13:07:09 - 378x492 - WARNING - performance_monitor:339 - Error checking alert rule low_disk_space: PerformanceMonitor._get_default_alert_rules.<locals>.<lambda>() missing 1 required positional argument: 'm'
2025-12-20 13:07:09 - 378x492 - WARNING - performance_monitor:339 - Error checking alert rule high_process_count: PerformanceMonitor._get_default_alert_rules.<locals>.<lambda>() missing 1 required positional argument: 'm'
Slow request: GET /health took 2.52s
Slow request: GET /health took 2.52s
2025-12-20 13:07:10 - 378x492 - INFO - logging:136 - HTTP request
INFO:     127.0.0.1:51179 - "GET /health HTTP/1.1" 503 Service Unavailable
2025-12-20 13:07:11 - 378x492 - WARNING - performance_monitor:107 - Failed to collect network_connections: (pid=53669)
2025-12-20 13:07:12 - 378x492 - WARNING - performance_monitor:107 - Failed to collect network_connections: (pid=53669)
2025-12-20 13:07:12 - 378x492 - WARNING - performance_monitor:339 - Error checking alert rule high_cpu_usage: PerformanceMonitor._get_default_alert_rules.<locals>.<lambda>() missing 1 required positional argument: 'm'
2025-12-20 13:07:12 - 378x492 - WARNING - performance_monitor:339 - Error checking alert rule high_memory_usage: PerformanceMonitor._get_default_alert_rules.<locals>.<lambda>() missing 1 required positional argument: 'm'
2025-12-20 13:07:12 - 378x492 - WARNING - performance_monitor:339 - Error checking alert rule high_disk_usage: PerformanceMonitor._get_default_alert_rules.<locals>.<lambda>() missing 1 required positional argument: 'm'
2025-12-20 13:07:12 - 378x492 - WARNING - performance_monitor:406 - Performance Alert [WARNING]: Performance monitoring circuit breaker is open
2025-12-20 13:07:12 - 378x492 - WARNING - performance_monitor:339 - Error checking alert rule low_disk_space: PerformanceMonitor._get_default_alert_rules.<locals>.<lambda>() missing 1 required positional argument: 'm'
2025-12-20 13:07:12 - 378x492 - WARNING - performance_monitor:339 - Error checking alert rule high_process_count: PerformanceMonitor._get_default_alert_rules.<locals>.<lambda>() missing 1 required positional argument: 'm'
Slow request: GET /health took 2.52s
Slow request: GET /health took 2.52s
2025-12-20 13:07:12 - 378x492 - INFO - logging:136 - HTTP request
INFO:     127.0.0.1:51180 - "GET /health HTTP/1.1" 503 Service Unavailable
2025-12-20 13:07:13 - 378x492 - WARNING - performance_monitor:107 - Failed to collect network_connections: (pid=53669)
2025-12-20 13:07:14 - 378x492 - WARNING - performance_monitor:107 - Failed to collect network_connections: (pid=54435)
2025-12-20 13:07:14 - 378x492 - WARNING - performance_monitor:406 - Performance Alert [WARNING]: cpu_percent exceeded threshold: 99.5% > 90%
2025-12-20 13:07:14 - 378x492 - WARNING - performance_monitor:339 - Error checking alert rule high_cpu_usage: PerformanceMonitor._get_default_alert_rules.<locals>.<lambda>() missing 1 required positional argument: 'm'
2025-12-20 13:07:14 - 378x492 - WARNING - performance_monitor:339 - Error checking alert rule high_memory_usage: PerformanceMonitor._get_default_alert_rules.<locals>.<lambda>() missing 1 required positional argument: 'm'
2025-12-20 13:07:14 - 378x492 - WARNING - performance_monitor:339 - Error checking alert rule high_disk_usage: PerformanceMonitor._get_default_alert_rules.<locals>.<lambda>() missing 1 required positional argument: 'm'
2025-12-20 13:07:14 - 378x492 - WARNING - performance_monitor:406 - Performance Alert [WARNING]: Performance monitoring circuit breaker is open
2025-12-20 13:07:14 - 378x492 - WARNING - performance_monitor:339 - Error checking alert rule low_disk_space: PerformanceMonitor._get_default_alert_rules.<locals>.<lambda>() missing 1 required positional argument: 'm'
2025-12-20 13:07:14 - 378x492 - WARNING - performance_monitor:339 - Error checking alert rule high_process_count: PerformanceMonitor._get_default_alert_rules.<locals>.<lambda>() missing 1 required positional argument: 'm'
Slow request: GET /health took 2.53s
Slow request: GET /health took 2.53s
2025-12-20 13:07:15 - 378x492 - INFO - logging:136 - HTTP request
INFO:     127.0.0.1:51195 - "GET /health HTTP/1.1" 200 OK
2025-12-20 13:07:16 - 378x492 - WARNING - performance_monitor:107 - Failed to collect network_connections: (pid=54435)
2025-12-20 13:07:17 - 378x492 - WARNING - performance_monitor:107 - Failed to collect network_connections: (pid=54435)
2025-12-20 13:07:17 - 378x492 - WARNING - performance_monitor:406 - Performance Alert [WARNING]: cpu_percent exceeded threshold: 95.0% > 90%
2025-12-20 13:07:17 - 378x492 - WARNING - performance_monitor:339 - Error checking alert rule high_cpu_usage: PerformanceMonitor._get_default_alert_rules.<locals>.<lambda>() missing 1 required positional argument: 'm'
2025-12-20 13:07:17 - 378x492 - WARNING - performance_monitor:339 - Error checking alert rule high_memory_usage: PerformanceMonitor._get_default_alert_rules.<locals>.<lambda>() missing 1 required positional argument: 'm'
2025-12-20 13:07:17 - 378x492 - WARNING - performance_monitor:339 - Error checking alert rule high_disk_usage: PerformanceMonitor._get_default_alert_rules.<locals>.<lambda>() missing 1 required positional argument: 'm'
2025-12-20 13:07:17 - 378x492 - WARNING - performance_monitor:406 - Performance Alert [WARNING]: Performance monitoring circuit breaker is open
2025-12-20 13:07:17 - 378x492 - WARNING - performance_monitor:339 - Error checking alert rule low_disk_space: PerformanceMonitor._get_default_alert_rules.<locals>.<lambda>() missing 1 required positional argument: 'm'
2025-12-20 13:07:17 - 378x492 - WARNING - performance_monitor:339 - Error checking alert rule high_process_count: PerformanceMonitor._get_default_alert_rules.<locals>.<lambda>() missing 1 required positional argument: 'm'
Slow request: GET /health took 2.52s
Slow request: GET /health took 2.52s
2025-12-20 13:07:18 - 378x492 - INFO - logging:136 - HTTP request
INFO:     127.0.0.1:51202 - "GET /health HTTP/1.1" 200 OK
2025-12-20 13:07:19 - 378x492 - WARNING - performance_monitor:107 - Failed to collect network_connections: (pid=54435)
2025-12-20 13:07:20 - 378x492 - WARNING - performance_monitor:107 - Failed to collect network_connections: (pid=54435)
2025-12-20 13:07:20 - 378x492 - WARNING - performance_monitor:406 - Performance Alert [WARNING]: cpu_percent exceeded threshold: 100.0% > 90%
2025-12-20 13:07:20 - 378x492 - WARNING - performance_monitor:339 - Error checking alert rule high_cpu_usage: PerformanceMonitor._get_default_alert_rules.<locals>.<lambda>() missing 1 required positional argument: 'm'
2025-12-20 13:07:20 - 378x492 - WARNING - performance_monitor:339 - Error checking alert rule high_memory_usage: PerformanceMonitor._get_default_alert_rules.<locals>.<lambda>() missing 1 required positional argument: 'm'
2025-12-20 13:07:20 - 378x492 - WARNING - performance_monitor:339 - Error checking alert rule high_disk_usage: PerformanceMonitor._get_default_alert_rules.<locals>.<lambda>() missing 1 required positional argument: 'm'
2025-12-20 13:07:20 - 378x492 - WARNING - performance_monitor:406 - Performance Alert [WARNING]: Performance monitoring circuit breaker is open
2025-12-20 13:07:20 - 378x492 - WARNING - performance_monitor:339 - Error checking alert rule low_disk_space: PerformanceMonitor._get_default_alert_rules.<locals>.<lambda>() missing 1 required positional argument: 'm'
2025-12-20 13:07:20 - 378x492 - WARNING - performance_monitor:339 - Error checking alert rule high_process_count: PerformanceMonitor._get_default_alert_rules.<locals>.<lambda>() missing 1 required positional argument: 'm'
2025-12-20 13:07:21 - 378x492 - WARNING - performance_monitor:107 - Failed to collect network_connections: (pid=54435)
2025-12-20 13:07:22 - 378x492 - WARNING - performance_monitor:107 - Failed to collect network_connections: (pid=54435)
2025-12-20 13:07:22 - 378x492 - WARNING - performance_monitor:406 - Performance Alert [WARNING]: cpu_percent exceeded threshold: 92.6% > 90%
2025-12-20 13:07:22 - 378x492 - WARNING - performance_monitor:339 - Error checking alert rule high_cpu_usage: PerformanceMonitor._get_default_alert_rules.<locals>.<lambda>() missing 1 required positional argument: 'm'
2025-12-20 13:07:22 - 378x492 - WARNING - performance_monitor:339 - Error checking alert rule high_memory_usage: PerformanceMonitor._get_default_alert_rules.<locals>.<lambda>() missing 1 required positional argument: 'm'
2025-12-20 13:07:22 - 378x492 - WARNING - performance_monitor:339 - Error checking alert rule high_disk_usage: PerformanceMonitor._get_default_alert_rules.<locals>.<lambda>() missing 1 required positional argument: 'm'
2025-12-20 13:07:22 - 378x492 - WARNING - performance_monitor:406 - Performance Alert [WARNING]: Performance monitoring circuit breaker is open
2025-12-20 13:07:22 - 378x492 - WARNING - performance_monitor:339 - Error checking alert rule low_disk_space: PerformanceMonitor._get_default_alert_rules.<locals>.<lambda>() missing 1 required positional argument: 'm'
2025-12-20 13:07:22 - 378x492 - WARNING - performance_monitor:339 - Error checking alert rule high_process_count: PerformanceMonitor._get_default_alert_rules.<locals>.<lambda>() missing 1 required positional argument: 'm'
Slow request: GET /health took 5.07s
Slow request: GET /health took 5.07s
2025-12-20 13:07:23 - 378x492 - INFO - logging:136 - HTTP request
2025-12-20 13:07:24 - 378x492 - WARNING - performance_monitor:107 - Failed to collect network_connections: (pid=54435)
2025-12-20 13:07:25 - 378x492 - WARNING - performance_monitor:107 - Failed to collect network_connections: (pid=54435)
2025-12-20 13:07:25 - 378x492 - WARNING - performance_monitor:406 - Performance Alert [WARNING]: cpu_percent exceeded threshold: 100.0% > 90%
2025-12-20 13:07:25 - 378x492 - WARNING - performance_monitor:339 - Error checking alert rule high_cpu_usage: PerformanceMonitor._get_default_alert_rules.<locals>.<lambda>() missing 1 required positional argument: 'm'
2025-12-20 13:07:25 - 378x492 - WARNING - performance_monitor:339 - Error checking alert rule high_memory_usage: PerformanceMonitor._get_default_alert_rules.<locals>.<lambda>() missing 1 required positional argument: 'm'
2025-12-20 13:07:25 - 378x492 - WARNING - performance_monitor:339 - Error checking alert rule high_disk_usage: PerformanceMonitor._get_default_alert_rules.<locals>.<lambda>() missing 1 required positional argument: 'm'
2025-12-20 13:07:25 - 378x492 - WARNING - performance_monitor:406 - Performance Alert [WARNING]: Performance monitoring circuit breaker is open
2025-12-20 13:07:25 - 378x492 - WARNING - performance_monitor:339 - Error checking alert rule low_disk_space: PerformanceMonitor._get_default_alert_rules.<locals>.<lambda>() missing 1 required positional argument: 'm'
2025-12-20 13:07:25 - 378x492 - WARNING - performance_monitor:339 - Error checking alert rule high_process_count: PerformanceMonitor._get_default_alert_rules.<locals>.<lambda>() missing 1 required positional argument: 'm'
Slow request: GET /health took 2.54s
Slow request: GET /health took 2.54s
2025-12-20 13:07:25 - 378x492 - INFO - logging:136 - HTTP request
INFO:     127.0.0.1:51214 - "GET /health HTTP/1.1" 200 OK
2025-12-20 13:07:26 - 378x492 - WARNING - performance_monitor:107 - Failed to collect network_connections: (pid=54435)
2025-12-20 13:07:27 - 378x492 - WARNING - performance_monitor:107 - Failed to collect network_connections: (pid=54435)
2025-12-20 13:07:27 - 378x492 - WARNING - performance_monitor:406 - Performance Alert [WARNING]: cpu_percent exceeded threshold: 98.8% > 90%
2025-12-20 13:07:27 - 378x492 - WARNING - performance_monitor:339 - Error checking alert rule high_cpu_usage: PerformanceMonitor._get_default_alert_rules.<locals>.<lambda>() missing 1 required positional argument: 'm'
2025-12-20 13:07:27 - 378x492 - WARNING - performance_monitor:339 - Error checking alert rule high_memory_usage: PerformanceMonitor._get_default_alert_rules.<locals>.<lambda>() missing 1 required positional argument: 'm'
2025-12-20 13:07:27 - 378x492 - WARNING - performance_monitor:339 - Error checking alert rule high_disk_usage: PerformanceMonitor._get_default_alert_rules.<locals>.<lambda>() missing 1 required positional argument: 'm'
2025-12-20 13:07:27 - 378x492 - WARNING - performance_monitor:406 - Performance Alert [WARNING]: Performance monitoring circuit breaker is open
2025-12-20 13:07:27 - 378x492 - WARNING - performance_monitor:339 - Error checking alert rule low_disk_space: PerformanceMonitor._get_default_alert_rules.<locals>.<lambda>() missing 1 required positional argument: 'm'
2025-12-20 13:07:27 - 378x492 - WARNING - performance_monitor:339 - Error checking alert rule high_process_count: PerformanceMonitor._get_default_alert_rules.<locals>.<lambda>() missing 1 required positional argument: 'm'
Slow request: GET /health took 2.53s
Slow request: GET /health took 2.53s
2025-12-20 13:07:28 - 378x492 - INFO - logging:136 - HTTP request
INFO:     127.0.0.1:51223 - "GET /health HTTP/1.1" 200 OK
2025-12-20 13:07:28 - 378x492 - DEBUG - rate_limiting:203 - Rate limit check passed
2025-12-20 13:07:28 - 378x492 - INFO - logging:136 - HTTP request
INFO:     127.0.0.1:51227 - "GET /api/v1/collaboration/stats HTTP/1.1" 200 OK
2025-12-20 13:07:28 - 378x492 - INFO - logging:136 - HTTP request
INFO:     127.0.0.1:51228 - "GET /metrics HTTP/1.1" 200 OK
2025-12-20 13:07:29 - 378x492 - WARNING - performance_monitor:107 - Failed to collect network_connections: (pid=54435)
2025-12-20 13:07:30 - 378x492 - WARNING - performance_monitor:107 - Failed to collect network_connections: (pid=54435)
2025-12-20 13:07:30 - 378x492 - WARNING - performance_monitor:406 - Performance Alert [WARNING]: cpu_percent exceeded threshold: 98.7% > 90%
2025-12-20 13:07:30 - 378x492 - WARNING - performance_monitor:339 - Error checking alert rule high_cpu_usage: PerformanceMonitor._get_default_alert_rules.<locals>.<lambda>() missing 1 required positional argument: 'm'
2025-12-20 13:07:30 - 378x492 - WARNING - performance_monitor:339 - Error checking alert rule high_memory_usage: PerformanceMonitor._get_default_alert_rules.<locals>.<lambda>() missing 1 required positional argument: 'm'
2025-12-20 13:07:30 - 378x492 - WARNING - performance_monitor:339 - Error checking alert rule high_disk_usage: PerformanceMonitor._get_default_alert_rules.<locals>.<lambda>() missing 1 required positional argument: 'm'
2025-12-20 13:07:30 - 378x492 - WARNING - performance_monitor:406 - Performance Alert [WARNING]: Performance monitoring circuit breaker is open
2025-12-20 13:07:30 - 378x492 - WARNING - performance_monitor:339 - Error checking alert rule low_disk_space: PerformanceMonitor._get_default_alert_rules.<locals>.<lambda>() missing 1 required positional argument: 'm'
2025-12-20 13:07:30 - 378x492 - WARNING - performance_monitor:339 - Error checking alert rule high_process_count: PerformanceMonitor._get_default_alert_rules.<locals>.<lambda>() missing 1 required positional argument: 'm'
2025-12-20 13:07:32 - 378x492 - WARNING - performance_monitor:107 - Failed to collect network_connections: (pid=54435)
2025-12-20 13:07:33 - 378x492 - WARNING - performance_monitor:107 - Failed to collect network_connections: (pid=54435)
2025-12-20 13:07:33 - 378x492 - WARNING - performance_monitor:406 - Performance Alert [WARNING]: cpu_percent exceeded threshold: 97.8% > 90%
2025-12-20 13:07:33 - 378x492 - WARNING - performance_monitor:339 - Error checking alert rule high_cpu_usage: PerformanceMonitor._get_default_alert_rules.<locals>.<lambda>() missing 1 required positional argument: 'm'
2025-12-20 13:07:33 - 378x492 - WARNING - performance_monitor:339 - Error checking alert rule high_memory_usage: PerformanceMonitor._get_default_alert_rules.<locals>.<lambda>() missing 1 required positional argument: 'm'
2025-12-20 13:07:33 - 378x492 - WARNING - performance_monitor:339 - Error checking alert rule high_disk_usage: PerformanceMonitor._get_default_alert_rules.<locals>.<lambda>() missing 1 required positional argument: 'm'
2025-12-20 13:07:33 - 378x492 - WARNING - performance_monitor:406 - Performance Alert [WARNING]: Performance monitoring circuit breaker is open
2025-12-20 13:07:33 - 378x492 - WARNING - performance_monitor:339 - Error checking alert rule low_disk_space: PerformanceMonitor._get_default_alert_rules.<locals>.<lambda>() missing 1 required positional argument: 'm'
2025-12-20 13:07:33 - 378x492 - WARNING - performance_monitor:339 - Error checking alert rule high_process_count: PerformanceMonitor._get_default_alert_rules.<locals>.<lambda>() missing 1 required positional argument: 'm'
2025-12-20 13:07:34 - 378x492 - WARNING - performance_monitor:107 - Failed to collect network_connections: (pid=55884)
2025-12-20 13:07:35 - 378x492 - WARNING - performance_monitor:107 - Failed to collect network_connections: (pid=55884)
2025-12-20 13:07:35 - 378x492 - WARNING - performance_monitor:406 - Performance Alert [WARNING]: cpu_percent exceeded threshold: 100.0% > 90%
2025-12-20 13:07:35 - 378x492 - WARNING - performance_monitor:339 - Error checking alert rule high_cpu_usage: PerformanceMonitor._get_default_alert_rules.<locals>.<lambda>() missing 1 required positional argument: 'm'
2025-12-20 13:07:35 - 378x492 - WARNING - performance_monitor:339 - Error checking alert rule high_memory_usage: PerformanceMonitor._get_default_alert_rules.<locals>.<lambda>() missing 1 required positional argument: 'm'
2025-12-20 13:07:35 - 378x492 - WARNING - performance_monitor:339 - Error checking alert rule high_disk_usage: PerformanceMonitor._get_default_alert_rules.<locals>.<lambda>() missing 1 required positional argument: 'm'
2025-12-20 13:07:35 - 378x492 - WARNING - performance_monitor:406 - Performance Alert [WARNING]: Performance monitoring circuit breaker is open
2025-12-20 13:07:35 - 378x492 - WARNING - performance_monitor:339 - Error checking alert rule low_disk_space: PerformanceMonitor._get_default_alert_rules.<locals>.<lambda>() missing 1 required positional argument: 'm'
2025-12-20 13:07:35 - 378x492 - WARNING - performance_monitor:339 - Error checking alert rule high_process_count: PerformanceMonitor._get_default_alert_rules.<locals>.<lambda>() missing 1 required positional argument: 'm'
2025-12-20 13:07:37 - 378x492 - WARNING - performance_monitor:107 - Failed to collect network_connections: (pid=55884)
2025-12-20 13:07:38 - 378x492 - WARNING - performance_monitor:107 - Failed to collect network_connections: (pid=55884)
2025-12-20 13:07:38 - 378x492 - WARNING - performance_monitor:406 - Performance Alert [WARNING]: cpu_percent exceeded threshold: 100.0% > 90%
2025-12-20 13:07:38 - 378x492 - WARNING - performance_monitor:339 - Error checking alert rule high_cpu_usage: PerformanceMonitor._get_default_alert_rules.<locals>.<lambda>() missing 1 required positional argument: 'm'
2025-12-20 13:07:38 - 378x492 - WARNING - performance_monitor:339 - Error checking alert rule high_memory_usage: PerformanceMonitor._get_default_alert_rules.<locals>.<lambda>() missing 1 required positional argument: 'm'
2025-12-20 13:07:38 - 378x492 - WARNING - performance_monitor:339 - Error checking alert rule high_disk_usage: PerformanceMonitor._get_default_alert_rules.<locals>.<lambda>() missing 1 required positional argument: 'm'
2025-12-20 13:07:38 - 378x492 - WARNING - performance_monitor:406 - Performance Alert [WARNING]: Performance monitoring circuit breaker is open
2025-12-20 13:07:38 - 378x492 - WARNING - performance_monitor:339 - Error checking alert rule low_disk_space: PerformanceMonitor._get_default_alert_rules.<locals>.<lambda>() missing 1 required positional argument: 'm'
2025-12-20 13:07:38 - 378x492 - WARNING - performance_monitor:339 - Error checking alert rule high_process_count: PerformanceMonitor._get_default_alert_rules.<locals>.<lambda>() missing 1 required positional argument: 'm'
2025-12-20 13:07:39 - 378x492 - WARNING - performance_monitor:107 - Failed to collect network_connections: (pid=55884)
2025-12-20 13:07:40 - 378x492 - WARNING - performance_monitor:107 - Failed to collect network_connections: (pid=55884)
2025-12-20 13:07:40 - 378x492 - WARNING - performance_monitor:406 - Performance Alert [WARNING]: cpu_percent exceeded threshold: 98.2% > 90%
2025-12-20 13:07:40 - 378x492 - WARNING - performance_monitor:339 - Error checking alert rule high_cpu_usage: PerformanceMonitor._get_default_alert_rules.<locals>.<lambda>() missing 1 required positional argument: 'm'
2025-12-20 13:07:40 - 378x492 - WARNING - performance_monitor:339 - Error checking alert rule high_memory_usage: PerformanceMonitor._get_default_alert_rules.<locals>.<lambda>() missing 1 required positional argument: 'm'
2025-12-20 13:07:40 - 378x492 - WARNING - performance_monitor:339 - Error checking alert rule high_disk_usage: PerformanceMonitor._get_default_alert_rules.<locals>.<lambda>() missing 1 required positional argument: 'm'
2025-12-20 13:07:40 - 378x492 - WARNING - performance_monitor:406 - Performance Alert [WARNING]: Performance monitoring circuit breaker is open
2025-12-20 13:07:40 - 378x492 - WARNING - performance_monitor:339 - Error checking alert rule low_disk_space: PerformanceMonitor._get_default_alert_rules.<locals>.<lambda>() missing 1 required positional argument: 'm'
2025-12-20 13:07:40 - 378x492 - WARNING - performance_monitor:339 - Error checking alert rule high_process_count: PerformanceMonitor._get_default_alert_rules.<locals>.<lambda>() missing 1 required positional argument: 'm'
2025-12-20 13:07:42 - 378x492 - WARNING - performance_monitor:107 - Failed to collect network_connections: (pid=55884)
2025-12-20 13:07:43 - 378x492 - WARNING - performance_monitor:107 - Failed to collect network_connections: (pid=55884)
2025-12-20 13:07:43 - 378x492 - WARNING - performance_monitor:406 - Performance Alert [WARNING]: cpu_percent exceeded threshold: 98.3% > 90%
2025-12-20 13:07:43 - 378x492 - WARNING - performance_monitor:339 - Error checking alert rule high_cpu_usage: PerformanceMonitor._get_default_alert_rules.<locals>.<lambda>() missing 1 required positional argument: 'm'
2025-12-20 13:07:43 - 378x492 - WARNING - performance_monitor:339 - Error checking alert rule high_memory_usage: PerformanceMonitor._get_default_alert_rules.<locals>.<lambda>() missing 1 required positional argument: 'm'
2025-12-20 13:07:43 - 378x492 - WARNING - performance_monitor:339 - Error checking alert rule high_disk_usage: PerformanceMonitor._get_default_alert_rules.<locals>.<lambda>() missing 1 required positional argument: 'm'
2025-12-20 13:07:43 - 378x492 - WARNING - performance_monitor:406 - Performance Alert [WARNING]: Performance monitoring circuit breaker is open
2025-12-20 13:07:43 - 378x492 - WARNING - performance_monitor:339 - Error checking alert rule low_disk_space: PerformanceMonitor._get_default_alert_rules.<locals>.<lambda>() missing 1 required positional argument: 'm'
2025-12-20 13:07:43 - 378x492 - WARNING - performance_monitor:339 - Error checking alert rule high_process_count: PerformanceMonitor._get_default_alert_rules.<locals>.<lambda>() missing 1 required positional argument: 'm'
Slow request: GET /health took 15.14s
2025-12-20 13:07:44 - 378x492 - WARNING - performance_monitor:107 - Failed to collect network_connections: (pid=55884)
2025-12-20 13:07:45 - 378x492 - WARNING - performance_monitor:107 - Failed to collect network_connections: (pid=55884)
2025-12-20 13:07:45 - 378x492 - WARNING - performance_monitor:406 - Performance Alert [WARNING]: cpu_percent exceeded threshold: 97.0% > 90%
2025-12-20 13:07:45 - 378x492 - WARNING - performance_monitor:339 - Error checking alert rule high_cpu_usage: PerformanceMonitor._get_default_alert_rules.<locals>.<lambda>() missing 1 required positional argument: 'm'
2025-12-20 13:07:45 - 378x492 - WARNING - performance_monitor:339 - Error checking alert rule high_memory_usage: PerformanceMonitor._get_default_alert_rules.<locals>.<lambda>() missing 1 required positional argument: 'm'
2025-12-20 13:07:45 - 378x492 - WARNING - performance_monitor:339 - Error checking alert rule high_disk_usage: PerformanceMonitor._get_default_alert_rules.<locals>.<lambda>() missing 1 required positional argument: 'm'
2025-12-20 13:07:45 - 378x492 - WARNING - performance_monitor:406 - Performance Alert [WARNING]: Performance monitoring circuit breaker is open
2025-12-20 13:07:45 - 378x492 - WARNING - performance_monitor:339 - Error checking alert rule low_disk_space: PerformanceMonitor._get_default_alert_rules.<locals>.<lambda>() missing 1 required positional argument: 'm'
2025-12-20 13:07:45 - 378x492 - WARNING - performance_monitor:339 - Error checking alert rule high_process_count: PerformanceMonitor._get_default_alert_rules.<locals>.<lambda>() missing 1 required positional argument: 'm'
Slow request: GET /health took 17.72s
2025-12-20 13:07:47 - 378x492 - WARNING - performance_monitor:107 - Failed to collect network_connections: (pid=55884)
2025-12-20 13:07:48 - 378x492 - WARNING - performance_monitor:107 - Failed to collect network_connections: (pid=55884)
2025-12-20 13:07:48 - 378x492 - WARNING - performance_monitor:406 - Performance Alert [WARNING]: cpu_percent exceeded threshold: 100.0% > 90%
2025-12-20 13:07:48 - 378x492 - WARNING - performance_monitor:339 - Error checking alert rule high_cpu_usage: PerformanceMonitor._get_default_alert_rules.<locals>.<lambda>() missing 1 required positional argument: 'm'
2025-12-20 13:07:48 - 378x492 - WARNING - performance_monitor:339 - Error checking alert rule high_memory_usage: PerformanceMonitor._get_default_alert_rules.<locals>.<lambda>() missing 1 required positional argument: 'm'
2025-12-20 13:07:48 - 378x492 - WARNING - performance_monitor:339 - Error checking alert rule high_disk_usage: PerformanceMonitor._get_default_alert_rules.<locals>.<lambda>() missing 1 required positional argument: 'm'
2025-12-20 13:07:48 - 378x492 - WARNING - performance_monitor:406 - Performance Alert [WARNING]: Performance monitoring circuit breaker is open
2025-12-20 13:07:48 - 378x492 - WARNING - performance_monitor:339 - Error checking alert rule low_disk_space: PerformanceMonitor._get_default_alert_rules.<locals>.<lambda>() missing 1 required positional argument: 'm'
2025-12-20 13:07:48 - 378x492 - WARNING - performance_monitor:339 - Error checking alert rule high_process_count: PerformanceMonitor._get_default_alert_rules.<locals>.<lambda>() missing 1 required positional argument: 'm'
Slow request: GET /health took 20.23s
Slow request: GET /health took 17.71s
Slow request: GET /health took 15.20s
Slow request: GET /health took 12.67s
Slow request: GET /health took 10.15s
Slow request: GET /health took 7.62s
Slow request: GET /health took 20.24s
Slow request: GET /health took 20.24s
Slow request: GET /health took 17.72s
Slow request: GET /health took 15.21s
Slow request: GET /health took 12.68s
Slow request: GET /health took 10.16s
Slow request: GET /health took 7.64s
Slow request: GET /health took 5.12s
2025-12-20 13:07:48 - 378x492 - INFO - logging:136 - HTTP request
2025-12-20 13:07:48 - 378x492 - INFO - logging:136 - HTTP request
2025-12-20 13:07:48 - 378x492 - INFO - logging:136 - HTTP request
2025-12-20 13:07:48 - 378x492 - INFO - logging:136 - HTTP request
2025-12-20 13:07:48 - 378x492 - INFO - logging:136 - HTTP request
2025-12-20 13:07:48 - 378x492 - INFO - logging:136 - HTTP request
2025-12-20 13:07:48 - 378x492 - INFO - logging:136 - HTTP request
2025-12-20 13:07:48 - 378x492 - INFO - logging:136 - HTTP request
2025-12-20 13:07:50 - 378x492 - WARNING - performance_monitor:107 - Failed to collect network_connections: (pid=55884)
2025-12-20 13:07:51 - 378x492 - WARNING - performance_monitor:107 - Failed to collect network_connections: (pid=55884)
2025-12-20 13:07:51 - 378x492 - WARNING - performance_monitor:406 - Performance Alert [WARNING]: cpu_percent exceeded threshold: 100.0% > 90%
2025-12-20 13:07:51 - 378x492 - WARNING - performance_monitor:339 - Error checking alert rule high_cpu_usage: PerformanceMonitor._get_default_alert_rules.<locals>.<lambda>() missing 1 required positional argument: 'm'
2025-12-20 13:07:51 - 378x492 - WARNING - performance_monitor:339 - Error checking alert rule high_memory_usage: PerformanceMonitor._get_default_alert_rules.<locals>.<lambda>() missing 1 required positional argument: 'm'
2025-12-20 13:07:51 - 378x492 - WARNING - performance_monitor:339 - Error checking alert rule high_disk_usage: PerformanceMonitor._get_default_alert_rules.<locals>.<lambda>() missing 1 required positional argument: 'm'
2025-12-20 13:07:51 - 378x492 - WARNING - performance_monitor:406 - Performance Alert [WARNING]: Performance monitoring circuit breaker is open
2025-12-20 13:07:51 - 378x492 - WARNING - performance_monitor:339 - Error checking alert rule low_disk_space: PerformanceMonitor._get_default_alert_rules.<locals>.<lambda>() missing 1 required positional argument: 'm'
2025-12-20 13:07:51 - 378x492 - WARNING - performance_monitor:339 - Error checking alert rule high_process_count: PerformanceMonitor._get_default_alert_rules.<locals>.<lambda>() missing 1 required positional argument: 'm'
Slow request: GET /health took 2.52s
Slow request: GET /health took 2.52s
2025-12-20 13:07:52 - 378x492 - INFO - logging:136 - HTTP request
INFO:     127.0.0.1:51252 - "GET /health HTTP/1.1" 503 Service Unavailable
2025-12-20 13:07:52 - 378x492 - INFO - logging:136 - HTTP request
INFO:     127.0.0.1:51253 - "GET /health/ready HTTP/1.1" 200 OK
2025-12-20 13:07:52 - 378x492 - INFO - logging:136 - HTTP request
INFO:     127.0.0.1:51254 - "GET /health/live HTTP/1.1" 200 OK
2025-12-20 13:07:53 - 378x492 - WARNING - performance_monitor:107 - Failed to collect network_connections: (pid=55884)
2025-12-20 13:07:54 - 378x492 - WARNING - performance_monitor:107 - Failed to collect network_connections: (pid=55884)
2025-12-20 13:07:54 - 378x492 - WARNING - performance_monitor:406 - Performance Alert [WARNING]: cpu_percent exceeded threshold: 100.0% > 90%
2025-12-20 13:07:54 - 378x492 - WARNING - performance_monitor:339 - Error checking alert rule high_cpu_usage: PerformanceMonitor._get_default_alert_rules.<locals>.<lambda>() missing 1 required positional argument: 'm'
2025-12-20 13:07:54 - 378x492 - WARNING - performance_monitor:339 - Error checking alert rule high_memory_usage: PerformanceMonitor._get_default_alert_rules.<locals>.<lambda>() missing 1 required positional argument: 'm'
2025-12-20 13:07:54 - 378x492 - WARNING - performance_monitor:339 - Error checking alert rule high_disk_usage: PerformanceMonitor._get_default_alert_rules.<locals>.<lambda>() missing 1 required positional argument: 'm'
2025-12-20 13:07:54 - 378x492 - WARNING - performance_monitor:406 - Performance Alert [WARNING]: Performance monitoring circuit breaker is open
2025-12-20 13:07:54 - 378x492 - WARNING - performance_monitor:339 - Error checking alert rule low_disk_space: PerformanceMonitor._get_default_alert_rules.<locals>.<lambda>() missing 1 required positional argument: 'm'
2025-12-20 13:07:54 - 378x492 - WARNING - performance_monitor:339 - Error checking alert rule high_process_count: PerformanceMonitor._get_default_alert_rules.<locals>.<lambda>() missing 1 required positional argument: 'm'
2025-12-20 13:07:55 - 378x492 - WARNING - performance_monitor:107 - Failed to collect network_connections: (pid=54435)
2025-12-20 13:07:56 - 378x492 - WARNING - performance_monitor:107 - Failed to collect network_connections: (pid=54435)
2025-12-20 13:07:56 - 378x492 - WARNING - performance_monitor:406 - Performance Alert [WARNING]: cpu_percent exceeded threshold: 99.3% > 90%
2025-12-20 13:07:56 - 378x492 - WARNING - performance_monitor:339 - Error checking alert rule high_cpu_usage: PerformanceMonitor._get_default_alert_rules.<locals>.<lambda>() missing 1 required positional argument: 'm'
2025-12-20 13:07:56 - 378x492 - WARNING - performance_monitor:339 - Error checking alert rule high_memory_usage: PerformanceMonitor._get_default_alert_rules.<locals>.<lambda>() missing 1 required positional argument: 'm'
2025-12-20 13:07:56 - 378x492 - WARNING - performance_monitor:339 - Error checking alert rule high_disk_usage: PerformanceMonitor._get_default_alert_rules.<locals>.<lambda>() missing 1 required positional argument: 'm'
2025-12-20 13:07:56 - 378x492 - WARNING - performance_monitor:406 - Performance Alert [WARNING]: Performance monitoring circuit breaker is open
2025-12-20 13:07:56 - 378x492 - WARNING - performance_monitor:339 - Error checking alert rule low_disk_space: PerformanceMonitor._get_default_alert_rules.<locals>.<lambda>() missing 1 required positional argument: 'm'
2025-12-20 13:07:56 - 378x492 - WARNING - performance_monitor:339 - Error checking alert rule high_process_count: PerformanceMonitor._get_default_alert_rules.<locals>.<lambda>() missing 1 required positional argument: 'm'
2025-12-20 13:07:57 - 378x492 - WARNING - proactive_monitoring:281 - 🚨 Proactive Alert [CRITICAL]: Critical health issue detected: System resources critical: {'status': 'critical', 'memory_percent': 75.8, 'cpu_percent': 98.9, 'disk_percent': 3.8, 'issues': ['.1f'], 'recommendations': ['Investigate CPU-intensive processes or consider scaling'], 'thresholds': {'memory_critical': 98, 'memory_degraded': 95, 'cpu_critical': 98, 'cpu_degraded': 90, 'disk_critical': 90}}
2025-12-20 13:07:57 - 378x492 - CRITICAL - proactive_monitoring:298 - 🚨 CRITICAL ALERT: Critical health issue detected: System resources critical: {'status': 'critical', 'memory_percent': 75.8, 'cpu_percent': 98.9, 'disk_percent': 3.8, 'issues': ['.1f'], 'recommendations': ['Investigate CPU-intensive processes or consider scaling'], 'thresholds': {'memory_critical': 98, 'memory_degraded': 95, 'cpu_critical': 98, 'cpu_degraded': 90, 'disk_critical': 90}}
Slow request: GET /health took 5.07s
Slow request: GET /health took 5.08s
2025-12-20 13:07:57 - 378x492 - DEBUG - rate_limiting:203 - Rate limit check passed
2025-12-20 13:07:57 - 378x492 - INFO - logging:136 - HTTP request
2025-12-20 13:07:57 - 378x492 - INFO - logging:136 - HTTP request
INFO:     127.0.0.1:51256 - "GET /api/v1/rules HTTP/1.1" 307 Temporary Redirect
2025-12-20 13:07:57 - 378x492 - INFO - logging:136 - HTTP request
INFO:     127.0.0.1:51257 - "GET /health/ready HTTP/1.1" 200 OK
2025-12-20 13:07:57 - 378x492 - INFO - logging:136 - HTTP request
INFO:     127.0.0.1:51258 - "GET /health/live HTTP/1.1" 200 OK
2025-12-20 13:07:57 - 378x492 - DEBUG - rate_limiting:203 - Rate limit check passed
2025-12-20 13:07:57 - 378x492 - INFO - logging:136 - HTTP request
INFO:     127.0.0.1:51259 - "GET /api/v1/ai/health HTTP/1.1" 200 OK
2025-12-20 13:07:57 - 378x492 - DEBUG - rate_limiting:203 - Rate limit check passed
2025-12-20 13:07:57 - 378x492 - ERROR - logging:167 - Starlette HTTP 404: Not Found
2025-12-20 13:07:57 - 378x492 - INFO - logging:136 - HTTP request
INFO:     127.0.0.1:51260 - "GET /performance/metrics HTTP/1.1" 404 Not Found
2025-12-20 13:07:57 - 378x492 - DEBUG - rate_limiting:203 - Rate limit check passed
2025-12-20 13:07:57 - 378x492 - INFO - logging:136 - HTTP request
INFO:     127.0.0.1:51261 - "GET / HTTP/1.1" 200 OK
2025-12-20 13:07:58 - 378x492 - WARNING - performance_monitor:107 - Failed to collect network_connections: (pid=54435)
2025-12-20 13:07:59 - 378x492 - WARNING - performance_monitor:107 - Failed to collect network_connections: (pid=57937)
2025-12-20 13:07:59 - 378x492 - WARNING - performance_monitor:406 - Performance Alert [WARNING]: cpu_percent exceeded threshold: 100.0% > 90%
2025-12-20 13:07:59 - 378x492 - WARNING - performance_monitor:339 - Error checking alert rule high_cpu_usage: PerformanceMonitor._get_default_alert_rules.<locals>.<lambda>() missing 1 required positional argument: 'm'
2025-12-20 13:07:59 - 378x492 - WARNING - performance_monitor:339 - Error checking alert rule high_memory_usage: PerformanceMonitor._get_default_alert_rules.<locals>.<lambda>() missing 1 required positional argument: 'm'
2025-12-20 13:07:59 - 378x492 - WARNING - performance_monitor:339 - Error checking alert rule high_disk_usage: PerformanceMonitor._get_default_alert_rules.<locals>.<lambda>() missing 1 required positional argument: 'm'
2025-12-20 13:07:59 - 378x492 - WARNING - performance_monitor:406 - Performance Alert [WARNING]: Performance monitoring circuit breaker is open
2025-12-20 13:07:59 - 378x492 - WARNING - performance_monitor:339 - Error checking alert rule low_disk_space: PerformanceMonitor._get_default_alert_rules.<locals>.<lambda>() missing 1 required positional argument: 'm'
2025-12-20 13:07:59 - 378x492 - WARNING - performance_monitor:339 - Error checking alert rule high_process_count: PerformanceMonitor._get_default_alert_rules.<locals>.<lambda>() missing 1 required positional argument: 'm'
Slow request: GET /health took 2.51s
Slow request: GET /health took 2.51s
2025-12-20 13:07:59 - 378x492 - INFO - logging:136 - HTTP request
INFO:     127.0.0.1:51262 - "GET /health HTTP/1.1" 200 OK
2025-12-20 13:07:59 - 378x492 - DEBUG - rate_limiting:203 - Rate limit check passed
2025-12-20 13:07:59 - 378x492 - INFO - logging:136 - HTTP request
INFO:     127.0.0.1:51282 - "GET /api/v1/collaboration/stats HTTP/1.1" 200 OK
2025-12-20 13:08:00 - 378x492 - WARNING - performance_monitor:107 - Failed to collect network_connections: (pid=57937)
2025-12-20 13:08:01 - 378x492 - WARNING - performance_monitor:107 - Failed to collect network_connections: (pid=57937)
2025-12-20 13:08:01 - 378x492 - WARNING - performance_monitor:406 - Performance Alert [WARNING]: cpu_percent exceeded threshold: 99.5% > 90%
2025-12-20 13:08:01 - 378x492 - WARNING - performance_monitor:339 - Error checking alert rule high_cpu_usage: PerformanceMonitor._get_default_alert_rules.<locals>.<lambda>() missing 1 required positional argument: 'm'
2025-12-20 13:08:01 - 378x492 - WARNING - performance_monitor:339 - Error checking alert rule high_memory_usage: PerformanceMonitor._get_default_alert_rules.<locals>.<lambda>() missing 1 required positional argument: 'm'
2025-12-20 13:08:01 - 378x492 - WARNING - performance_monitor:339 - Error checking alert rule high_disk_usage: PerformanceMonitor._get_default_alert_rules.<locals>.<lambda>() missing 1 required positional argument: 'm'
2025-12-20 13:08:01 - 378x492 - WARNING - performance_monitor:406 - Performance Alert [WARNING]: Performance monitoring circuit breaker is open
2025-12-20 13:08:01 - 378x492 - WARNING - performance_monitor:339 - Error checking alert rule low_disk_space: PerformanceMonitor._get_default_alert_rules.<locals>.<lambda>() missing 1 required positional argument: 'm'
2025-12-20 13:08:01 - 378x492 - WARNING - performance_monitor:339 - Error checking alert rule high_process_count: PerformanceMonitor._get_default_alert_rules.<locals>.<lambda>() missing 1 required positional argument: 'm'
Slow request: GET /health took 2.52s
Slow request: GET /health took 2.52s
2025-12-20 13:08:02 - 378x492 - INFO - logging:136 - HTTP request
INFO:     127.0.0.1:51283 - "GET /health HTTP/1.1" 200 OK
2025-12-20 13:08:03 - 378x492 - WARNING - performance_monitor:107 - Failed to collect network_connections: (pid=57937)
2025-12-20 13:08:04 - 378x492 - WARNING - performance_monitor:107 - Failed to collect network_connections: (pid=57937)
2025-12-20 13:08:04 - 378x492 - WARNING - performance_monitor:406 - Performance Alert [WARNING]: cpu_percent exceeded threshold: 99.2% > 90%
2025-12-20 13:08:04 - 378x492 - WARNING - performance_monitor:339 - Error checking alert rule high_cpu_usage: PerformanceMonitor._get_default_alert_rules.<locals>.<lambda>() missing 1 required positional argument: 'm'
2025-12-20 13:08:04 - 378x492 - WARNING - performance_monitor:339 - Error checking alert rule high_memory_usage: PerformanceMonitor._get_default_alert_rules.<locals>.<lambda>() missing 1 required positional argument: 'm'
2025-12-20 13:08:04 - 378x492 - WARNING - performance_monitor:339 - Error checking alert rule high_disk_usage: PerformanceMonitor._get_default_alert_rules.<locals>.<lambda>() missing 1 required positional argument: 'm'
2025-12-20 13:08:04 - 378x492 - WARNING - performance_monitor:406 - Performance Alert [WARNING]: Performance monitoring circuit breaker is open
2025-12-20 13:08:04 - 378x492 - WARNING - performance_monitor:339 - Error checking alert rule low_disk_space: PerformanceMonitor._get_default_alert_rules.<locals>.<lambda>() missing 1 required positional argument: 'm'
2025-12-20 13:08:04 - 378x492 - WARNING - performance_monitor:339 - Error checking alert rule high_process_count: PerformanceMonitor._get_default_alert_rules.<locals>.<lambda>() missing 1 required positional argument: 'm'
Slow request: GET /health took 2.52s
Slow request: GET /health took 2.52s
2025-12-20 13:08:04 - 378x492 - INFO - logging:136 - HTTP request
INFO:     127.0.0.1:51308 - "GET /health HTTP/1.1" 503 Service Unavailable
2025-12-20 13:08:06 - 378x492 - WARNING - performance_monitor:107 - Failed to collect network_connections: (pid=57937)
2025-12-20 13:08:07 - 378x492 - WARNING - performance_monitor:107 - Failed to collect network_connections: (pid=57937)
2025-12-20 13:08:07 - 378x492 - WARNING - performance_monitor:406 - Performance Alert [WARNING]: cpu_percent exceeded threshold: 96.2% > 90%
2025-12-20 13:08:07 - 378x492 - WARNING - performance_monitor:339 - Error checking alert rule high_cpu_usage: PerformanceMonitor._get_default_alert_rules.<locals>.<lambda>() missing 1 required positional argument: 'm'
2025-12-20 13:08:07 - 378x492 - WARNING - performance_monitor:339 - Error checking alert rule high_memory_usage: PerformanceMonitor._get_default_alert_rules.<locals>.<lambda>() missing 1 required positional argument: 'm'
2025-12-20 13:08:07 - 378x492 - WARNING - performance_monitor:339 - Error checking alert rule high_disk_usage: PerformanceMonitor._get_default_alert_rules.<locals>.<lambda>() missing 1 required positional argument: 'm'
2025-12-20 13:08:07 - 378x492 - WARNING - performance_monitor:406 - Performance Alert [WARNING]: Performance monitoring circuit breaker is open
2025-12-20 13:08:07 - 378x492 - WARNING - performance_monitor:339 - Error checking alert rule low_disk_space: PerformanceMonitor._get_default_alert_rules.<locals>.<lambda>() missing 1 required positional argument: 'm'
2025-12-20 13:08:07 - 378x492 - WARNING - performance_monitor:339 - Error checking alert rule high_process_count: PerformanceMonitor._get_default_alert_rules.<locals>.<lambda>() missing 1 required positional argument: 'm'
Slow request: GET /health took 2.52s
Slow request: GET /health took 2.53s
2025-12-20 13:08:07 - 378x492 - INFO - logging:136 - HTTP request
INFO:     127.0.0.1:51309 - "GET /health HTTP/1.1" 200 OK
2025-12-20 13:08:08 - 378x492 - WARNING - performance_monitor:107 - Failed to collect network_connections: (pid=57937)
2025-12-20 13:08:09 - 378x492 - WARNING - performance_monitor:107 - Failed to collect network_connections: (pid=57937)
2025-12-20 13:08:09 - 378x492 - WARNING - performance_monitor:406 - Performance Alert [WARNING]: cpu_percent exceeded threshold: 98.8% > 90%
2025-12-20 13:08:09 - 378x492 - WARNING - performance_monitor:339 - Error checking alert rule high_cpu_usage: PerformanceMonitor._get_default_alert_rules.<locals>.<lambda>() missing 1 required positional argument: 'm'
2025-12-20 13:08:09 - 378x492 - WARNING - performance_monitor:339 - Error checking alert rule high_memory_usage: PerformanceMonitor._get_default_alert_rules.<locals>.<lambda>() missing 1 required positional argument: 'm'
2025-12-20 13:08:09 - 378x492 - WARNING - performance_monitor:339 - Error checking alert rule high_disk_usage: PerformanceMonitor._get_default_alert_rules.<locals>.<lambda>() missing 1 required positional argument: 'm'
2025-12-20 13:08:09 - 378x492 - WARNING - performance_monitor:406 - Performance Alert [WARNING]: Performance monitoring circuit breaker is open
2025-12-20 13:08:09 - 378x492 - WARNING - performance_monitor:339 - Error checking alert rule low_disk_space: PerformanceMonitor._get_default_alert_rules.<locals>.<lambda>() missing 1 required positional argument: 'm'
2025-12-20 13:08:09 - 378x492 - WARNING - performance_monitor:339 - Error checking alert rule high_process_count: PerformanceMonitor._get_default_alert_rules.<locals>.<lambda>() missing 1 required positional argument: 'm'
Slow request: GET /health took 2.52s
Slow request: GET /health took 2.52s
2025-12-20 13:08:10 - 378x492 - INFO - logging:136 - HTTP request
INFO:     127.0.0.1:51314 - "GET /health HTTP/1.1" 200 OK
2025-12-20 13:08:11 - 378x492 - WARNING - performance_monitor:107 - Failed to collect network_connections: (pid=57937)
2025-12-20 13:08:12 - 378x492 - WARNING - performance_monitor:107 - Failed to collect network_connections: (pid=57937)
2025-12-20 13:08:12 - 378x492 - WARNING - performance_monitor:406 - Performance Alert [WARNING]: cpu_percent exceeded threshold: 97.4% > 90%
2025-12-20 13:08:12 - 378x492 - WARNING - performance_monitor:339 - Error checking alert rule high_cpu_usage: PerformanceMonitor._get_default_alert_rules.<locals>.<lambda>() missing 1 required positional argument: 'm'
2025-12-20 13:08:12 - 378x492 - WARNING - performance_monitor:339 - Error checking alert rule high_memory_usage: PerformanceMonitor._get_default_alert_rules.<locals>.<lambda>() missing 1 required positional argument: 'm'
2025-12-20 13:08:12 - 378x492 - WARNING - performance_monitor:339 - Error checking alert rule high_disk_usage: PerformanceMonitor._get_default_alert_rules.<locals>.<lambda>() missing 1 required positional argument: 'm'
2025-12-20 13:08:12 - 378x492 - WARNING - performance_monitor:406 - Performance Alert [WARNING]: Performance monitoring circuit breaker is open
2025-12-20 13:08:12 - 378x492 - WARNING - performance_monitor:339 - Error checking alert rule low_disk_space: PerformanceMonitor._get_default_alert_rules.<locals>.<lambda>() missing 1 required positional argument: 'm'
2025-12-20 13:08:12 - 378x492 - WARNING - performance_monitor:339 - Error checking alert rule high_process_count: PerformanceMonitor._get_default_alert_rules.<locals>.<lambda>() missing 1 required positional argument: 'm'
Slow request: GET /health took 2.52s
Slow request: GET /health took 2.53s
2025-12-20 13:08:12 - 378x492 - INFO - logging:136 - HTTP request
INFO:     127.0.0.1:51319 - "GET /health HTTP/1.1" 200 OK
2025-12-20 13:08:13 - 378x492 - WARNING - performance_monitor:107 - Failed to collect network_connections: (pid=57937)
2025-12-20 13:08:15 - 378x492 - WARNING - performance_monitor:107 - Failed to collect network_connections: (pid=57937)
2025-12-20 13:08:15 - 378x492 - WARNING - performance_monitor:406 - Performance Alert [WARNING]: cpu_percent exceeded threshold: 99.5% > 90%
2025-12-20 13:08:15 - 378x492 - WARNING - performance_monitor:339 - Error checking alert rule high_cpu_usage: PerformanceMonitor._get_default_alert_rules.<locals>.<lambda>() missing 1 required positional argument: 'm'
2025-12-20 13:08:15 - 378x492 - WARNING - performance_monitor:339 - Error checking alert rule high_memory_usage: PerformanceMonitor._get_default_alert_rules.<locals>.<lambda>() missing 1 required positional argument: 'm'
2025-12-20 13:08:15 - 378x492 - WARNING - performance_monitor:339 - Error checking alert rule high_disk_usage: PerformanceMonitor._get_default_alert_rules.<locals>.<lambda>() missing 1 required positional argument: 'm'
2025-12-20 13:08:15 - 378x492 - WARNING - performance_monitor:406 - Performance Alert [WARNING]: Performance monitoring circuit breaker is open
2025-12-20 13:08:15 - 378x492 - WARNING - performance_monitor:339 - Error checking alert rule low_disk_space: PerformanceMonitor._get_default_alert_rules.<locals>.<lambda>() missing 1 required positional argument: 'm'
2025-12-20 13:08:15 - 378x492 - WARNING - performance_monitor:339 - Error checking alert rule high_process_count: PerformanceMonitor._get_default_alert_rules.<locals>.<lambda>() missing 1 required positional argument: 'm'
Slow request: GET /health took 2.52s
Slow request: GET /health took 2.52s
2025-12-20 13:08:15 - 378x492 - INFO - logging:136 - HTTP request
INFO:     127.0.0.1:51343 - "GET /health HTTP/1.1" 200 OK
2025-12-20 13:08:16 - 378x492 - WARNING - performance_monitor:107 - Failed to collect network_connections: (pid=57937)
2025-12-20 13:08:17 - 378x492 - WARNING - performance_monitor:107 - Failed to collect network_connections: (pid=57937)
2025-12-20 13:08:17 - 378x492 - WARNING - performance_monitor:406 - Performance Alert [WARNING]: cpu_percent exceeded threshold: 97.7% > 90%
2025-12-20 13:08:17 - 378x492 - WARNING - performance_monitor:339 - Error checking alert rule high_cpu_usage: PerformanceMonitor._get_default_alert_rules.<locals>.<lambda>() missing 1 required positional argument: 'm'
2025-12-20 13:08:17 - 378x492 - WARNING - performance_monitor:339 - Error checking alert rule high_memory_usage: PerformanceMonitor._get_default_alert_rules.<locals>.<lambda>() missing 1 required positional argument: 'm'
2025-12-20 13:08:17 - 378x492 - WARNING - performance_monitor:339 - Error checking alert rule high_disk_usage: PerformanceMonitor._get_default_alert_rules.<locals>.<lambda>() missing 1 required positional argument: 'm'
2025-12-20 13:08:17 - 378x492 - WARNING - performance_monitor:406 - Performance Alert [WARNING]: Performance monitoring circuit breaker is open
2025-12-20 13:08:17 - 378x492 - WARNING - performance_monitor:339 - Error checking alert rule low_disk_space: PerformanceMonitor._get_default_alert_rules.<locals>.<lambda>() missing 1 required positional argument: 'm'
2025-12-20 13:08:17 - 378x492 - WARNING - performance_monitor:339 - Error checking alert rule high_process_count: PerformanceMonitor._get_default_alert_rules.<locals>.<lambda>() missing 1 required positional argument: 'm'
Slow request: GET /health took 2.53s
Slow request: GET /health took 2.53s
2025-12-20 13:08:18 - 378x492 - INFO - logging:136 - HTTP request
INFO:     127.0.0.1:51346 - "GET /health HTTP/1.1" 200 OK
2025-12-20 13:08:19 - 378x492 - WARNING - performance_monitor:107 - Failed to collect network_connections: (pid=54435)
2025-12-20 13:08:20 - 378x492 - WARNING - performance_monitor:107 - Failed to collect network_connections: (pid=54435)
2025-12-20 13:08:20 - 378x492 - WARNING - performance_monitor:406 - Performance Alert [WARNING]: cpu_percent exceeded threshold: 100.0% > 90%
2025-12-20 13:08:20 - 378x492 - WARNING - performance_monitor:339 - Error checking alert rule high_cpu_usage: PerformanceMonitor._get_default_alert_rules.<locals>.<lambda>() missing 1 required positional argument: 'm'
2025-12-20 13:08:20 - 378x492 - WARNING - performance_monitor:339 - Error checking alert rule high_memory_usage: PerformanceMonitor._get_default_alert_rules.<locals>.<lambda>() missing 1 required positional argument: 'm'
2025-12-20 13:08:20 - 378x492 - WARNING - performance_monitor:339 - Error checking alert rule high_disk_usage: PerformanceMonitor._get_default_alert_rules.<locals>.<lambda>() missing 1 required positional argument: 'm'
2025-12-20 13:08:20 - 378x492 - WARNING - performance_monitor:406 - Performance Alert [WARNING]: Performance monitoring circuit breaker is open
2025-12-20 13:08:20 - 378x492 - WARNING - performance_monitor:339 - Error checking alert rule low_disk_space: PerformanceMonitor._get_default_alert_rules.<locals>.<lambda>() missing 1 required positional argument: 'm'
2025-12-20 13:08:20 - 378x492 - WARNING - performance_monitor:339 - Error checking alert rule high_process_count: PerformanceMonitor._get_default_alert_rules.<locals>.<lambda>() missing 1 required positional argument: 'm'
Slow request: GET /health took 2.53s
Slow request: GET /health took 2.53s
2025-12-20 13:08:20 - 378x492 - INFO - logging:136 - HTTP request
INFO:     127.0.0.1:51349 - "GET /health HTTP/1.1" 200 OK
2025-12-20 13:08:21 - 378x492 - WARNING - performance_monitor:107 - Failed to collect network_connections: (pid=58686)
2025-12-20 13:08:22 - 378x492 - WARNING - performance_monitor:107 - Failed to collect network_connections: (pid=58686)
2025-12-20 13:08:22 - 378x492 - WARNING - performance_monitor:406 - Performance Alert [WARNING]: cpu_percent exceeded threshold: 99.0% > 90%
2025-12-20 13:08:22 - 378x492 - WARNING - performance_monitor:339 - Error checking alert rule high_cpu_usage: PerformanceMonitor._get_default_alert_rules.<locals>.<lambda>() missing 1 required positional argument: 'm'
2025-12-20 13:08:22 - 378x492 - WARNING - performance_monitor:339 - Error checking alert rule high_memory_usage: PerformanceMonitor._get_default_alert_rules.<locals>.<lambda>() missing 1 required positional argument: 'm'
2025-12-20 13:08:22 - 378x492 - WARNING - performance_monitor:339 - Error checking alert rule high_disk_usage: PerformanceMonitor._get_default_alert_rules.<locals>.<lambda>() missing 1 required positional argument: 'm'
2025-12-20 13:08:22 - 378x492 - WARNING - performance_monitor:406 - Performance Alert [WARNING]: Performance monitoring circuit breaker is open
2025-12-20 13:08:22 - 378x492 - WARNING - performance_monitor:339 - Error checking alert rule low_disk_space: PerformanceMonitor._get_default_alert_rules.<locals>.<lambda>() missing 1 required positional argument: 'm'
2025-12-20 13:08:22 - 378x492 - WARNING - performance_monitor:339 - Error checking alert rule high_process_count: PerformanceMonitor._get_default_alert_rules.<locals>.<lambda>() missing 1 required positional argument: 'm'
Slow request: GET /health took 2.51s
Slow request: GET /health took 2.51s
2025-12-20 13:08:23 - 378x492 - INFO - logging:136 - HTTP request
INFO:     127.0.0.1:51355 - "GET /health HTTP/1.1" 200 OK
2025-12-20 13:08:24 - 378x492 - WARNING - performance_monitor:107 - Failed to collect network_connections: (pid=58686)
2025-12-20 13:08:25 - 378x492 - WARNING - performance_monitor:107 - Failed to collect network_connections: (pid=58686)
2025-12-20 13:08:25 - 378x492 - WARNING - performance_monitor:406 - Performance Alert [WARNING]: cpu_percent exceeded threshold: 100.0% > 90%
2025-12-20 13:08:25 - 378x492 - WARNING - performance_monitor:339 - Error checking alert rule high_cpu_usage: PerformanceMonitor._get_default_alert_rules.<locals>.<lambda>() missing 1 required positional argument: 'm'
2025-12-20 13:08:25 - 378x492 - WARNING - performance_monitor:339 - Error checking alert rule high_memory_usage: PerformanceMonitor._get_default_alert_rules.<locals>.<lambda>() missing 1 required positional argument: 'm'
2025-12-20 13:08:25 - 378x492 - WARNING - performance_monitor:339 - Error checking alert rule high_disk_usage: PerformanceMonitor._get_default_alert_rules.<locals>.<lambda>() missing 1 required positional argument: 'm'
2025-12-20 13:08:25 - 378x492 - WARNING - performance_monitor:406 - Performance Alert [WARNING]: Performance monitoring circuit breaker is open
2025-12-20 13:08:25 - 378x492 - WARNING - performance_monitor:339 - Error checking alert rule low_disk_space: PerformanceMonitor._get_default_alert_rules.<locals>.<lambda>() missing 1 required positional argument: 'm'
2025-12-20 13:08:25 - 378x492 - WARNING - performance_monitor:339 - Error checking alert rule high_process_count: PerformanceMonitor._get_default_alert_rules.<locals>.<lambda>() missing 1 required positional argument: 'm'
Slow request: GET /health took 2.52s
Slow request: GET /health took 2.52s
2025-12-20 13:08:26 - 378x492 - INFO - logging:136 - HTTP request
INFO:     127.0.0.1:51361 - "GET /health HTTP/1.1" 200 OK
2025-12-20 13:08:27 - 378x492 - WARNING - performance_monitor:107 - Failed to collect network_connections: (pid=58686)
2025-12-20 13:08:28 - 378x492 - WARNING - performance_monitor:107 - Failed to collect network_connections: (pid=58686)
2025-12-20 13:08:28 - 378x492 - WARNING - performance_monitor:406 - Performance Alert [WARNING]: cpu_percent exceeded threshold: 96.6% > 90%
2025-12-20 13:08:28 - 378x492 - WARNING - performance_monitor:339 - Error checking alert rule high_cpu_usage: PerformanceMonitor._get_default_alert_rules.<locals>.<lambda>() missing 1 required positional argument: 'm'
2025-12-20 13:08:28 - 378x492 - WARNING - performance_monitor:339 - Error checking alert rule high_memory_usage: PerformanceMonitor._get_default_alert_rules.<locals>.<lambda>() missing 1 required positional argument: 'm'
2025-12-20 13:08:28 - 378x492 - WARNING - performance_monitor:339 - Error checking alert rule high_disk_usage: PerformanceMonitor._get_default_alert_rules.<locals>.<lambda>() missing 1 required positional argument: 'm'
2025-12-20 13:08:28 - 378x492 - WARNING - performance_monitor:406 - Performance Alert [WARNING]: Performance monitoring circuit breaker is open
2025-12-20 13:08:28 - 378x492 - WARNING - performance_monitor:339 - Error checking alert rule low_disk_space: PerformanceMonitor._get_default_alert_rules.<locals>.<lambda>() missing 1 required positional argument: 'm'
2025-12-20 13:08:28 - 378x492 - WARNING - performance_monitor:339 - Error checking alert rule high_process_count: PerformanceMonitor._get_default_alert_rules.<locals>.<lambda>() missing 1 required positional argument: 'm'
2025-12-20 13:08:29 - 378x492 - WARNING - performance_monitor:107 - Failed to collect network_connections: (pid=58686)
2025-12-20 13:08:30 - 378x492 - WARNING - performance_monitor:107 - Failed to collect network_connections: (pid=58686)
2025-12-20 13:08:30 - 378x492 - WARNING - performance_monitor:406 - Performance Alert [WARNING]: cpu_percent exceeded threshold: 99.8% > 90%
2025-12-20 13:08:30 - 378x492 - WARNING - performance_monitor:339 - Error checking alert rule high_cpu_usage: PerformanceMonitor._get_default_alert_rules.<locals>.<lambda>() missing 1 required positional argument: 'm'
2025-12-20 13:08:30 - 378x492 - WARNING - performance_monitor:339 - Error checking alert rule high_memory_usage: PerformanceMonitor._get_default_alert_rules.<locals>.<lambda>() missing 1 required positional argument: 'm'
2025-12-20 13:08:30 - 378x492 - WARNING - performance_monitor:339 - Error checking alert rule high_disk_usage: PerformanceMonitor._get_default_alert_rules.<locals>.<lambda>() missing 1 required positional argument: 'm'
2025-12-20 13:08:30 - 378x492 - WARNING - performance_monitor:406 - Performance Alert [WARNING]: Performance monitoring circuit breaker is open
2025-12-20 13:08:30 - 378x492 - WARNING - performance_monitor:339 - Error checking alert rule low_disk_space: PerformanceMonitor._get_default_alert_rules.<locals>.<lambda>() missing 1 required positional argument: 'm'
2025-12-20 13:08:30 - 378x492 - WARNING - performance_monitor:339 - Error checking alert rule high_process_count: PerformanceMonitor._get_default_alert_rules.<locals>.<lambda>() missing 1 required positional argument: 'm'
Slow request: GET /health took 5.05s
Slow request: GET /health took 5.05s
2025-12-20 13:08:31 - 378x492 - DEBUG - rate_limiting:203 - Rate limit check passed
2025-12-20 13:08:31 - 378x492 - INFO - logging:136 - HTTP request
2025-12-20 13:08:31 - 378x492 - INFO - logging:136 - HTTP request
INFO:     127.0.0.1:51404 - "GET /api/v1/collaboration/stats HTTP/1.1" 200 OK
2025-12-20 13:08:31 - 378x492 - INFO - logging:136 - HTTP request
INFO:     127.0.0.1:51405 - "GET /metrics HTTP/1.1" 200 OK
2025-12-20 13:08:32 - 378x492 - WARNING - performance_monitor:107 - Failed to collect network_connections: (pid=58686)
2025-12-20 13:08:33 - 378x492 - WARNING - performance_monitor:107 - Failed to collect network_connections: (pid=58686)
2025-12-20 13:08:33 - 378x492 - WARNING - performance_monitor:406 - Performance Alert [WARNING]: cpu_percent exceeded threshold: 99.8% > 90%
2025-12-20 13:08:33 - 378x492 - WARNING - performance_monitor:339 - Error checking alert rule high_cpu_usage: PerformanceMonitor._get_default_alert_rules.<locals>.<lambda>() missing 1 required positional argument: 'm'
2025-12-20 13:08:33 - 378x492 - WARNING - performance_monitor:339 - Error checking alert rule high_memory_usage: PerformanceMonitor._get_default_alert_rules.<locals>.<lambda>() missing 1 required positional argument: 'm'
2025-12-20 13:08:33 - 378x492 - WARNING - performance_monitor:339 - Error checking alert rule high_disk_usage: PerformanceMonitor._get_default_alert_rules.<locals>.<lambda>() missing 1 required positional argument: 'm'
2025-12-20 13:08:33 - 378x492 - WARNING - performance_monitor:406 - Performance Alert [WARNING]: Performance monitoring circuit breaker is open
2025-12-20 13:08:33 - 378x492 - WARNING - performance_monitor:339 - Error checking alert rule low_disk_space: PerformanceMonitor._get_default_alert_rules.<locals>.<lambda>() missing 1 required positional argument: 'm'
2025-12-20 13:08:33 - 378x492 - WARNING - performance_monitor:339 - Error checking alert rule high_process_count: PerformanceMonitor._get_default_alert_rules.<locals>.<lambda>() missing 1 required positional argument: 'm'
2025-12-20 13:08:34 - 378x492 - WARNING - performance_monitor:107 - Failed to collect network_connections: (pid=58686)
2025-12-20 13:08:35 - 378x492 - WARNING - performance_monitor:107 - Failed to collect network_connections: (pid=58686)
2025-12-20 13:08:35 - 378x492 - WARNING - performance_monitor:406 - Performance Alert [WARNING]: cpu_percent exceeded threshold: 92.3% > 90%
2025-12-20 13:08:35 - 378x492 - WARNING - performance_monitor:339 - Error checking alert rule high_cpu_usage: PerformanceMonitor._get_default_alert_rules.<locals>.<lambda>() missing 1 required positional argument: 'm'
2025-12-20 13:08:35 - 378x492 - WARNING - performance_monitor:339 - Error checking alert rule high_memory_usage: PerformanceMonitor._get_default_alert_rules.<locals>.<lambda>() missing 1 required positional argument: 'm'
2025-12-20 13:08:35 - 378x492 - WARNING - performance_monitor:339 - Error checking alert rule high_disk_usage: PerformanceMonitor._get_default_alert_rules.<locals>.<lambda>() missing 1 required positional argument: 'm'
2025-12-20 13:08:35 - 378x492 - WARNING - performance_monitor:406 - Performance Alert [WARNING]: Performance monitoring circuit breaker is open
2025-12-20 13:08:35 - 378x492 - WARNING - performance_monitor:339 - Error checking alert rule low_disk_space: PerformanceMonitor._get_default_alert_rules.<locals>.<lambda>() missing 1 required positional argument: 'm'
2025-12-20 13:08:35 - 378x492 - WARNING - performance_monitor:339 - Error checking alert rule high_process_count: PerformanceMonitor._get_default_alert_rules.<locals>.<lambda>() missing 1 required positional argument: 'm'
2025-12-20 13:08:37 - 378x492 - WARNING - performance_monitor:107 - Failed to collect network_connections: (pid=58686)
2025-12-20 13:08:38 - 378x492 - WARNING - performance_monitor:107 - Failed to collect network_connections: (pid=58686)
2025-12-20 13:08:38 - 378x492 - WARNING - performance_monitor:406 - Performance Alert [WARNING]: cpu_percent exceeded threshold: 100.0% > 90%
2025-12-20 13:08:38 - 378x492 - WARNING - performance_monitor:339 - Error checking alert rule high_cpu_usage: PerformanceMonitor._get_default_alert_rules.<locals>.<lambda>() missing 1 required positional argument: 'm'
2025-12-20 13:08:38 - 378x492 - WARNING - performance_monitor:339 - Error checking alert rule high_memory_usage: PerformanceMonitor._get_default_alert_rules.<locals>.<lambda>() missing 1 required positional argument: 'm'
2025-12-20 13:08:38 - 378x492 - WARNING - performance_monitor:339 - Error checking alert rule high_disk_usage: PerformanceMonitor._get_default_alert_rules.<locals>.<lambda>() missing 1 required positional argument: 'm'
2025-12-20 13:08:38 - 378x492 - WARNING - performance_monitor:406 - Performance Alert [WARNING]: Performance monitoring circuit breaker is open
2025-12-20 13:08:38 - 378x492 - WARNING - performance_monitor:339 - Error checking alert rule low_disk_space: PerformanceMonitor._get_default_alert_rules.<locals>.<lambda>() missing 1 required positional argument: 'm'
2025-12-20 13:08:38 - 378x492 - WARNING - performance_monitor:339 - Error checking alert rule high_process_count: PerformanceMonitor._get_default_alert_rules.<locals>.<lambda>() missing 1 required positional argument: 'm'
2025-12-20 13:08:39 - 378x492 - WARNING - performance_monitor:107 - Failed to collect network_connections: (pid=58686)
2025-12-20 13:08:40 - 378x492 - WARNING - performance_monitor:107 - Failed to collect network_connections: (pid=58686)
2025-12-20 13:08:40 - 378x492 - WARNING - performance_monitor:406 - Performance Alert [WARNING]: cpu_percent exceeded threshold: 99.2% > 90%
2025-12-20 13:08:40 - 378x492 - WARNING - performance_monitor:339 - Error checking alert rule high_cpu_usage: PerformanceMonitor._get_default_alert_rules.<locals>.<lambda>() missing 1 required positional argument: 'm'
2025-12-20 13:08:40 - 378x492 - WARNING - performance_monitor:339 - Error checking alert rule high_memory_usage: PerformanceMonitor._get_default_alert_rules.<locals>.<lambda>() missing 1 required positional argument: 'm'
2025-12-20 13:08:40 - 378x492 - WARNING - performance_monitor:339 - Error checking alert rule high_disk_usage: PerformanceMonitor._get_default_alert_rules.<locals>.<lambda>() missing 1 required positional argument: 'm'
2025-12-20 13:08:40 - 378x492 - WARNING - performance_monitor:406 - Performance Alert [WARNING]: Performance monitoring circuit breaker is open
2025-12-20 13:08:40 - 378x492 - WARNING - performance_monitor:339 - Error checking alert rule low_disk_space: PerformanceMonitor._get_default_alert_rules.<locals>.<lambda>() missing 1 required positional argument: 'm'
2025-12-20 13:08:40 - 378x492 - WARNING - performance_monitor:339 - Error checking alert rule high_process_count: PerformanceMonitor._get_default_alert_rules.<locals>.<lambda>() missing 1 required positional argument: 'm'
2025-12-20 13:08:42 - 378x492 - WARNING - performance_monitor:107 - Failed to collect network_connections: (pid=58686)
2025-12-20 13:08:43 - 378x492 - WARNING - performance_monitor:107 - Failed to collect network_connections: (pid=58686)
2025-12-20 13:08:43 - 378x492 - WARNING - performance_monitor:406 - Performance Alert [WARNING]: cpu_percent exceeded threshold: 94.6% > 90%
2025-12-20 13:08:43 - 378x492 - WARNING - performance_monitor:339 - Error checking alert rule high_cpu_usage: PerformanceMonitor._get_default_alert_rules.<locals>.<lambda>() missing 1 required positional argument: 'm'
2025-12-20 13:08:43 - 378x492 - WARNING - performance_monitor:339 - Error checking alert rule high_memory_usage: PerformanceMonitor._get_default_alert_rules.<locals>.<lambda>() missing 1 required positional argument: 'm'
2025-12-20 13:08:43 - 378x492 - WARNING - performance_monitor:339 - Error checking alert rule high_disk_usage: PerformanceMonitor._get_default_alert_rules.<locals>.<lambda>() missing 1 required positional argument: 'm'
2025-12-20 13:08:43 - 378x492 - WARNING - performance_monitor:406 - Performance Alert [WARNING]: Performance monitoring circuit breaker is open
2025-12-20 13:08:43 - 378x492 - WARNING - performance_monitor:339 - Error checking alert rule low_disk_space: PerformanceMonitor._get_default_alert_rules.<locals>.<lambda>() missing 1 required positional argument: 'm'
2025-12-20 13:08:43 - 378x492 - WARNING - performance_monitor:339 - Error checking alert rule high_process_count: PerformanceMonitor._get_default_alert_rules.<locals>.<lambda>() missing 1 required positional argument: 'm'
2025-12-20 13:08:44 - 378x492 - WARNING - performance_monitor:107 - Failed to collect network_connections: (pid=58686)
2025-12-20 13:08:45 - 378x492 - WARNING - performance_monitor:107 - Failed to collect network_connections: (pid=58686)
2025-12-20 13:08:45 - 378x492 - WARNING - performance_monitor:406 - Performance Alert [WARNING]: cpu_percent exceeded threshold: 97.3% > 90%
2025-12-20 13:08:45 - 378x492 - WARNING - performance_monitor:339 - Error checking alert rule high_cpu_usage: PerformanceMonitor._get_default_alert_rules.<locals>.<lambda>() missing 1 required positional argument: 'm'
2025-12-20 13:08:45 - 378x492 - WARNING - performance_monitor:339 - Error checking alert rule high_memory_usage: PerformanceMonitor._get_default_alert_rules.<locals>.<lambda>() missing 1 required positional argument: 'm'
2025-12-20 13:08:45 - 378x492 - WARNING - performance_monitor:339 - Error checking alert rule high_disk_usage: PerformanceMonitor._get_default_alert_rules.<locals>.<lambda>() missing 1 required positional argument: 'm'
2025-12-20 13:08:45 - 378x492 - WARNING - performance_monitor:406 - Performance Alert [WARNING]: Performance monitoring circuit breaker is open
2025-12-20 13:08:45 - 378x492 - WARNING - performance_monitor:339 - Error checking alert rule low_disk_space: PerformanceMonitor._get_default_alert_rules.<locals>.<lambda>() missing 1 required positional argument: 'm'
2025-12-20 13:08:45 - 378x492 - WARNING - performance_monitor:339 - Error checking alert rule high_process_count: PerformanceMonitor._get_default_alert_rules.<locals>.<lambda>() missing 1 required positional argument: 'm'
Slow request: GET /health took 15.19s
2025-12-20 13:08:47 - 378x492 - WARNING - performance_monitor:107 - Failed to collect network_connections: (pid=58686)
2025-12-20 13:08:48 - 378x492 - WARNING - performance_monitor:107 - Failed to collect network_connections: (pid=58686)
2025-12-20 13:08:48 - 378x492 - WARNING - performance_monitor:406 - Performance Alert [WARNING]: cpu_percent exceeded threshold: 95.9% > 90%
2025-12-20 13:08:48 - 378x492 - WARNING - performance_monitor:339 - Error checking alert rule high_cpu_usage: PerformanceMonitor._get_default_alert_rules.<locals>.<lambda>() missing 1 required positional argument: 'm'
2025-12-20 13:08:48 - 378x492 - WARNING - performance_monitor:339 - Error checking alert rule high_memory_usage: PerformanceMonitor._get_default_alert_rules.<locals>.<lambda>() missing 1 required positional argument: 'm'
2025-12-20 13:08:48 - 378x492 - WARNING - performance_monitor:339 - Error checking alert rule high_disk_usage: PerformanceMonitor._get_default_alert_rules.<locals>.<lambda>() missing 1 required positional argument: 'm'
2025-12-20 13:08:48 - 378x492 - WARNING - performance_monitor:406 - Performance Alert [WARNING]: Performance monitoring circuit breaker is open
2025-12-20 13:08:48 - 378x492 - WARNING - performance_monitor:339 - Error checking alert rule low_disk_space: PerformanceMonitor._get_default_alert_rules.<locals>.<lambda>() missing 1 required positional argument: 'm'
2025-12-20 13:08:48 - 378x492 - WARNING - performance_monitor:339 - Error checking alert rule high_process_count: PerformanceMonitor._get_default_alert_rules.<locals>.<lambda>() missing 1 required positional argument: 'm'
Slow request: GET /health took 17.74s
2025-12-20 13:08:50 - 378x492 - WARNING - performance_monitor:107 - Failed to collect network_connections: (pid=58686)
2025-12-20 13:08:51 - 378x492 - WARNING - performance_monitor:107 - Failed to collect network_connections: (pid=58686)
2025-12-20 13:08:51 - 378x492 - WARNING - performance_monitor:406 - Performance Alert [WARNING]: cpu_percent exceeded threshold: 97.2% > 90%
2025-12-20 13:08:51 - 378x492 - WARNING - performance_monitor:339 - Error checking alert rule high_cpu_usage: PerformanceMonitor._get_default_alert_rules.<locals>.<lambda>() missing 1 required positional argument: 'm'
2025-12-20 13:08:51 - 378x492 - WARNING - performance_monitor:339 - Error checking alert rule high_memory_usage: PerformanceMonitor._get_default_alert_rules.<locals>.<lambda>() missing 1 required positional argument: 'm'
2025-12-20 13:08:51 - 378x492 - WARNING - performance_monitor:339 - Error checking alert rule high_disk_usage: PerformanceMonitor._get_default_alert_rules.<locals>.<lambda>() missing 1 required positional argument: 'm'
2025-12-20 13:08:51 - 378x492 - WARNING - performance_monitor:406 - Performance Alert [WARNING]: Performance monitoring circuit breaker is open
2025-12-20 13:08:51 - 378x492 - WARNING - performance_monitor:339 - Error checking alert rule low_disk_space: PerformanceMonitor._get_default_alert_rules.<locals>.<lambda>() missing 1 required positional argument: 'm'
2025-12-20 13:08:51 - 378x492 - WARNING - performance_monitor:339 - Error checking alert rule high_process_count: PerformanceMonitor._get_default_alert_rules.<locals>.<lambda>() missing 1 required positional argument: 'm'
Slow request: GET /health took 20.27s
Slow request: GET /health took 17.74s
Slow request: GET /health took 15.21s
Slow request: GET /health took 12.68s
Slow request: GET /health took 10.15s
Slow request: GET /health took 7.61s
Slow request: GET /health took 20.28s
Slow request: GET /health took 20.28s
Slow request: GET /health took 17.75s
Slow request: GET /health took 15.22s
Slow request: GET /health took 12.70s
Slow request: GET /health took 10.16s
Slow request: GET /health took 7.63s
Slow request: GET /health took 5.11s
2025-12-20 13:08:52 - 378x492 - WARNING - performance_monitor:107 - Failed to collect network_connections: (pid=58686)
2025-12-20 13:08:53 - 378x492 - WARNING - performance_monitor:107 - Failed to collect network_connections: (pid=58686)
2025-12-20 13:08:53 - 378x492 - WARNING - performance_monitor:406 - Performance Alert [WARNING]: cpu_percent exceeded threshold: 100.0% > 90%
2025-12-20 13:08:53 - 378x492 - WARNING - performance_monitor:339 - Error checking alert rule high_cpu_usage: PerformanceMonitor._get_default_alert_rules.<locals>.<lambda>() missing 1 required positional argument: 'm'
2025-12-20 13:08:53 - 378x492 - WARNING - performance_monitor:339 - Error checking alert rule high_memory_usage: PerformanceMonitor._get_default_alert_rules.<locals>.<lambda>() missing 1 required positional argument: 'm'
2025-12-20 13:08:53 - 378x492 - WARNING - performance_monitor:339 - Error checking alert rule high_disk_usage: PerformanceMonitor._get_default_alert_rules.<locals>.<lambda>() missing 1 required positional argument: 'm'
2025-12-20 13:08:53 - 378x492 - WARNING - performance_monitor:406 - Performance Alert [WARNING]: Performance monitoring circuit breaker is open
2025-12-20 13:08:53 - 378x492 - WARNING - performance_monitor:339 - Error checking alert rule low_disk_space: PerformanceMonitor._get_default_alert_rules.<locals>.<lambda>() missing 1 required positional argument: 'm'
2025-12-20 13:08:53 - 378x492 - WARNING - performance_monitor:339 - Error checking alert rule high_process_count: PerformanceMonitor._get_default_alert_rules.<locals>.<lambda>() missing 1 required positional argument: 'm'
2025-12-20 13:08:54 - 378x492 - INFO - logging:136 - HTTP request
2025-12-20 13:08:54 - 378x492 - INFO - logging:136 - HTTP request
2025-12-20 13:08:54 - 378x492 - INFO - logging:136 - HTTP request
2025-12-20 13:08:54 - 378x492 - INFO - logging:136 - HTTP request
2025-12-20 13:08:54 - 378x492 - INFO - logging:136 - HTTP request
Slow request: GET /health took 2.53s
2025-12-20 13:08:54 - 378x492 - INFO - logging:136 - HTTP request
2025-12-20 13:08:54 - 378x492 - INFO - logging:136 - HTTP request
2025-12-20 13:08:54 - 378x492 - INFO - logging:136 - HTTP request
Slow request: GET /health took 2.54s
2025-12-20 13:08:54 - 378x492 - INFO - logging:136 - HTTP request
INFO:     127.0.0.1:51445 - "GET /health HTTP/1.1" 200 OK
2025-12-20 13:08:54 - 378x492 - INFO - logging:136 - HTTP request
INFO:     127.0.0.1:51446 - "GET /health/ready HTTP/1.1" 200 OK
2025-12-20 13:08:54 - 378x492 - INFO - logging:136 - HTTP request
INFO:     127.0.0.1:51447 - "GET /health/live HTTP/1.1" 200 OK
2025-12-20 13:08:55 - 378x492 - WARNING - performance_monitor:107 - Failed to collect network_connections: (pid=58686)
2025-12-20 13:08:56 - 378x492 - WARNING - performance_monitor:107 - Failed to collect network_connections: (pid=58686)
2025-12-20 13:08:56 - 378x492 - WARNING - performance_monitor:406 - Performance Alert [WARNING]: cpu_percent exceeded threshold: 100.0% > 90%
2025-12-20 13:08:56 - 378x492 - WARNING - performance_monitor:339 - Error checking alert rule high_cpu_usage: PerformanceMonitor._get_default_alert_rules.<locals>.<lambda>() missing 1 required positional argument: 'm'
2025-12-20 13:08:56 - 378x492 - WARNING - performance_monitor:339 - Error checking alert rule high_memory_usage: PerformanceMonitor._get_default_alert_rules.<locals>.<lambda>() missing 1 required positional argument: 'm'
2025-12-20 13:08:56 - 378x492 - WARNING - performance_monitor:339 - Error checking alert rule high_disk_usage: PerformanceMonitor._get_default_alert_rules.<locals>.<lambda>() missing 1 required positional argument: 'm'
2025-12-20 13:08:56 - 378x492 - WARNING - performance_monitor:406 - Performance Alert [WARNING]: Performance monitoring circuit breaker is open
2025-12-20 13:08:56 - 378x492 - WARNING - performance_monitor:339 - Error checking alert rule low_disk_space: PerformanceMonitor._get_default_alert_rules.<locals>.<lambda>() missing 1 required positional argument: 'm'
2025-12-20 13:08:56 - 378x492 - WARNING - performance_monitor:339 - Error checking alert rule high_process_count: PerformanceMonitor._get_default_alert_rules.<locals>.<lambda>() missing 1 required positional argument: 'm'
Slow request: GET /health took 2.52s
Slow request: GET /health took 2.52s
2025-12-20 13:08:56 - 378x492 - INFO - logging:136 - HTTP request
INFO:     127.0.0.1:51448 - "GET /health HTTP/1.1" 200 OK
2025-12-20 13:08:56 - 378x492 - DEBUG - rate_limiting:203 - Rate limit check passed
2025-12-20 13:08:56 - 378x492 - INFO - logging:136 - HTTP request
INFO:     127.0.0.1:51455 - "GET /api/v1/rules HTTP/1.1" 307 Temporary Redirect
2025-12-20 13:08:56 - 378x492 - INFO - logging:136 - HTTP request
INFO:     127.0.0.1:51456 - "GET /health/ready HTTP/1.1" 200 OK
2025-12-20 13:08:56 - 378x492 - INFO - logging:136 - HTTP request
INFO:     127.0.0.1:51457 - "GET /health/live HTTP/1.1" 200 OK
2025-12-20 13:08:56 - 378x492 - DEBUG - rate_limiting:203 - Rate limit check passed
2025-12-20 13:08:56 - 378x492 - INFO - logging:136 - HTTP request
INFO:     127.0.0.1:51458 - "GET /api/v1/ai/health HTTP/1.1" 200 OK
2025-12-20 13:08:56 - 378x492 - DEBUG - rate_limiting:203 - Rate limit check passed
2025-12-20 13:08:56 - 378x492 - ERROR - logging:167 - Starlette HTTP 404: Not Found
2025-12-20 13:08:56 - 378x492 - INFO - logging:136 - HTTP request
INFO:     127.0.0.1:51460 - "GET /performance/metrics HTTP/1.1" 404 Not Found
2025-12-20 13:08:56 - 378x492 - DEBUG - rate_limiting:203 - Rate limit check passed
2025-12-20 13:08:56 - 378x492 - INFO - logging:136 - HTTP request
INFO:     127.0.0.1:51461 - "GET / HTTP/1.1" 200 OK
2025-12-20 13:08:57 - 378x492 - WARNING - performance_monitor:107 - Failed to collect network_connections: (pid=58686)
2025-12-20 13:08:58 - 378x492 - WARNING - performance_monitor:107 - Failed to collect network_connections: (pid=58686)
2025-12-20 13:08:58 - 378x492 - WARNING - performance_monitor:406 - Performance Alert [WARNING]: cpu_percent exceeded threshold: 100.0% > 90%
2025-12-20 13:08:58 - 378x492 - WARNING - performance_monitor:339 - Error checking alert rule high_cpu_usage: PerformanceMonitor._get_default_alert_rules.<locals>.<lambda>() missing 1 required positional argument: 'm'
2025-12-20 13:08:58 - 378x492 - WARNING - performance_monitor:339 - Error checking alert rule high_memory_usage: PerformanceMonitor._get_default_alert_rules.<locals>.<lambda>() missing 1 required positional argument: 'm'
2025-12-20 13:08:58 - 378x492 - WARNING - performance_monitor:339 - Error checking alert rule high_disk_usage: PerformanceMonitor._get_default_alert_rules.<locals>.<lambda>() missing 1 required positional argument: 'm'
2025-12-20 13:08:58 - 378x492 - WARNING - performance_monitor:406 - Performance Alert [WARNING]: Performance monitoring circuit breaker is open
2025-12-20 13:08:58 - 378x492 - WARNING - performance_monitor:339 - Error checking alert rule low_disk_space: PerformanceMonitor._get_default_alert_rules.<locals>.<lambda>() missing 1 required positional argument: 'm'
2025-12-20 13:08:58 - 378x492 - WARNING - performance_monitor:339 - Error checking alert rule high_process_count: PerformanceMonitor._get_default_alert_rules.<locals>.<lambda>() missing 1 required positional argument: 'm'
Slow request: GET /health took 2.57s
Slow request: GET /health took 2.57s
2025-12-20 13:08:59 - 378x492 - INFO - logging:136 - HTTP request
INFO:     127.0.0.1:51462 - "GET /health HTTP/1.1" 200 OK
2025-12-20 13:08:59 - 378x492 - DEBUG - rate_limiting:203 - Rate limit check passed
2025-12-20 13:08:59 - 378x492 - INFO - logging:136 - HTTP request
INFO:     127.0.0.1:51465 - "GET /api/v1/collaboration/stats HTTP/1.1" 200 OK
2025-12-20 13:09:00 - 378x492 - WARNING - performance_monitor:107 - Failed to collect network_connections: (pid=58686)
2025-12-20 13:09:01 - 378x492 - WARNING - performance_monitor:107 - Failed to collect network_connections: (pid=58686)
2025-12-20 13:09:01 - 378x492 - WARNING - performance_monitor:406 - Performance Alert [WARNING]: cpu_percent exceeded threshold: 100.0% > 90%
2025-12-20 13:09:01 - 378x492 - WARNING - performance_monitor:339 - Error checking alert rule high_cpu_usage: PerformanceMonitor._get_default_alert_rules.<locals>.<lambda>() missing 1 required positional argument: 'm'
2025-12-20 13:09:01 - 378x492 - WARNING - performance_monitor:339 - Error checking alert rule high_memory_usage: PerformanceMonitor._get_default_alert_rules.<locals>.<lambda>() missing 1 required positional argument: 'm'
2025-12-20 13:09:01 - 378x492 - WARNING - performance_monitor:339 - Error checking alert rule high_disk_usage: PerformanceMonitor._get_default_alert_rules.<locals>.<lambda>() missing 1 required positional argument: 'm'
2025-12-20 13:09:01 - 378x492 - WARNING - performance_monitor:406 - Performance Alert [WARNING]: Performance monitoring circuit breaker is open
2025-12-20 13:09:01 - 378x492 - WARNING - performance_monitor:339 - Error checking alert rule low_disk_space: PerformanceMonitor._get_default_alert_rules.<locals>.<lambda>() missing 1 required positional argument: 'm'
2025-12-20 13:09:01 - 378x492 - WARNING - performance_monitor:339 - Error checking alert rule high_process_count: PerformanceMonitor._get_default_alert_rules.<locals>.<lambda>() missing 1 required positional argument: 'm'
2025-12-20 13:09:02 - 378x492 - WARNING - performance_monitor:107 - Failed to collect network_connections: (pid=58686)
2025-12-20 13:09:03 - 378x492 - WARNING - performance_monitor:107 - Failed to collect network_connections: (pid=58686)
2025-12-20 13:09:03 - 378x492 - WARNING - performance_monitor:406 - Performance Alert [WARNING]: cpu_percent exceeded threshold: 100.0% > 90%
2025-12-20 13:09:03 - 378x492 - WARNING - performance_monitor:339 - Error checking alert rule high_cpu_usage: PerformanceMonitor._get_default_alert_rules.<locals>.<lambda>() missing 1 required positional argument: 'm'
2025-12-20 13:09:03 - 378x492 - WARNING - performance_monitor:339 - Error checking alert rule high_memory_usage: PerformanceMonitor._get_default_alert_rules.<locals>.<lambda>() missing 1 required positional argument: 'm'
2025-12-20 13:09:03 - 378x492 - WARNING - performance_monitor:339 - Error checking alert rule high_disk_usage: PerformanceMonitor._get_default_alert_rules.<locals>.<lambda>() missing 1 required positional argument: 'm'
2025-12-20 13:09:03 - 378x492 - WARNING - performance_monitor:406 - Performance Alert [WARNING]: Performance monitoring circuit breaker is open
2025-12-20 13:09:03 - 378x492 - WARNING - performance_monitor:339 - Error checking alert rule low_disk_space: PerformanceMonitor._get_default_alert_rules.<locals>.<lambda>() missing 1 required positional argument: 'm'
2025-12-20 13:09:03 - 378x492 - WARNING - performance_monitor:339 - Error checking alert rule high_process_count: PerformanceMonitor._get_default_alert_rules.<locals>.<lambda>() missing 1 required positional argument: 'm'
2025-12-20 13:09:04 - 378x492 - WARNING - proactive_monitoring:281 - 🚨 Proactive Alert [CRITICAL]: Critical health issue detected: System resources critical: {'status': 'critical', 'memory_percent': 62.9, 'cpu_percent': 100.0, 'disk_percent': 3.9, 'issues': ['.1f'], 'recommendations': ['Investigate CPU-intensive processes or consider scaling'], 'thresholds': {'memory_critical': 98, 'memory_degraded': 95, 'cpu_critical': 98, 'cpu_degraded': 90, 'disk_critical': 90}}
2025-12-20 13:09:04 - 378x492 - CRITICAL - proactive_monitoring:298 - 🚨 CRITICAL ALERT: Critical health issue detected: System resources critical: {'status': 'critical', 'memory_percent': 62.9, 'cpu_percent': 100.0, 'disk_percent': 3.9, 'issues': ['.1f'], 'recommendations': ['Investigate CPU-intensive processes or consider scaling'], 'thresholds': {'memory_critical': 98, 'memory_degraded': 95, 'cpu_critical': 98, 'cpu_degraded': 90, 'disk_critical': 90}}
Slow request: GET /health took 5.04s
Slow request: GET /health took 5.04s
2025-12-20 13:09:04 - 378x492 - INFO - logging:136 - HTTP request
2025-12-20 13:09:05 - 378x492 - WARNING - performance_monitor:107 - Failed to collect network_connections: (pid=58686)
2025-12-20 13:09:06 - 378x492 - WARNING - performance_monitor:107 - Failed to collect network_connections: (pid=58686)
2025-12-20 13:09:06 - 378x492 - WARNING - performance_monitor:406 - Performance Alert [WARNING]: cpu_percent exceeded threshold: 100.0% > 90%
2025-12-20 13:09:06 - 378x492 - WARNING - performance_monitor:339 - Error checking alert rule high_cpu_usage: PerformanceMonitor._get_default_alert_rules.<locals>.<lambda>() missing 1 required positional argument: 'm'
2025-12-20 13:09:06 - 378x492 - WARNING - performance_monitor:339 - Error checking alert rule high_memory_usage: PerformanceMonitor._get_default_alert_rules.<locals>.<lambda>() missing 1 required positional argument: 'm'
2025-12-20 13:09:06 - 378x492 - WARNING - performance_monitor:339 - Error checking alert rule high_disk_usage: PerformanceMonitor._get_default_alert_rules.<locals>.<lambda>() missing 1 required positional argument: 'm'
2025-12-20 13:09:06 - 378x492 - WARNING - performance_monitor:406 - Performance Alert [WARNING]: Performance monitoring circuit breaker is open
2025-12-20 13:09:06 - 378x492 - WARNING - performance_monitor:339 - Error checking alert rule low_disk_space: PerformanceMonitor._get_default_alert_rules.<locals>.<lambda>() missing 1 required positional argument: 'm'
2025-12-20 13:09:06 - 378x492 - WARNING - performance_monitor:339 - Error checking alert rule high_process_count: PerformanceMonitor._get_default_alert_rules.<locals>.<lambda>() missing 1 required positional argument: 'm'
Slow request: GET /health took 2.52s
Slow request: GET /health took 2.52s
2025-12-20 13:09:07 - 378x492 - INFO - logging:136 - HTTP request
INFO:     127.0.0.1:51470 - "GET /health HTTP/1.1" 200 OK
2025-12-20 13:09:08 - 378x492 - WARNING - performance_monitor:107 - Failed to collect network_connections: (pid=58686)
2025-12-20 13:09:09 - 378x492 - WARNING - performance_monitor:107 - Failed to collect network_connections: (pid=58686)
2025-12-20 13:09:09 - 378x492 - WARNING - performance_monitor:406 - Performance Alert [WARNING]: cpu_percent exceeded threshold: 100.0% > 90%
2025-12-20 13:09:09 - 378x492 - WARNING - performance_monitor:339 - Error checking alert rule high_cpu_usage: PerformanceMonitor._get_default_alert_rules.<locals>.<lambda>() missing 1 required positional argument: 'm'
2025-12-20 13:09:09 - 378x492 - WARNING - performance_monitor:339 - Error checking alert rule high_memory_usage: PerformanceMonitor._get_default_alert_rules.<locals>.<lambda>() missing 1 required positional argument: 'm'
2025-12-20 13:09:09 - 378x492 - WARNING - performance_monitor:339 - Error checking alert rule high_disk_usage: PerformanceMonitor._get_default_alert_rules.<locals>.<lambda>() missing 1 required positional argument: 'm'
2025-12-20 13:09:09 - 378x492 - WARNING - performance_monitor:406 - Performance Alert [WARNING]: Performance monitoring circuit breaker is open
2025-12-20 13:09:09 - 378x492 - WARNING - performance_monitor:339 - Error checking alert rule low_disk_space: PerformanceMonitor._get_default_alert_rules.<locals>.<lambda>() missing 1 required positional argument: 'm'
2025-12-20 13:09:09 - 378x492 - WARNING - performance_monitor:339 - Error checking alert rule high_process_count: PerformanceMonitor._get_default_alert_rules.<locals>.<lambda>() missing 1 required positional argument: 'm'
Slow request: GET /health took 2.52s
Slow request: GET /health took 2.52s
2025-12-20 13:09:09 - 378x492 - INFO - logging:136 - HTTP request
INFO:     127.0.0.1:51473 - "GET /health HTTP/1.1" 200 OK
2025-12-20 13:09:10 - 378x492 - WARNING - performance_monitor:107 - Failed to collect network_connections: (pid=58686)
2025-12-20 13:09:11 - 378x492 - WARNING - performance_monitor:107 - Failed to collect network_connections: (pid=58686)
2025-12-20 13:09:11 - 378x492 - WARNING - performance_monitor:406 - Performance Alert [WARNING]: cpu_percent exceeded threshold: 100.0% > 90%
2025-12-20 13:09:11 - 378x492 - WARNING - performance_monitor:339 - Error checking alert rule high_cpu_usage: PerformanceMonitor._get_default_alert_rules.<locals>.<lambda>() missing 1 required positional argument: 'm'
2025-12-20 13:09:11 - 378x492 - WARNING - performance_monitor:339 - Error checking alert rule high_memory_usage: PerformanceMonitor._get_default_alert_rules.<locals>.<lambda>() missing 1 required positional argument: 'm'
2025-12-20 13:09:11 - 378x492 - WARNING - performance_monitor:339 - Error checking alert rule high_disk_usage: PerformanceMonitor._get_default_alert_rules.<locals>.<lambda>() missing 1 required positional argument: 'm'
2025-12-20 13:09:11 - 378x492 - WARNING - performance_monitor:406 - Performance Alert [WARNING]: Performance monitoring circuit breaker is open
2025-12-20 13:09:11 - 378x492 - WARNING - performance_monitor:339 - Error checking alert rule low_disk_space: PerformanceMonitor._get_default_alert_rules.<locals>.<lambda>() missing 1 required positional argument: 'm'
2025-12-20 13:09:11 - 378x492 - WARNING - performance_monitor:339 - Error checking alert rule high_process_count: PerformanceMonitor._get_default_alert_rules.<locals>.<lambda>() missing 1 required positional argument: 'm'
Slow request: GET /health took 2.53s
Slow request: GET /health took 2.53s
2025-12-20 13:09:12 - 378x492 - INFO - logging:136 - HTTP request
INFO:     127.0.0.1:51481 - "GET /health HTTP/1.1" 200 OK
2025-12-20 13:09:13 - 378x492 - WARNING - performance_monitor:107 - Failed to collect network_connections: (pid=58686)
2025-12-20 13:09:14 - 378x492 - WARNING - performance_monitor:107 - Failed to collect network_connections: (pid=58686)
2025-12-20 13:09:14 - 378x492 - WARNING - performance_monitor:406 - Performance Alert [WARNING]: cpu_percent exceeded threshold: 100.0% > 90%
2025-12-20 13:09:14 - 378x492 - WARNING - performance_monitor:339 - Error checking alert rule high_cpu_usage: PerformanceMonitor._get_default_alert_rules.<locals>.<lambda>() missing 1 required positional argument: 'm'
2025-12-20 13:09:14 - 378x492 - WARNING - performance_monitor:339 - Error checking alert rule high_memory_usage: PerformanceMonitor._get_default_alert_rules.<locals>.<lambda>() missing 1 required positional argument: 'm'
2025-12-20 13:09:14 - 378x492 - WARNING - performance_monitor:339 - Error checking alert rule high_disk_usage: PerformanceMonitor._get_default_alert_rules.<locals>.<lambda>() missing 1 required positional argument: 'm'
2025-12-20 13:09:14 - 378x492 - WARNING - performance_monitor:406 - Performance Alert [WARNING]: Performance monitoring circuit breaker is open
2025-12-20 13:09:14 - 378x492 - WARNING - performance_monitor:339 - Error checking alert rule low_disk_space: PerformanceMonitor._get_default_alert_rules.<locals>.<lambda>() missing 1 required positional argument: 'm'
2025-12-20 13:09:14 - 378x492 - WARNING - performance_monitor:339 - Error checking alert rule high_process_count: PerformanceMonitor._get_default_alert_rules.<locals>.<lambda>() missing 1 required positional argument: 'm'
Slow request: GET /health took 2.52s
Slow request: GET /health took 2.52s
2025-12-20 13:09:14 - 378x492 - INFO - logging:136 - HTTP request
INFO:     127.0.0.1:51492 - "GET /health HTTP/1.1" 200 OK
2025-12-20 13:09:16 - 378x492 - WARNING - performance_monitor:107 - Failed to collect network_connections: (pid=58686)
2025-12-20 13:09:17 - 378x492 - WARNING - performance_monitor:107 - Failed to collect network_connections: (pid=58686)
2025-12-20 13:09:17 - 378x492 - WARNING - performance_monitor:406 - Performance Alert [WARNING]: cpu_percent exceeded threshold: 98.0% > 90%
2025-12-20 13:09:17 - 378x492 - WARNING - performance_monitor:339 - Error checking alert rule high_cpu_usage: PerformanceMonitor._get_default_alert_rules.<locals>.<lambda>() missing 1 required positional argument: 'm'
2025-12-20 13:09:17 - 378x492 - WARNING - performance_monitor:339 - Error checking alert rule high_memory_usage: PerformanceMonitor._get_default_alert_rules.<locals>.<lambda>() missing 1 required positional argument: 'm'
2025-12-20 13:09:17 - 378x492 - WARNING - performance_monitor:339 - Error checking alert rule high_disk_usage: PerformanceMonitor._get_default_alert_rules.<locals>.<lambda>() missing 1 required positional argument: 'm'
2025-12-20 13:09:17 - 378x492 - WARNING - performance_monitor:406 - Performance Alert [WARNING]: Performance monitoring circuit breaker is open
2025-12-20 13:09:17 - 378x492 - WARNING - performance_monitor:339 - Error checking alert rule low_disk_space: PerformanceMonitor._get_default_alert_rules.<locals>.<lambda>() missing 1 required positional argument: 'm'
2025-12-20 13:09:17 - 378x492 - WARNING - performance_monitor:339 - Error checking alert rule high_process_count: PerformanceMonitor._get_default_alert_rules.<locals>.<lambda>() missing 1 required positional argument: 'm'
Slow request: GET /health took 2.52s
Slow request: GET /health took 2.52s
2025-12-20 13:09:17 - 378x492 - INFO - logging:136 - HTTP request
INFO:     127.0.0.1:51502 - "GET /health HTTP/1.1" 200 OK
2025-12-20 13:09:18 - 378x492 - WARNING - performance_monitor:107 - Failed to collect network_connections: (pid=58686)
2025-12-20 13:09:19 - 378x492 - WARNING - performance_monitor:107 - Failed to collect network_connections: (pid=58686)
2025-12-20 13:09:19 - 378x492 - WARNING - performance_monitor:406 - Performance Alert [WARNING]: cpu_percent exceeded threshold: 99.2% > 90%
2025-12-20 13:09:19 - 378x492 - WARNING - performance_monitor:339 - Error checking alert rule high_cpu_usage: PerformanceMonitor._get_default_alert_rules.<locals>.<lambda>() missing 1 required positional argument: 'm'
2025-12-20 13:09:19 - 378x492 - WARNING - performance_monitor:339 - Error checking alert rule high_memory_usage: PerformanceMonitor._get_default_alert_rules.<locals>.<lambda>() missing 1 required positional argument: 'm'
2025-12-20 13:09:19 - 378x492 - WARNING - performance_monitor:339 - Error checking alert rule high_disk_usage: PerformanceMonitor._get_default_alert_rules.<locals>.<lambda>() missing 1 required positional argument: 'm'
2025-12-20 13:09:19 - 378x492 - WARNING - performance_monitor:406 - Performance Alert [WARNING]: Performance monitoring circuit breaker is open
2025-12-20 13:09:19 - 378x492 - WARNING - performance_monitor:339 - Error checking alert rule low_disk_space: PerformanceMonitor._get_default_alert_rules.<locals>.<lambda>() missing 1 required positional argument: 'm'
2025-12-20 13:09:19 - 378x492 - WARNING - performance_monitor:339 - Error checking alert rule high_process_count: PerformanceMonitor._get_default_alert_rules.<locals>.<lambda>() missing 1 required positional argument: 'm'
Slow request: GET /health took 2.52s
Slow request: GET /health took 2.53s
2025-12-20 13:09:20 - 378x492 - INFO - logging:136 - HTTP request
INFO:     127.0.0.1:51504 - "GET /health HTTP/1.1" 503 Service Unavailable
2025-12-20 13:09:21 - 378x492 - WARNING - performance_monitor:107 - Failed to collect network_connections: (pid=58686)
2025-12-20 13:09:22 - 378x492 - WARNING - performance_monitor:107 - Failed to collect network_connections: (pid=58686)
2025-12-20 13:09:22 - 378x492 - WARNING - performance_monitor:406 - Performance Alert [WARNING]: cpu_percent exceeded threshold: 100.0% > 90%
2025-12-20 13:09:22 - 378x492 - WARNING - performance_monitor:339 - Error checking alert rule high_cpu_usage: PerformanceMonitor._get_default_alert_rules.<locals>.<lambda>() missing 1 required positional argument: 'm'
2025-12-20 13:09:22 - 378x492 - WARNING - performance_monitor:339 - Error checking alert rule high_memory_usage: PerformanceMonitor._get_default_alert_rules.<locals>.<lambda>() missing 1 required positional argument: 'm'
2025-12-20 13:09:22 - 378x492 - WARNING - performance_monitor:339 - Error checking alert rule high_disk_usage: PerformanceMonitor._get_default_alert_rules.<locals>.<lambda>() missing 1 required positional argument: 'm'
2025-12-20 13:09:22 - 378x492 - WARNING - performance_monitor:406 - Performance Alert [WARNING]: Performance monitoring circuit breaker is open
2025-12-20 13:09:22 - 378x492 - WARNING - performance_monitor:339 - Error checking alert rule low_disk_space: PerformanceMonitor._get_default_alert_rules.<locals>.<lambda>() missing 1 required positional argument: 'm'
2025-12-20 13:09:22 - 378x492 - WARNING - performance_monitor:339 - Error checking alert rule high_process_count: PerformanceMonitor._get_default_alert_rules.<locals>.<lambda>() missing 1 required positional argument: 'm'
Slow request: GET /health took 2.51s
Slow request: GET /health took 2.52s
2025-12-20 13:09:22 - 378x492 - INFO - logging:136 - HTTP request
INFO:     127.0.0.1:51508 - "GET /health HTTP/1.1" 200 OK
2025-12-20 13:09:23 - 378x492 - WARNING - performance_monitor:107 - Failed to collect network_connections: (pid=58686)
2025-12-20 13:09:24 - 378x492 - WARNING - performance_monitor:107 - Failed to collect network_connections: (pid=58686)
2025-12-20 13:09:24 - 378x492 - WARNING - performance_monitor:406 - Performance Alert [WARNING]: cpu_percent exceeded threshold: 98.3% > 90%
2025-12-20 13:09:24 - 378x492 - WARNING - performance_monitor:339 - Error checking alert rule high_cpu_usage: PerformanceMonitor._get_default_alert_rules.<locals>.<lambda>() missing 1 required positional argument: 'm'
2025-12-20 13:09:24 - 378x492 - WARNING - performance_monitor:339 - Error checking alert rule high_memory_usage: PerformanceMonitor._get_default_alert_rules.<locals>.<lambda>() missing 1 required positional argument: 'm'
2025-12-20 13:09:24 - 378x492 - WARNING - performance_monitor:339 - Error checking alert rule high_disk_usage: PerformanceMonitor._get_default_alert_rules.<locals>.<lambda>() missing 1 required positional argument: 'm'
2025-12-20 13:09:24 - 378x492 - WARNING - performance_monitor:406 - Performance Alert [WARNING]: Performance monitoring circuit breaker is open
2025-12-20 13:09:24 - 378x492 - WARNING - performance_monitor:339 - Error checking alert rule low_disk_space: PerformanceMonitor._get_default_alert_rules.<locals>.<lambda>() missing 1 required positional argument: 'm'
2025-12-20 13:09:24 - 378x492 - WARNING - performance_monitor:339 - Error checking alert rule high_process_count: PerformanceMonitor._get_default_alert_rules.<locals>.<lambda>() missing 1 required positional argument: 'm'
Slow request: GET /health took 2.52s
Slow request: GET /health took 2.52s
2025-12-20 13:09:25 - 378x492 - INFO - logging:136 - HTTP request
INFO:     127.0.0.1:51517 - "GET /health HTTP/1.1" 200 OK
2025-12-20 13:09:26 - 378x492 - WARNING - performance_monitor:107 - Failed to collect network_connections: (pid=58686)
2025-12-20 13:09:27 - 378x492 - WARNING - performance_monitor:107 - Failed to collect network_connections: (pid=58686)
2025-12-20 13:09:27 - 378x492 - WARNING - performance_monitor:406 - Performance Alert [WARNING]: cpu_percent exceeded threshold: 99.5% > 90%
2025-12-20 13:09:27 - 378x492 - WARNING - performance_monitor:339 - Error checking alert rule high_cpu_usage: PerformanceMonitor._get_default_alert_rules.<locals>.<lambda>() missing 1 required positional argument: 'm'
2025-12-20 13:09:27 - 378x492 - WARNING - performance_monitor:339 - Error checking alert rule high_memory_usage: PerformanceMonitor._get_default_alert_rules.<locals>.<lambda>() missing 1 required positional argument: 'm'
2025-12-20 13:09:27 - 378x492 - WARNING - performance_monitor:339 - Error checking alert rule high_disk_usage: PerformanceMonitor._get_default_alert_rules.<locals>.<lambda>() missing 1 required positional argument: 'm'
2025-12-20 13:09:27 - 378x492 - WARNING - performance_monitor:406 - Performance Alert [WARNING]: Performance monitoring circuit breaker is open
2025-12-20 13:09:27 - 378x492 - WARNING - performance_monitor:339 - Error checking alert rule low_disk_space: PerformanceMonitor._get_default_alert_rules.<locals>.<lambda>() missing 1 required positional argument: 'm'
2025-12-20 13:09:27 - 378x492 - WARNING - performance_monitor:339 - Error checking alert rule high_process_count: PerformanceMonitor._get_default_alert_rules.<locals>.<lambda>() missing 1 required positional argument: 'm'
Slow request: GET /health took 2.59s
Slow request: GET /health took 2.59s
2025-12-20 13:09:28 - 378x492 - INFO - logging:136 - HTTP request
INFO:     127.0.0.1:51526 - "GET /health HTTP/1.1" 200 OK
2025-12-20 13:09:29 - 378x492 - WARNING - performance_monitor:107 - Failed to collect network_connections: (pid=58686)
2025-12-20 13:09:30 - 378x492 - WARNING - performance_monitor:107 - Failed to collect network_connections: (pid=58686)
2025-12-20 13:09:30 - 378x492 - WARNING - performance_monitor:406 - Performance Alert [WARNING]: cpu_percent exceeded threshold: 97.7% > 90%
2025-12-20 13:09:30 - 378x492 - WARNING - performance_monitor:339 - Error checking alert rule high_cpu_usage: PerformanceMonitor._get_default_alert_rules.<locals>.<lambda>() missing 1 required positional argument: 'm'
2025-12-20 13:09:30 - 378x492 - WARNING - performance_monitor:339 - Error checking alert rule high_memory_usage: PerformanceMonitor._get_default_alert_rules.<locals>.<lambda>() missing 1 required positional argument: 'm'
2025-12-20 13:09:30 - 378x492 - WARNING - performance_monitor:339 - Error checking alert rule high_disk_usage: PerformanceMonitor._get_default_alert_rules.<locals>.<lambda>() missing 1 required positional argument: 'm'
2025-12-20 13:09:30 - 378x492 - WARNING - performance_monitor:406 - Performance Alert [WARNING]: Performance monitoring circuit breaker is open
2025-12-20 13:09:30 - 378x492 - WARNING - performance_monitor:339 - Error checking alert rule low_disk_space: PerformanceMonitor._get_default_alert_rules.<locals>.<lambda>() missing 1 required positional argument: 'm'
2025-12-20 13:09:30 - 378x492 - WARNING - performance_monitor:339 - Error checking alert rule high_process_count: PerformanceMonitor._get_default_alert_rules.<locals>.<lambda>() missing 1 required positional argument: 'm'
Slow request: GET /health took 2.53s
Slow request: GET /health took 2.53s
2025-12-20 13:09:30 - 378x492 - INFO - logging:136 - HTTP request
INFO:     127.0.0.1:51527 - "GET /health HTTP/1.1" 200 OK
2025-12-20 13:09:30 - 378x492 - DEBUG - rate_limiting:203 - Rate limit check passed
2025-12-20 13:09:30 - 378x492 - INFO - logging:136 - HTTP request
INFO:     127.0.0.1:51530 - "GET /api/v1/collaboration/stats HTTP/1.1" 200 OK
2025-12-20 13:09:30 - 378x492 - INFO - logging:136 - HTTP request
INFO:     127.0.0.1:51531 - "GET /metrics HTTP/1.1" 200 OK
2025-12-20 13:09:31 - 378x492 - WARNING - performance_monitor:107 - Failed to collect network_connections: (pid=58686)
2025-12-20 13:09:32 - 378x492 - WARNING - performance_monitor:107 - Failed to collect network_connections: (pid=58686)
2025-12-20 13:09:32 - 378x492 - WARNING - performance_monitor:406 - Performance Alert [WARNING]: cpu_percent exceeded threshold: 96.5% > 90%
2025-12-20 13:09:32 - 378x492 - WARNING - performance_monitor:339 - Error checking alert rule high_cpu_usage: PerformanceMonitor._get_default_alert_rules.<locals>.<lambda>() missing 1 required positional argument: 'm'
2025-12-20 13:09:32 - 378x492 - WARNING - performance_monitor:339 - Error checking alert rule high_memory_usage: PerformanceMonitor._get_default_alert_rules.<locals>.<lambda>() missing 1 required positional argument: 'm'
2025-12-20 13:09:32 - 378x492 - WARNING - performance_monitor:339 - Error checking alert rule high_disk_usage: PerformanceMonitor._get_default_alert_rules.<locals>.<lambda>() missing 1 required positional argument: 'm'
2025-12-20 13:09:32 - 378x492 - WARNING - performance_monitor:406 - Performance Alert [WARNING]: Performance monitoring circuit breaker is open
2025-12-20 13:09:32 - 378x492 - WARNING - performance_monitor:339 - Error checking alert rule low_disk_space: PerformanceMonitor._get_default_alert_rules.<locals>.<lambda>() missing 1 required positional argument: 'm'
2025-12-20 13:09:32 - 378x492 - WARNING - performance_monitor:339 - Error checking alert rule high_process_count: PerformanceMonitor._get_default_alert_rules.<locals>.<lambda>() missing 1 required positional argument: 'm'
2025-12-20 13:09:34 - 378x492 - WARNING - performance_monitor:107 - Failed to collect network_connections: (pid=58686)
2025-12-20 13:09:35 - 378x492 - WARNING - performance_monitor:107 - Failed to collect network_connections: (pid=58686)
2025-12-20 13:09:35 - 378x492 - WARNING - performance_monitor:406 - Performance Alert [WARNING]: cpu_percent exceeded threshold: 98.2% > 90%
2025-12-20 13:09:35 - 378x492 - WARNING - performance_monitor:339 - Error checking alert rule high_cpu_usage: PerformanceMonitor._get_default_alert_rules.<locals>.<lambda>() missing 1 required positional argument: 'm'
2025-12-20 13:09:35 - 378x492 - WARNING - performance_monitor:339 - Error checking alert rule high_memory_usage: PerformanceMonitor._get_default_alert_rules.<locals>.<lambda>() missing 1 required positional argument: 'm'
2025-12-20 13:09:35 - 378x492 - WARNING - performance_monitor:339 - Error checking alert rule high_disk_usage: PerformanceMonitor._get_default_alert_rules.<locals>.<lambda>() missing 1 required positional argument: 'm'
2025-12-20 13:09:35 - 378x492 - WARNING - performance_monitor:406 - Performance Alert [WARNING]: Performance monitoring circuit breaker is open
2025-12-20 13:09:35 - 378x492 - WARNING - performance_monitor:339 - Error checking alert rule low_disk_space: PerformanceMonitor._get_default_alert_rules.<locals>.<lambda>() missing 1 required positional argument: 'm'
2025-12-20 13:09:35 - 378x492 - WARNING - performance_monitor:339 - Error checking alert rule high_process_count: PerformanceMonitor._get_default_alert_rules.<locals>.<lambda>() missing 1 required positional argument: 'm'
2025-12-20 13:09:36 - 378x492 - WARNING - performance_monitor:107 - Failed to collect network_connections: (pid=58686)
2025-12-20 13:09:37 - 378x492 - WARNING - performance_monitor:107 - Failed to collect network_connections: (pid=58686)
2025-12-20 13:09:37 - 378x492 - WARNING - performance_monitor:406 - Performance Alert [WARNING]: cpu_percent exceeded threshold: 95.3% > 90%
2025-12-20 13:09:37 - 378x492 - WARNING - performance_monitor:339 - Error checking alert rule high_cpu_usage: PerformanceMonitor._get_default_alert_rules.<locals>.<lambda>() missing 1 required positional argument: 'm'
2025-12-20 13:09:37 - 378x492 - WARNING - performance_monitor:339 - Error checking alert rule high_memory_usage: PerformanceMonitor._get_default_alert_rules.<locals>.<lambda>() missing 1 required positional argument: 'm'
2025-12-20 13:09:37 - 378x492 - WARNING - performance_monitor:339 - Error checking alert rule high_disk_usage: PerformanceMonitor._get_default_alert_rules.<locals>.<lambda>() missing 1 required positional argument: 'm'
2025-12-20 13:09:37 - 378x492 - WARNING - performance_monitor:406 - Performance Alert [WARNING]: Performance monitoring circuit breaker is open
2025-12-20 13:09:37 - 378x492 - WARNING - performance_monitor:339 - Error checking alert rule low_disk_space: PerformanceMonitor._get_default_alert_rules.<locals>.<lambda>() missing 1 required positional argument: 'm'
2025-12-20 13:09:37 - 378x492 - WARNING - performance_monitor:339 - Error checking alert rule high_process_count: PerformanceMonitor._get_default_alert_rules.<locals>.<lambda>() missing 1 required positional argument: 'm'
2025-12-20 13:09:39 - 378x492 - WARNING - performance_monitor:107 - Failed to collect network_connections: (pid=58686)
2025-12-20 13:09:40 - 378x492 - WARNING - performance_monitor:107 - Failed to collect network_connections: (pid=58686)
2025-12-20 13:09:40 - 378x492 - WARNING - performance_monitor:406 - Performance Alert [WARNING]: cpu_percent exceeded threshold: 100.0% > 90%
2025-12-20 13:09:40 - 378x492 - WARNING - performance_monitor:339 - Error checking alert rule high_cpu_usage: PerformanceMonitor._get_default_alert_rules.<locals>.<lambda>() missing 1 required positional argument: 'm'
2025-12-20 13:09:40 - 378x492 - WARNING - performance_monitor:339 - Error checking alert rule high_memory_usage: PerformanceMonitor._get_default_alert_rules.<locals>.<lambda>() missing 1 required positional argument: 'm'
2025-12-20 13:09:40 - 378x492 - WARNING - performance_monitor:339 - Error checking alert rule high_disk_usage: PerformanceMonitor._get_default_alert_rules.<locals>.<lambda>() missing 1 required positional argument: 'm'
2025-12-20 13:09:40 - 378x492 - WARNING - performance_monitor:406 - Performance Alert [WARNING]: Performance monitoring circuit breaker is open
2025-12-20 13:09:40 - 378x492 - WARNING - performance_monitor:339 - Error checking alert rule low_disk_space: PerformanceMonitor._get_default_alert_rules.<locals>.<lambda>() missing 1 required positional argument: 'm'
2025-12-20 13:09:40 - 378x492 - WARNING - performance_monitor:339 - Error checking alert rule high_process_count: PerformanceMonitor._get_default_alert_rules.<locals>.<lambda>() missing 1 required positional argument: 'm'
2025-12-20 13:09:41 - 378x492 - WARNING - proactive_monitoring:281 - 🚨 Proactive Alert [CRITICAL]: Critical health issue detected: System resources critical: {'status': 'critical', 'memory_percent': 50.1, 'cpu_percent': 100.0, 'disk_percent': 4.1, 'issues': ['.1f'], 'recommendations': ['Investigate CPU-intensive processes or consider scaling'], 'thresholds': {'memory_critical': 98, 'memory_degraded': 95, 'cpu_critical': 98, 'cpu_degraded': 90, 'disk_critical': 90}}
2025-12-20 13:09:41 - 378x492 - CRITICAL - proactive_monitoring:298 - 🚨 CRITICAL ALERT: Critical health issue detected: System resources critical: {'status': 'critical', 'memory_percent': 50.1, 'cpu_percent': 100.0, 'disk_percent': 4.1, 'issues': ['.1f'], 'recommendations': ['Investigate CPU-intensive processes or consider scaling'], 'thresholds': {'memory_critical': 98, 'memory_degraded': 95, 'cpu_critical': 98, 'cpu_degraded': 90, 'disk_critical': 90}}
2025-12-20 13:09:42 - 378x492 - WARNING - performance_monitor:107 - Failed to collect network_connections: (pid=58686)
2025-12-20 13:09:43 - 378x492 - WARNING - performance_monitor:107 - Failed to collect network_connections: (pid=58686)
2025-12-20 13:09:43 - 378x492 - WARNING - performance_monitor:339 - Error checking alert rule high_cpu_usage: PerformanceMonitor._get_default_alert_rules.<locals>.<lambda>() missing 1 required positional argument: 'm'
2025-12-20 13:09:43 - 378x492 - WARNING - performance_monitor:339 - Error checking alert rule high_memory_usage: PerformanceMonitor._get_default_alert_rules.<locals>.<lambda>() missing 1 required positional argument: 'm'
2025-12-20 13:09:43 - 378x492 - WARNING - performance_monitor:339 - Error checking alert rule high_disk_usage: PerformanceMonitor._get_default_alert_rules.<locals>.<lambda>() missing 1 required positional argument: 'm'
2025-12-20 13:09:43 - 378x492 - WARNING - performance_monitor:406 - Performance Alert [WARNING]: Performance monitoring circuit breaker is open
2025-12-20 13:09:43 - 378x492 - WARNING - performance_monitor:339 - Error checking alert rule low_disk_space: PerformanceMonitor._get_default_alert_rules.<locals>.<lambda>() missing 1 required positional argument: 'm'
2025-12-20 13:09:43 - 378x492 - WARNING - performance_monitor:339 - Error checking alert rule high_process_count: PerformanceMonitor._get_default_alert_rules.<locals>.<lambda>() missing 1 required positional argument: 'm'
2025-12-20 13:09:44 - 378x492 - WARNING - performance_monitor:107 - Failed to collect network_connections: (pid=58686)
2025-12-20 13:09:45 - 378x492 - WARNING - performance_monitor:107 - Failed to collect network_connections: (pid=58686)
2025-12-20 13:09:45 - 378x492 - WARNING - performance_monitor:339 - Error checking alert rule high_cpu_usage: PerformanceMonitor._get_default_alert_rules.<locals>.<lambda>() missing 1 required positional argument: 'm'
2025-12-20 13:09:45 - 378x492 - WARNING - performance_monitor:339 - Error checking alert rule high_memory_usage: PerformanceMonitor._get_default_alert_rules.<locals>.<lambda>() missing 1 required positional argument: 'm'
2025-12-20 13:09:45 - 378x492 - WARNING - performance_monitor:339 - Error checking alert rule high_disk_usage: PerformanceMonitor._get_default_alert_rules.<locals>.<lambda>() missing 1 required positional argument: 'm'
2025-12-20 13:09:45 - 378x492 - WARNING - performance_monitor:406 - Performance Alert [WARNING]: Performance monitoring circuit breaker is open
2025-12-20 13:09:45 - 378x492 - WARNING - performance_monitor:339 - Error checking alert rule low_disk_space: PerformanceMonitor._get_default_alert_rules.<locals>.<lambda>() missing 1 required positional argument: 'm'
2025-12-20 13:09:45 - 378x492 - WARNING - performance_monitor:339 - Error checking alert rule high_process_count: PerformanceMonitor._get_default_alert_rules.<locals>.<lambda>() missing 1 required positional argument: 'm'
2025-12-20 13:09:47 - 378x492 - WARNING - performance_monitor:107 - Failed to collect network_connections: (pid=58686)
2025-12-20 13:09:48 - 378x492 - WARNING - performance_monitor:107 - Failed to collect network_connections: (pid=58686)
2025-12-20 13:09:48 - 378x492 - WARNING - performance_monitor:339 - Error checking alert rule high_cpu_usage: PerformanceMonitor._get_default_alert_rules.<locals>.<lambda>() missing 1 required positional argument: 'm'
2025-12-20 13:09:48 - 378x492 - WARNING - performance_monitor:339 - Error checking alert rule high_memory_usage: PerformanceMonitor._get_default_alert_rules.<locals>.<lambda>() missing 1 required positional argument: 'm'
2025-12-20 13:09:48 - 378x492 - WARNING - performance_monitor:339 - Error checking alert rule high_disk_usage: PerformanceMonitor._get_default_alert_rules.<locals>.<lambda>() missing 1 required positional argument: 'm'
2025-12-20 13:09:48 - 378x492 - WARNING - performance_monitor:406 - Performance Alert [WARNING]: Performance monitoring circuit breaker is open
2025-12-20 13:09:48 - 378x492 - WARNING - performance_monitor:339 - Error checking alert rule low_disk_space: PerformanceMonitor._get_default_alert_rules.<locals>.<lambda>() missing 1 required positional argument: 'm'
2025-12-20 13:09:48 - 378x492 - WARNING - performance_monitor:339 - Error checking alert rule high_process_count: PerformanceMonitor._get_default_alert_rules.<locals>.<lambda>() missing 1 required positional argument: 'm'
Slow request: GET /health took 17.71s
2025-12-20 13:09:49 - 378x492 - WARNING - performance_monitor:107 - Failed to collect network_connections: (pid=58686)
2025-12-20 13:09:50 - 378x492 - WARNING - performance_monitor:107 - Failed to collect network_connections: (pid=58686)
2025-12-20 13:09:50 - 378x492 - WARNING - performance_monitor:406 - Performance Alert [WARNING]: cpu_percent exceeded threshold: 98.3% > 90%
2025-12-20 13:09:50 - 378x492 - WARNING - performance_monitor:339 - Error checking alert rule high_cpu_usage: PerformanceMonitor._get_default_alert_rules.<locals>.<lambda>() missing 1 required positional argument: 'm'
2025-12-20 13:09:50 - 378x492 - WARNING - performance_monitor:339 - Error checking alert rule high_memory_usage: PerformanceMonitor._get_default_alert_rules.<locals>.<lambda>() missing 1 required positional argument: 'm'
2025-12-20 13:09:50 - 378x492 - WARNING - performance_monitor:339 - Error checking alert rule high_disk_usage: PerformanceMonitor._get_default_alert_rules.<locals>.<lambda>() missing 1 required positional argument: 'm'
2025-12-20 13:09:50 - 378x492 - WARNING - performance_monitor:406 - Performance Alert [WARNING]: Performance monitoring circuit breaker is open
2025-12-20 13:09:50 - 378x492 - WARNING - performance_monitor:339 - Error checking alert rule low_disk_space: PerformanceMonitor._get_default_alert_rules.<locals>.<lambda>() missing 1 required positional argument: 'm'
2025-12-20 13:09:50 - 378x492 - WARNING - performance_monitor:339 - Error checking alert rule high_process_count: PerformanceMonitor._get_default_alert_rules.<locals>.<lambda>() missing 1 required positional argument: 'm'
Slow request: GET /health took 20.25s
2025-12-20 13:09:52 - 378x492 - WARNING - performance_monitor:107 - Failed to collect network_connections: (pid=58686)
2025-12-20 13:09:53 - 378x492 - WARNING - performance_monitor:107 - Failed to collect network_connections: (pid=58686)
2025-12-20 13:09:53 - 378x492 - WARNING - performance_monitor:406 - Performance Alert [WARNING]: cpu_percent exceeded threshold: 98.7% > 90%
2025-12-20 13:09:53 - 378x492 - WARNING - performance_monitor:339 - Error checking alert rule high_cpu_usage: PerformanceMonitor._get_default_alert_rules.<locals>.<lambda>() missing 1 required positional argument: 'm'
2025-12-20 13:09:53 - 378x492 - WARNING - performance_monitor:339 - Error checking alert rule high_memory_usage: PerformanceMonitor._get_default_alert_rules.<locals>.<lambda>() missing 1 required positional argument: 'm'
2025-12-20 13:09:53 - 378x492 - WARNING - performance_monitor:339 - Error checking alert rule high_disk_usage: PerformanceMonitor._get_default_alert_rules.<locals>.<lambda>() missing 1 required positional argument: 'm'
2025-12-20 13:09:53 - 378x492 - WARNING - performance_monitor:406 - Performance Alert [WARNING]: Performance monitoring circuit breaker is open
2025-12-20 13:09:53 - 378x492 - WARNING - performance_monitor:339 - Error checking alert rule low_disk_space: PerformanceMonitor._get_default_alert_rules.<locals>.<lambda>() missing 1 required positional argument: 'm'
2025-12-20 13:09:53 - 378x492 - WARNING - performance_monitor:339 - Error checking alert rule high_process_count: PerformanceMonitor._get_default_alert_rules.<locals>.<lambda>() missing 1 required positional argument: 'm'
Slow request: GET /health took 22.76s
Slow request: GET /health took 20.23s
Slow request: GET /health took 17.71s
Slow request: GET /health took 15.14s
Slow request: GET /health took 10.10s
Slow request: GET /health took 7.57s
Slow request: GET /health took 22.76s
Slow request: GET /health took 22.77s
Slow request: GET /health took 20.24s
Slow request: GET /health took 17.72s
Slow request: GET /health took 15.17s
Slow request: GET /health took 10.13s
Slow request: GET /health took 7.60s
Slow request: GET /health took 5.08s
2025-12-20 13:09:53 - 378x492 - INFO - logging:136 - HTTP request
2025-12-20 13:09:53 - 378x492 - INFO - logging:136 - HTTP request
2025-12-20 13:09:53 - 378x492 - INFO - logging:136 - HTTP request
2025-12-20 13:09:53 - 378x492 - INFO - logging:136 - HTTP request
2025-12-20 13:09:53 - 378x492 - INFO - logging:136 - HTTP request
2025-12-20 13:09:53 - 378x492 - INFO - logging:136 - HTTP request
2025-12-20 13:09:53 - 378x492 - INFO - logging:136 - HTTP request
2025-12-20 13:09:53 - 378x492 - INFO - logging:136 - HTTP request
2025-12-20 13:10:12 - 378x492 - WARNING - performance_monitor:107 - Failed to collect network_connections: (pid=58686)
2025-12-20 13:10:13 - 378x492 - WARNING - performance_monitor:107 - Failed to collect network_connections: (pid=58686)
2025-12-20 13:10:13 - 378x492 - WARNING - performance_monitor:406 - Performance Alert [WARNING]: cpu_percent exceeded threshold: 100.0% > 90%
2025-12-20 13:10:13 - 378x492 - WARNING - performance_monitor:339 - Error checking alert rule high_cpu_usage: PerformanceMonitor._get_default_alert_rules.<locals>.<lambda>() missing 1 required positional argument: 'm'
2025-12-20 13:10:13 - 378x492 - WARNING - performance_monitor:339 - Error checking alert rule high_memory_usage: PerformanceMonitor._get_default_alert_rules.<locals>.<lambda>() missing 1 required positional argument: 'm'
2025-12-20 13:10:13 - 378x492 - WARNING - performance_monitor:339 - Error checking alert rule high_disk_usage: PerformanceMonitor._get_default_alert_rules.<locals>.<lambda>() missing 1 required positional argument: 'm'
2025-12-20 13:10:13 - 378x492 - WARNING - performance_monitor:406 - Performance Alert [WARNING]: Performance monitoring circuit breaker is open
2025-12-20 13:10:13 - 378x492 - WARNING - performance_monitor:339 - Error checking alert rule low_disk_space: PerformanceMonitor._get_default_alert_rules.<locals>.<lambda>() missing 1 required positional argument: 'm'
2025-12-20 13:10:13 - 378x492 - WARNING - performance_monitor:339 - Error checking alert rule high_process_count: PerformanceMonitor._get_default_alert_rules.<locals>.<lambda>() missing 1 required positional argument: 'm'
2025-12-20 13:10:13 - 378x492 - WARNING - proactive_monitoring:281 - 🚨 Proactive Alert [CRITICAL]: Critical health issue detected: System resources critical: {'status': 'critical', 'memory_percent': 43.2, 'cpu_percent': 100.0, 'disk_percent': 4.1, 'issues': ['.1f'], 'recommendations': ['Investigate CPU-intensive processes or consider scaling'], 'thresholds': {'memory_critical': 98, 'memory_degraded': 95, 'cpu_critical': 98, 'cpu_degraded': 90, 'disk_critical': 90}}
2025-12-20 13:10:13 - 378x492 - CRITICAL - proactive_monitoring:298 - 🚨 CRITICAL ALERT: Critical health issue detected: System resources critical: {'status': 'critical', 'memory_percent': 43.2, 'cpu_percent': 100.0, 'disk_percent': 4.1, 'issues': ['.1f'], 'recommendations': ['Investigate CPU-intensive processes or consider scaling'], 'thresholds': {'memory_critical': 98, 'memory_degraded': 95, 'cpu_critical': 98, 'cpu_degraded': 90, 'disk_critical': 90}}
2025-12-20 13:10:44 - 378x492 - WARNING - performance_monitor:107 - Failed to collect network_connections: (pid=64084)
2025-12-20 13:10:45 - 378x492 - WARNING - performance_monitor:107 - Failed to collect network_connections: (pid=64084)
2025-12-20 13:10:45 - 378x492 - WARNING - performance_monitor:406 - Performance Alert [WARNING]: cpu_percent exceeded threshold: 100.0% > 90%
2025-12-20 13:10:45 - 378x492 - WARNING - performance_monitor:339 - Error checking alert rule high_cpu_usage: PerformanceMonitor._get_default_alert_rules.<locals>.<lambda>() missing 1 required positional argument: 'm'
2025-12-20 13:10:45 - 378x492 - WARNING - performance_monitor:339 - Error checking alert rule high_memory_usage: PerformanceMonitor._get_default_alert_rules.<locals>.<lambda>() missing 1 required positional argument: 'm'
2025-12-20 13:10:45 - 378x492 - WARNING - performance_monitor:339 - Error checking alert rule high_disk_usage: PerformanceMonitor._get_default_alert_rules.<locals>.<lambda>() missing 1 required positional argument: 'm'
2025-12-20 13:10:45 - 378x492 - WARNING - performance_monitor:406 - Performance Alert [WARNING]: Performance monitoring circuit breaker is open
2025-12-20 13:10:45 - 378x492 - WARNING - performance_monitor:339 - Error checking alert rule low_disk_space: PerformanceMonitor._get_default_alert_rules.<locals>.<lambda>() missing 1 required positional argument: 'm'
2025-12-20 13:10:45 - 378x492 - WARNING - performance_monitor:339 - Error checking alert rule high_process_count: PerformanceMonitor._get_default_alert_rules.<locals>.<lambda>() missing 1 required positional argument: 'm'
2025-12-20 13:11:00 - 378x492 - INFO - performance_monitor:156 - Performance monitoring circuit breaker reset
2025-12-20 13:11:01 - 378x492 - WARNING - performance_monitor:107 - Failed to collect network_connections: (pid=64084)
2025-12-20 13:11:01 - 378x492 - ERROR - performance_monitor:74 - Performance monitoring error: unsupported operand type(s) for /: 'tuple' and 'int'
2025-12-20 13:11:17 - 378x492 - WARNING - performance_monitor:107 - Failed to collect network_connections: (pid=58686)
2025-12-20 13:11:18 - 378x492 - WARNING - performance_monitor:107 - Failed to collect network_connections: (pid=58686)
2025-12-20 13:11:18 - 378x492 - WARNING - performance_monitor:406 - Performance Alert [WARNING]: cpu_percent exceeded threshold: 100.0% > 90%
2025-12-20 13:11:18 - 378x492 - WARNING - performance_monitor:339 - Error checking alert rule high_cpu_usage: PerformanceMonitor._get_default_alert_rules.<locals>.<lambda>() missing 1 required positional argument: 'm'
2025-12-20 13:11:18 - 378x492 - WARNING - performance_monitor:339 - Error checking alert rule high_memory_usage: PerformanceMonitor._get_default_alert_rules.<locals>.<lambda>() missing 1 required positional argument: 'm'
2025-12-20 13:11:18 - 378x492 - WARNING - performance_monitor:339 - Error checking alert rule high_disk_usage: PerformanceMonitor._get_default_alert_rules.<locals>.<lambda>() missing 1 required positional argument: 'm'
2025-12-20 13:11:18 - 378x492 - WARNING - performance_monitor:339 - Error checking alert rule low_disk_space: PerformanceMonitor._get_default_alert_rules.<locals>.<lambda>() missing 1 required positional argument: 'm'
2025-12-20 13:11:18 - 378x492 - WARNING - performance_monitor:339 - Error checking alert rule high_process_count: PerformanceMonitor._get_default_alert_rules.<locals>.<lambda>() missing 1 required positional argument: 'm'
2025-12-20 13:11:18 - 378x492 - WARNING - proactive_monitoring:281 - 🚨 Proactive Alert [CRITICAL]: Critical health issue detected: System resources critical: {'status': 'critical', 'memory_percent': 40.6, 'cpu_percent': 100.0, 'disk_percent': 4.2, 'issues': ['.1f'], 'recommendations': ['Investigate CPU-intensive processes or consider scaling'], 'thresholds': {'memory_critical': 98, 'memory_degraded': 95, 'cpu_critical': 98, 'cpu_degraded': 90, 'disk_critical': 90}}
2025-12-20 13:11:18 - 378x492 - CRITICAL - proactive_monitoring:298 - 🚨 CRITICAL ALERT: Critical health issue detected: System resources critical: {'status': 'critical', 'memory_percent': 40.6, 'cpu_percent': 100.0, 'disk_percent': 4.2, 'issues': ['.1f'], 'recommendations': ['Investigate CPU-intensive processes or consider scaling'], 'thresholds': {'memory_critical': 98, 'memory_degraded': 95, 'cpu_critical': 98, 'cpu_degraded': 90, 'disk_critical': 90}}
2025-12-20 13:11:19 - 378x492 - WARNING - performance_monitor:107 - Failed to collect network_connections: (pid=58686)
2025-12-20 13:11:20 - 378x492 - WARNING - performance_monitor:107 - Failed to collect network_connections: (pid=58686)
2025-12-20 13:11:20 - 378x492 - WARNING - performance_monitor:406 - Performance Alert [WARNING]: cpu_percent exceeded threshold: 100.0% > 90%
2025-12-20 13:11:20 - 378x492 - WARNING - performance_monitor:339 - Error checking alert rule high_cpu_usage: PerformanceMonitor._get_default_alert_rules.<locals>.<lambda>() missing 1 required positional argument: 'm'
2025-12-20 13:11:20 - 378x492 - WARNING - performance_monitor:339 - Error checking alert rule high_memory_usage: PerformanceMonitor._get_default_alert_rules.<locals>.<lambda>() missing 1 required positional argument: 'm'
2025-12-20 13:11:20 - 378x492 - WARNING - performance_monitor:339 - Error checking alert rule high_disk_usage: PerformanceMonitor._get_default_alert_rules.<locals>.<lambda>() missing 1 required positional argument: 'm'
2025-12-20 13:11:20 - 378x492 - WARNING - performance_monitor:339 - Error checking alert rule low_disk_space: PerformanceMonitor._get_default_alert_rules.<locals>.<lambda>() missing 1 required positional argument: 'm'
2025-12-20 13:11:20 - 378x492 - WARNING - performance_monitor:339 - Error checking alert rule high_process_count: PerformanceMonitor._get_default_alert_rules.<locals>.<lambda>() missing 1 required positional argument: 'm'
Slow request: GET /health took 2.52s
Slow request: GET /health took 2.52s
2025-12-20 13:11:21 - 378x492 - INFO - logging:136 - HTTP request
INFO:     127.0.0.1:51830 - "GET /health HTTP/1.1" 200 OK
2025-12-20 13:11:49 - 378x492 - WARNING - performance_monitor:107 - Failed to collect network_connections: (pid=68657)
2025-12-20 13:11:50 - 378x492 - WARNING - performance_monitor:107 - Failed to collect network_connections: (pid=68657)
2025-12-20 13:11:50 - 378x492 - WARNING - performance_monitor:339 - Error checking alert rule high_cpu_usage: PerformanceMonitor._get_default_alert_rules.<locals>.<lambda>() missing 1 required positional argument: 'm'
2025-12-20 13:11:50 - 378x492 - WARNING - performance_monitor:339 - Error checking alert rule high_memory_usage: PerformanceMonitor._get_default_alert_rules.<locals>.<lambda>() missing 1 required positional argument: 'm'
2025-12-20 13:11:50 - 378x492 - WARNING - performance_monitor:339 - Error checking alert rule high_disk_usage: PerformanceMonitor._get_default_alert_rules.<locals>.<lambda>() missing 1 required positional argument: 'm'
2025-12-20 13:11:50 - 378x492 - WARNING - performance_monitor:339 - Error checking alert rule low_disk_space: PerformanceMonitor._get_default_alert_rules.<locals>.<lambda>() missing 1 required positional argument: 'm'
2025-12-20 13:11:50 - 378x492 - WARNING - performance_monitor:339 - Error checking alert rule high_process_count: PerformanceMonitor._get_default_alert_rules.<locals>.<lambda>() missing 1 required positional argument: 'm'
2025-12-20 13:12:02 - 378x492 - WARNING - performance_monitor:107 - Failed to collect network_connections: (pid=68657)
2025-12-20 13:12:02 - 378x492 - ERROR - performance_monitor:74 - Performance monitoring error: unsupported operand type(s) for /: 'tuple' and 'int'
2025-12-20 13:12:22 - 378x492 - WARNING - performance_monitor:107 - Failed to collect network_connections: (pid=68657)
2025-12-20 13:12:23 - 378x492 - WARNING - performance_monitor:107 - Failed to collect network_connections: (pid=68657)
2025-12-20 13:12:23 - 378x492 - WARNING - performance_monitor:406 - Performance Alert [WARNING]: cpu_percent exceeded threshold: 100.0% > 90%
2025-12-20 13:12:23 - 378x492 - WARNING - performance_monitor:339 - Error checking alert rule high_cpu_usage: PerformanceMonitor._get_default_alert_rules.<locals>.<lambda>() missing 1 required positional argument: 'm'
2025-12-20 13:12:23 - 378x492 - WARNING - performance_monitor:339 - Error checking alert rule high_memory_usage: PerformanceMonitor._get_default_alert_rules.<locals>.<lambda>() missing 1 required positional argument: 'm'
2025-12-20 13:12:23 - 378x492 - WARNING - performance_monitor:339 - Error checking alert rule high_disk_usage: PerformanceMonitor._get_default_alert_rules.<locals>.<lambda>() missing 1 required positional argument: 'm'
2025-12-20 13:12:23 - 378x492 - WARNING - performance_monitor:339 - Error checking alert rule low_disk_space: PerformanceMonitor._get_default_alert_rules.<locals>.<lambda>() missing 1 required positional argument: 'm'
2025-12-20 13:12:23 - 378x492 - WARNING - performance_monitor:339 - Error checking alert rule high_process_count: PerformanceMonitor._get_default_alert_rules.<locals>.<lambda>() missing 1 required positional argument: 'm'
2025-12-20 13:12:23 - 378x492 - WARNING - proactive_monitoring:281 - 🚨 Proactive Alert [CRITICAL]: Critical health issue detected: System resources critical: {'status': 'critical', 'memory_percent': 41.4, 'cpu_percent': 100.0, 'disk_percent': 4.2, 'issues': ['.1f'], 'recommendations': ['Investigate CPU-intensive processes or consider scaling'], 'thresholds': {'memory_critical': 98, 'memory_degraded': 95, 'cpu_critical': 98, 'cpu_degraded': 90, 'disk_critical': 90}}
2025-12-20 13:12:23 - 378x492 - CRITICAL - proactive_monitoring:298 - 🚨 CRITICAL ALERT: Critical health issue detected: System resources critical: {'status': 'critical', 'memory_percent': 41.4, 'cpu_percent': 100.0, 'disk_percent': 4.2, 'issues': ['.1f'], 'recommendations': ['Investigate CPU-intensive processes or consider scaling'], 'thresholds': {'memory_critical': 98, 'memory_degraded': 95, 'cpu_critical': 98, 'cpu_degraded': 90, 'disk_critical': 90}}
2025-12-20 13:12:34 - 378x492 - WARNING - performance_monitor:107 - Failed to collect network_connections: (pid=68657)
2025-12-20 13:12:35 - 378x492 - WARNING - performance_monitor:107 - Failed to collect network_connections: (pid=68657)
2025-12-20 13:12:35 - 378x492 - WARNING - performance_monitor:406 - Performance Alert [WARNING]: cpu_percent exceeded threshold: 99.7% > 90%
2025-12-20 13:12:35 - 378x492 - WARNING - performance_monitor:339 - Error checking alert rule high_cpu_usage: PerformanceMonitor._get_default_alert_rules.<locals>.<lambda>() missing 1 required positional argument: 'm'
2025-12-20 13:12:35 - 378x492 - WARNING - performance_monitor:339 - Error checking alert rule high_memory_usage: PerformanceMonitor._get_default_alert_rules.<locals>.<lambda>() missing 1 required positional argument: 'm'
2025-12-20 13:12:35 - 378x492 - WARNING - performance_monitor:339 - Error checking alert rule high_disk_usage: PerformanceMonitor._get_default_alert_rules.<locals>.<lambda>() missing 1 required positional argument: 'm'
2025-12-20 13:12:35 - 378x492 - WARNING - performance_monitor:339 - Error checking alert rule low_disk_space: PerformanceMonitor._get_default_alert_rules.<locals>.<lambda>() missing 1 required positional argument: 'm'
2025-12-20 13:12:35 - 378x492 - WARNING - performance_monitor:339 - Error checking alert rule high_process_count: PerformanceMonitor._get_default_alert_rules.<locals>.<lambda>() missing 1 required positional argument: 'm'
2025-12-20 13:12:37 - 378x492 - WARNING - performance_monitor:107 - Failed to collect network_connections: (pid=68657)
2025-12-20 13:12:38 - 378x492 - WARNING - performance_monitor:107 - Failed to collect network_connections: (pid=68657)
2025-12-20 13:12:38 - 378x492 - WARNING - performance_monitor:406 - Performance Alert [WARNING]: cpu_percent exceeded threshold: 100.0% > 90%
2025-12-20 13:12:38 - 378x492 - WARNING - performance_monitor:339 - Error checking alert rule high_cpu_usage: PerformanceMonitor._get_default_alert_rules.<locals>.<lambda>() missing 1 required positional argument: 'm'
2025-12-20 13:12:38 - 378x492 - WARNING - performance_monitor:339 - Error checking alert rule high_memory_usage: PerformanceMonitor._get_default_alert_rules.<locals>.<lambda>() missing 1 required positional argument: 'm'
2025-12-20 13:12:38 - 378x492 - WARNING - performance_monitor:339 - Error checking alert rule high_disk_usage: PerformanceMonitor._get_default_alert_rules.<locals>.<lambda>() missing 1 required positional argument: 'm'
2025-12-20 13:12:38 - 378x492 - WARNING - performance_monitor:339 - Error checking alert rule low_disk_space: PerformanceMonitor._get_default_alert_rules.<locals>.<lambda>() missing 1 required positional argument: 'm'
2025-12-20 13:12:38 - 378x492 - WARNING - performance_monitor:339 - Error checking alert rule high_process_count: PerformanceMonitor._get_default_alert_rules.<locals>.<lambda>() missing 1 required positional argument: 'm'
2025-12-20 13:12:39 - 378x492 - WARNING - performance_monitor:107 - Failed to collect network_connections: (pid=68657)
2025-12-20 13:12:40 - 378x492 - WARNING - performance_monitor:107 - Failed to collect network_connections: (pid=68657)
2025-12-20 13:12:40 - 378x492 - WARNING - performance_monitor:406 - Performance Alert [WARNING]: cpu_percent exceeded threshold: 100.0% > 90%
2025-12-20 13:12:40 - 378x492 - WARNING - performance_monitor:339 - Error checking alert rule high_cpu_usage: PerformanceMonitor._get_default_alert_rules.<locals>.<lambda>() missing 1 required positional argument: 'm'
2025-12-20 13:12:40 - 378x492 - WARNING - performance_monitor:339 - Error checking alert rule high_memory_usage: PerformanceMonitor._get_default_alert_rules.<locals>.<lambda>() missing 1 required positional argument: 'm'
2025-12-20 13:12:40 - 378x492 - WARNING - performance_monitor:339 - Error checking alert rule high_disk_usage: PerformanceMonitor._get_default_alert_rules.<locals>.<lambda>() missing 1 required positional argument: 'm'
2025-12-20 13:12:40 - 378x492 - WARNING - performance_monitor:339 - Error checking alert rule low_disk_space: PerformanceMonitor._get_default_alert_rules.<locals>.<lambda>() missing 1 required positional argument: 'm'
2025-12-20 13:12:40 - 378x492 - WARNING - performance_monitor:339 - Error checking alert rule high_process_count: PerformanceMonitor._get_default_alert_rules.<locals>.<lambda>() missing 1 required positional argument: 'm'
Slow request: GET /health took 7.60s
Slow request: GET /health took 7.61s
Slow request: GET /health took 5.32s
Slow request: GET /health took 7.86s
Slow request: GET /health took 6.61s
Slow request: GET /health took 5.10s
2025-12-20 13:12:44 - 378x492 - INFO - logging:136 - HTTP request
2025-12-20 13:12:46 - 378x492 - INFO - logging:136 - HTTP request
INFO:     127.0.0.1:52000 - "GET /health HTTP/1.1" 200 OK
2025-12-20 13:12:46 - 378x492 - INFO - logging:136 - HTTP request
INFO:     127.0.0.1:52001 - "GET /health HTTP/1.1" 200 OK
INFO:     127.0.0.1:52002 - "GET /health HTTP/1.1" 200 OK
2025-12-20 13:12:48 - 378x492 - DEBUG - rate_limiting:203 - Rate limit check passed
2025-12-20 13:12:52 - 378x492 - INFO - logging:136 - HTTP request
2025-12-20 13:12:55 - 378x492 - WARNING - performance_monitor:107 - Failed to collect network_connections: (pid=68657)
2025-12-20 13:12:58 - 378x492 - WARNING - performance_monitor:107 - Failed to collect network_connections: (pid=68657)
2025-12-20 13:12:59 - 378x492 - WARNING - performance_monitor:406 - Performance Alert [WARNING]: cpu_percent exceeded threshold: 99.5% > 90%
2025-12-20 13:13:00 - 378x492 - WARNING - performance_monitor:339 - Error checking alert rule high_cpu_usage: PerformanceMonitor._get_default_alert_rules.<locals>.<lambda>() missing 1 required positional argument: 'm'
2025-12-20 13:13:00 - 378x492 - WARNING - performance_monitor:339 - Error checking alert rule high_memory_usage: PerformanceMonitor._get_default_alert_rules.<locals>.<lambda>() missing 1 required positional argument: 'm'
2025-12-20 13:13:00 - 378x492 - WARNING - performance_monitor:339 - Error checking alert rule high_disk_usage: PerformanceMonitor._get_default_alert_rules.<locals>.<lambda>() missing 1 required positional argument: 'm'
2025-12-20 13:13:00 - 378x492 - WARNING - performance_monitor:339 - Error checking alert rule low_disk_space: PerformanceMonitor._get_default_alert_rules.<locals>.<lambda>() missing 1 required positional argument: 'm'
2025-12-20 13:13:00 - 378x492 - WARNING - performance_monitor:339 - Error checking alert rule high_process_count: PerformanceMonitor._get_default_alert_rules.<locals>.<lambda>() missing 1 required positional argument: 'm'
2025-12-20 13:13:01 - 378x492 - WARNING - proactive_monitoring:281 - 🚨 Proactive Alert [CRITICAL]: Critical health issue detected: System resources critical: {'status': 'critical', 'memory_percent': 41.4, 'cpu_percent': 99.3, 'disk_percent': 4.2, 'issues': ['.1f'], 'recommendations': ['Investigate CPU-intensive processes or consider scaling'], 'thresholds': {'memory_critical': 98, 'memory_degraded': 95, 'cpu_critical': 98, 'cpu_degraded': 90, 'disk_critical': 90}}
2025-12-20 13:13:01 - 378x492 - CRITICAL - proactive_monitoring:298 - 🚨 CRITICAL ALERT: Critical health issue detected: System resources critical: {'status': 'critical', 'memory_percent': 41.4, 'cpu_percent': 99.3, 'disk_percent': 4.2, 'issues': ['.1f'], 'recommendations': ['Investigate CPU-intensive processes or consider scaling'], 'thresholds': {'memory_critical': 98, 'memory_degraded': 95, 'cpu_critical': 98, 'cpu_degraded': 90, 'disk_critical': 90}}
2025-12-20 13:13:01 - 378x492 - DEBUG - rate_limiting:203 - Rate limit check passed
2025-12-20 13:13:01 - 378x492 - DEBUG - rate_limiting:203 - Rate limit check passed
INFO:     127.0.0.1:52022 - "GET /api/v1/ai/health HTTP/1.1" 200 OK
Slow request: GET /api/v1/ai/health took 6.99s
Slow request: GET /api/v1/ai/health took 6.99s
2025-12-20 13:13:03 - 378x492 - WARNING - performance_monitor:107 - Failed to collect network_connections: (pid=68657)
2025-12-20 13:13:03 - 378x492 - WARNING - performance_monitor:167 - Performance monitoring circuit breaker opened after 3 failures
2025-12-20 13:13:03 - 378x492 - ERROR - performance_monitor:74 - Performance monitoring error: unsupported operand type(s) for /: 'tuple' and 'int'
Slow request: GET /api/v1/ai/health took 1.54s
2025-12-20 13:13:03 - 378x492 - INFO - logging:136 - HTTP request
2025-12-20 13:13:04 - 378x492 - INFO - logging:136 - HTTP request
INFO:     127.0.0.1:52001 - "GET /api/v1/ai/health HTTP/1.1" 200 OK
INFO:     127.0.0.1:52002 - "GET /api/v1/ai/health HTTP/1.1" 200 OK
2025-12-20 13:13:06 - 378x492 - INFO - logging:136 - HTTP request
INFO:     127.0.0.1:52082 - "GET /metrics HTTP/1.1" 200 OK
2025-12-20 13:13:09 - 378x492 - INFO - logging:136 - HTTP request
2025-12-20 13:13:11 - 378x492 - INFO - logging:136 - HTTP request
INFO:     127.0.0.1:52086 - "GET /metrics HTTP/1.1" 200 OK
INFO:     127.0.0.1:52087 - "GET /metrics HTTP/1.1" 200 OK
2025-12-20 13:13:32 - 378x492 - WARNING - performance_monitor:107 - Failed to collect network_connections: (pid=68657)
2025-12-20 13:13:34 - 378x492 - WARNING - performance_monitor:107 - Failed to collect network_connections: (pid=68657)
2025-12-20 13:13:37 - 378x492 - WARNING - performance_monitor:339 - Error checking alert rule high_cpu_usage: PerformanceMonitor._get_default_alert_rules.<locals>.<lambda>() missing 1 required positional argument: 'm'
2025-12-20 13:13:37 - 378x492 - WARNING - performance_monitor:339 - Error checking alert rule high_memory_usage: PerformanceMonitor._get_default_alert_rules.<locals>.<lambda>() missing 1 required positional argument: 'm'
2025-12-20 13:13:37 - 378x492 - WARNING - performance_monitor:339 - Error checking alert rule high_disk_usage: PerformanceMonitor._get_default_alert_rules.<locals>.<lambda>() missing 1 required positional argument: 'm'
2025-12-20 13:13:37 - 378x492 - WARNING - performance_monitor:406 - Performance Alert [WARNING]: Performance monitoring circuit breaker is open
2025-12-20 13:13:37 - 378x492 - WARNING - performance_monitor:339 - Error checking alert rule low_disk_space: PerformanceMonitor._get_default_alert_rules.<locals>.<lambda>() missing 1 required positional argument: 'm'
2025-12-20 13:13:37 - 378x492 - WARNING - performance_monitor:339 - Error checking alert rule high_process_count: PerformanceMonitor._get_default_alert_rules.<locals>.<lambda>() missing 1 required positional argument: 'm'
2025-12-20 13:13:38 - 378x492 - ERROR - proactive_monitoring:115 - Error performing health checks: 'JSONResponse' object has no attribute 'get'
2025-12-20 13:13:38 - 378x492 - WARNING - proactive_monitoring:281 - 🚨 Proactive Alert [ERROR]: Health monitoring failed: 'JSONResponse' object has no attribute 'get'
2025-12-20 13:14:08 - 378x492 - WARNING - performance_monitor:107 - Failed to collect network_connections: (pid=73134)
2025-12-20 13:14:09 - 378x492 - WARNING - performance_monitor:107 - Failed to collect network_connections: (pid=58686)
2025-12-20 13:14:09 - 378x492 - WARNING - performance_monitor:339 - Error checking alert rule high_cpu_usage: PerformanceMonitor._get_default_alert_rules.<locals>.<lambda>() missing 1 required positional argument: 'm'
2025-12-20 13:14:09 - 378x492 - WARNING - performance_monitor:339 - Error checking alert rule high_memory_usage: PerformanceMonitor._get_default_alert_rules.<locals>.<lambda>() missing 1 required positional argument: 'm'
2025-12-20 13:14:09 - 378x492 - WARNING - performance_monitor:339 - Error checking alert rule high_disk_usage: PerformanceMonitor._get_default_alert_rules.<locals>.<lambda>() missing 1 required positional argument: 'm'
2025-12-20 13:14:09 - 378x492 - WARNING - performance_monitor:406 - Performance Alert [WARNING]: Performance monitoring circuit breaker is open
2025-12-20 13:14:09 - 378x492 - WARNING - performance_monitor:339 - Error checking alert rule low_disk_space: PerformanceMonitor._get_default_alert_rules.<locals>.<lambda>() missing 1 required positional argument: 'm'
2025-12-20 13:14:09 - 378x492 - WARNING - performance_monitor:339 - Error checking alert rule high_process_count: PerformanceMonitor._get_default_alert_rules.<locals>.<lambda>() missing 1 required positional argument: 'm'
2025-12-20 13:14:10 - 378x492 - WARNING - performance_monitor:107 - Failed to collect network_connections: (pid=58686)
2025-12-20 13:14:11 - 378x492 - WARNING - performance_monitor:107 - Failed to collect network_connections: (pid=58686)
2025-12-20 13:14:11 - 378x492 - WARNING - performance_monitor:406 - Performance Alert [WARNING]: cpu_percent exceeded threshold: 96.3% > 90%
2025-12-20 13:14:11 - 378x492 - WARNING - performance_monitor:339 - Error checking alert rule high_cpu_usage: PerformanceMonitor._get_default_alert_rules.<locals>.<lambda>() missing 1 required positional argument: 'm'
2025-12-20 13:14:11 - 378x492 - WARNING - performance_monitor:339 - Error checking alert rule high_memory_usage: PerformanceMonitor._get_default_alert_rules.<locals>.<lambda>() missing 1 required positional argument: 'm'
2025-12-20 13:14:11 - 378x492 - WARNING - performance_monitor:339 - Error checking alert rule high_disk_usage: PerformanceMonitor._get_default_alert_rules.<locals>.<lambda>() missing 1 required positional argument: 'm'
2025-12-20 13:14:11 - 378x492 - WARNING - performance_monitor:406 - Performance Alert [WARNING]: Performance monitoring circuit breaker is open
2025-12-20 13:14:11 - 378x492 - WARNING - performance_monitor:339 - Error checking alert rule low_disk_space: PerformanceMonitor._get_default_alert_rules.<locals>.<lambda>() missing 1 required positional argument: 'm'
2025-12-20 13:14:11 - 378x492 - WARNING - performance_monitor:339 - Error checking alert rule high_process_count: PerformanceMonitor._get_default_alert_rules.<locals>.<lambda>() missing 1 required positional argument: 'm'
2025-12-20 13:14:12 - 378x492 - ERROR - proactive_monitoring:115 - Error performing health checks: 'JSONResponse' object has no attribute 'get'
Slow request: GET /health took 5.24s
Slow request: GET /health took 5.24s
2025-12-20 13:14:12 - 378x492 - INFO - logging:136 - HTTP request
2025-12-20 13:14:12 - 378x492 - INFO - logging:136 - HTTP request
INFO:     127.0.0.1:52245 - "GET /health/ready HTTP/1.1" 200 OK
2025-12-20 13:14:12 - 378x492 - INFO - logging:136 - HTTP request
INFO:     127.0.0.1:52252 - "GET /health/live HTTP/1.1" 200 OK
2025-12-20 13:14:13 - 378x492 - WARNING - performance_monitor:107 - Failed to collect network_connections: (pid=73391)
2025-12-20 13:14:14 - 378x492 - WARNING - performance_monitor:107 - Failed to collect network_connections: (pid=73391)
2025-12-20 13:14:14 - 378x492 - WARNING - performance_monitor:406 - Performance Alert [WARNING]: cpu_percent exceeded threshold: 94.4% > 90%
2025-12-20 13:14:14 - 378x492 - WARNING - performance_monitor:339 - Error checking alert rule high_cpu_usage: PerformanceMonitor._get_default_alert_rules.<locals>.<lambda>() missing 1 required positional argument: 'm'
2025-12-20 13:14:14 - 378x492 - WARNING - performance_monitor:339 - Error checking alert rule high_memory_usage: PerformanceMonitor._get_default_alert_rules.<locals>.<lambda>() missing 1 required positional argument: 'm'
2025-12-20 13:14:14 - 378x492 - WARNING - performance_monitor:339 - Error checking alert rule high_disk_usage: PerformanceMonitor._get_default_alert_rules.<locals>.<lambda>() missing 1 required positional argument: 'm'
2025-12-20 13:14:14 - 378x492 - WARNING - performance_monitor:406 - Performance Alert [WARNING]: Performance monitoring circuit breaker is open
2025-12-20 13:14:14 - 378x492 - WARNING - performance_monitor:339 - Error checking alert rule low_disk_space: PerformanceMonitor._get_default_alert_rules.<locals>.<lambda>() missing 1 required positional argument: 'm'
2025-12-20 13:14:14 - 378x492 - WARNING - performance_monitor:339 - Error checking alert rule high_process_count: PerformanceMonitor._get_default_alert_rules.<locals>.<lambda>() missing 1 required positional argument: 'm'
Slow request: GET /health took 2.53s
Slow request: GET /health took 2.53s
2025-12-20 13:14:15 - 378x492 - INFO - logging:136 - HTTP request
INFO:     127.0.0.1:52253 - "GET /health HTTP/1.1" 200 OK
2025-12-20 13:14:15 - 378x492 - DEBUG - rate_limiting:203 - Rate limit check passed
2025-12-20 13:14:15 - 378x492 - INFO - logging:136 - HTTP request
INFO:     127.0.0.1:52267 - "GET /api/v1/rules HTTP/1.1" 307 Temporary Redirect
2025-12-20 13:14:15 - 378x492 - INFO - logging:136 - HTTP request
INFO:     127.0.0.1:52268 - "GET /health/ready HTTP/1.1" 200 OK
2025-12-20 13:14:15 - 378x492 - INFO - logging:136 - HTTP request
INFO:     127.0.0.1:52270 - "GET /health/live HTTP/1.1" 200 OK
2025-12-20 13:14:15 - 378x492 - DEBUG - rate_limiting:203 - Rate limit check passed
2025-12-20 13:14:15 - 378x492 - INFO - logging:136 - HTTP request
INFO:     127.0.0.1:52271 - "GET /api/v1/ai/health HTTP/1.1" 200 OK
2025-12-20 13:14:15 - 378x492 - DEBUG - rate_limiting:203 - Rate limit check passed
2025-12-20 13:14:15 - 378x492 - ERROR - logging:167 - Starlette HTTP 404: Not Found
2025-12-20 13:14:15 - 378x492 - INFO - logging:136 - HTTP request
INFO:     127.0.0.1:52272 - "GET /performance/metrics HTTP/1.1" 404 Not Found
2025-12-20 13:14:15 - 378x492 - DEBUG - rate_limiting:203 - Rate limit check passed
2025-12-20 13:14:15 - 378x492 - INFO - logging:136 - HTTP request
INFO:     127.0.0.1:52273 - "GET / HTTP/1.1" 200 OK
2025-12-20 13:14:16 - 378x492 - WARNING - performance_monitor:107 - Failed to collect network_connections: (pid=73391)
2025-12-20 13:14:18 - 378x492 - WARNING - performance_monitor:107 - Failed to collect network_connections: (pid=73391)
2025-12-20 13:14:18 - 378x492 - WARNING - performance_monitor:339 - Error checking alert rule high_cpu_usage: PerformanceMonitor._get_default_alert_rules.<locals>.<lambda>() missing 1 required positional argument: 'm'
2025-12-20 13:14:18 - 378x492 - WARNING - performance_monitor:339 - Error checking alert rule high_memory_usage: PerformanceMonitor._get_default_alert_rules.<locals>.<lambda>() missing 1 required positional argument: 'm'
2025-12-20 13:14:18 - 378x492 - WARNING - performance_monitor:339 - Error checking alert rule high_disk_usage: PerformanceMonitor._get_default_alert_rules.<locals>.<lambda>() missing 1 required positional argument: 'm'
2025-12-20 13:14:18 - 378x492 - WARNING - performance_monitor:406 - Performance Alert [WARNING]: Performance monitoring circuit breaker is open
2025-12-20 13:14:18 - 378x492 - WARNING - performance_monitor:339 - Error checking alert rule low_disk_space: PerformanceMonitor._get_default_alert_rules.<locals>.<lambda>() missing 1 required positional argument: 'm'
2025-12-20 13:14:18 - 378x492 - WARNING - performance_monitor:339 - Error checking alert rule high_process_count: PerformanceMonitor._get_default_alert_rules.<locals>.<lambda>() missing 1 required positional argument: 'm'
Slow request: GET /health took 2.55s
Slow request: GET /health took 2.64s
2025-12-20 13:14:19 - 378x492 - INFO - logging:136 - HTTP request
INFO:     127.0.0.1:52274 - "GET /health HTTP/1.1" 200 OK
2025-12-20 13:14:49 - 378x492 - DEBUG - rate_limiting:203 - Rate limit check passed
2025-12-20 13:14:50 - 378x492 - WARNING - performance_monitor:107 - Failed to collect network_connections: (pid=73391)
2025-12-20 13:14:51 - 378x492 - WARNING - performance_monitor:107 - Failed to collect network_connections: (pid=73391)
2025-12-20 13:14:51 - 378x492 - WARNING - performance_monitor:406 - Performance Alert [WARNING]: cpu_percent exceeded threshold: 94.4% > 90%
2025-12-20 13:14:51 - 378x492 - WARNING - performance_monitor:339 - Error checking alert rule high_cpu_usage: PerformanceMonitor._get_default_alert_rules.<locals>.<lambda>() missing 1 required positional argument: 'm'
2025-12-20 13:14:51 - 378x492 - WARNING - performance_monitor:339 - Error checking alert rule high_memory_usage: PerformanceMonitor._get_default_alert_rules.<locals>.<lambda>() missing 1 required positional argument: 'm'
2025-12-20 13:14:51 - 378x492 - WARNING - performance_monitor:339 - Error checking alert rule high_disk_usage: PerformanceMonitor._get_default_alert_rules.<locals>.<lambda>() missing 1 required positional argument: 'm'
2025-12-20 13:14:51 - 378x492 - WARNING - performance_monitor:406 - Performance Alert [WARNING]: Performance monitoring circuit breaker is open
2025-12-20 13:14:51 - 378x492 - WARNING - performance_monitor:339 - Error checking alert rule low_disk_space: PerformanceMonitor._get_default_alert_rules.<locals>.<lambda>() missing 1 required positional argument: 'm'
2025-12-20 13:14:51 - 378x492 - WARNING - performance_monitor:339 - Error checking alert rule high_process_count: PerformanceMonitor._get_default_alert_rules.<locals>.<lambda>() missing 1 required positional argument: 'm'
Slow request: GET /api/v1/collaboration/stats took 33.39s
2025-12-20 13:14:53 - 378x492 - WARNING - performance_monitor:107 - Failed to collect network_connections: (pid=73391)
2025-12-20 13:14:54 - 378x492 - WARNING - performance_monitor:107 - Failed to collect network_connections: (pid=73391)
2025-12-20 13:14:54 - 378x492 - WARNING - performance_monitor:406 - Performance Alert [WARNING]: cpu_percent exceeded threshold: 100.0% > 90%
2025-12-20 13:14:54 - 378x492 - WARNING - performance_monitor:339 - Error checking alert rule high_cpu_usage: PerformanceMonitor._get_default_alert_rules.<locals>.<lambda>() missing 1 required positional argument: 'm'
2025-12-20 13:14:54 - 378x492 - WARNING - performance_monitor:339 - Error checking alert rule high_memory_usage: PerformanceMonitor._get_default_alert_rules.<locals>.<lambda>() missing 1 required positional argument: 'm'
2025-12-20 13:14:54 - 378x492 - WARNING - performance_monitor:339 - Error checking alert rule high_disk_usage: PerformanceMonitor._get_default_alert_rules.<locals>.<lambda>() missing 1 required positional argument: 'm'
2025-12-20 13:14:54 - 378x492 - WARNING - performance_monitor:406 - Performance Alert [WARNING]: Performance monitoring circuit breaker is open
2025-12-20 13:14:54 - 378x492 - WARNING - performance_monitor:339 - Error checking alert rule low_disk_space: PerformanceMonitor._get_default_alert_rules.<locals>.<lambda>() missing 1 required positional argument: 'm'
2025-12-20 13:14:54 - 378x492 - WARNING - performance_monitor:339 - Error checking alert rule high_process_count: PerformanceMonitor._get_default_alert_rules.<locals>.<lambda>() missing 1 required positional argument: 'm'
Slow request: GET /api/v1/collaboration/stats took 35.93s
2025-12-20 13:14:56 - 378x492 - WARNING - performance_monitor:107 - Failed to collect network_connections: (pid=73391)
2025-12-20 13:14:57 - 378x492 - WARNING - performance_monitor:107 - Failed to collect network_connections: (pid=73391)
2025-12-20 13:14:57 - 378x492 - WARNING - performance_monitor:339 - Error checking alert rule high_cpu_usage: PerformanceMonitor._get_default_alert_rules.<locals>.<lambda>() missing 1 required positional argument: 'm'
2025-12-20 13:14:57 - 378x492 - WARNING - performance_monitor:339 - Error checking alert rule high_memory_usage: PerformanceMonitor._get_default_alert_rules.<locals>.<lambda>() missing 1 required positional argument: 'm'
2025-12-20 13:14:57 - 378x492 - WARNING - performance_monitor:339 - Error checking alert rule high_disk_usage: PerformanceMonitor._get_default_alert_rules.<locals>.<lambda>() missing 1 required positional argument: 'm'
2025-12-20 13:14:57 - 378x492 - WARNING - performance_monitor:406 - Performance Alert [WARNING]: Performance monitoring circuit breaker is open
2025-12-20 13:14:57 - 378x492 - WARNING - performance_monitor:339 - Error checking alert rule low_disk_space: PerformanceMonitor._get_default_alert_rules.<locals>.<lambda>() missing 1 required positional argument: 'm'
2025-12-20 13:14:57 - 378x492 - WARNING - performance_monitor:339 - Error checking alert rule high_process_count: PerformanceMonitor._get_default_alert_rules.<locals>.<lambda>() missing 1 required positional argument: 'm'
2025-12-20 13:14:58 - 378x492 - WARNING - performance_monitor:107 - Failed to collect network_connections: (pid=73391)
2025-12-20 13:14:59 - 378x492 - WARNING - performance_monitor:107 - Failed to collect network_connections: (pid=73391)
2025-12-20 13:14:59 - 378x492 - WARNING - performance_monitor:406 - Performance Alert [WARNING]: cpu_percent exceeded threshold: 100.0% > 90%
2025-12-20 13:14:59 - 378x492 - WARNING - performance_monitor:339 - Error checking alert rule high_cpu_usage: PerformanceMonitor._get_default_alert_rules.<locals>.<lambda>() missing 1 required positional argument: 'm'
2025-12-20 13:14:59 - 378x492 - WARNING - performance_monitor:339 - Error checking alert rule high_memory_usage: PerformanceMonitor._get_default_alert_rules.<locals>.<lambda>() missing 1 required positional argument: 'm'
2025-12-20 13:14:59 - 378x492 - WARNING - performance_monitor:339 - Error checking alert rule high_disk_usage: PerformanceMonitor._get_default_alert_rules.<locals>.<lambda>() missing 1 required positional argument: 'm'
2025-12-20 13:14:59 - 378x492 - WARNING - performance_monitor:406 - Performance Alert [WARNING]: Performance monitoring circuit breaker is open
2025-12-20 13:14:59 - 378x492 - WARNING - performance_monitor:339 - Error checking alert rule low_disk_space: PerformanceMonitor._get_default_alert_rules.<locals>.<lambda>() missing 1 required positional argument: 'm'
2025-12-20 13:14:59 - 378x492 - WARNING - performance_monitor:339 - Error checking alert rule high_process_count: PerformanceMonitor._get_default_alert_rules.<locals>.<lambda>() missing 1 required positional argument: 'm'
2025-12-20 13:15:01 - 378x492 - WARNING - performance_monitor:107 - Failed to collect network_connections: (pid=73391)
2025-12-20 13:15:02 - 378x492 - WARNING - performance_monitor:107 - Failed to collect network_connections: (pid=73391)
2025-12-20 13:15:02 - 378x492 - WARNING - performance_monitor:339 - Error checking alert rule high_cpu_usage: PerformanceMonitor._get_default_alert_rules.<locals>.<lambda>() missing 1 required positional argument: 'm'
2025-12-20 13:15:02 - 378x492 - WARNING - performance_monitor:339 - Error checking alert rule high_memory_usage: PerformanceMonitor._get_default_alert_rules.<locals>.<lambda>() missing 1 required positional argument: 'm'
2025-12-20 13:15:02 - 378x492 - WARNING - performance_monitor:339 - Error checking alert rule high_disk_usage: PerformanceMonitor._get_default_alert_rules.<locals>.<lambda>() missing 1 required positional argument: 'm'
2025-12-20 13:15:02 - 378x492 - WARNING - performance_monitor:406 - Performance Alert [WARNING]: Performance monitoring circuit breaker is open
2025-12-20 13:15:02 - 378x492 - WARNING - performance_monitor:339 - Error checking alert rule low_disk_space: PerformanceMonitor._get_default_alert_rules.<locals>.<lambda>() missing 1 required positional argument: 'm'
2025-12-20 13:15:02 - 378x492 - WARNING - performance_monitor:339 - Error checking alert rule high_process_count: PerformanceMonitor._get_default_alert_rules.<locals>.<lambda>() missing 1 required positional argument: 'm'
2025-12-20 13:15:03 - 378x492 - WARNING - performance_monitor:107 - Failed to collect network_connections: (pid=73391)
2025-12-20 13:15:04 - 378x492 - WARNING - performance_monitor:107 - Failed to collect network_connections: (pid=73391)
2025-12-20 13:15:04 - 378x492 - WARNING - performance_monitor:406 - Performance Alert [WARNING]: cpu_percent exceeded threshold: 99.8% > 90%
2025-12-20 13:15:04 - 378x492 - WARNING - performance_monitor:339 - Error checking alert rule high_cpu_usage: PerformanceMonitor._get_default_alert_rules.<locals>.<lambda>() missing 1 required positional argument: 'm'
2025-12-20 13:15:04 - 378x492 - WARNING - performance_monitor:339 - Error checking alert rule high_memory_usage: PerformanceMonitor._get_default_alert_rules.<locals>.<lambda>() missing 1 required positional argument: 'm'
2025-12-20 13:15:04 - 378x492 - WARNING - performance_monitor:339 - Error checking alert rule high_disk_usage: PerformanceMonitor._get_default_alert_rules.<locals>.<lambda>() missing 1 required positional argument: 'm'
2025-12-20 13:15:04 - 378x492 - WARNING - performance_monitor:406 - Performance Alert [WARNING]: Performance monitoring circuit breaker is open
2025-12-20 13:15:04 - 378x492 - WARNING - performance_monitor:339 - Error checking alert rule low_disk_space: PerformanceMonitor._get_default_alert_rules.<locals>.<lambda>() missing 1 required positional argument: 'm'
2025-12-20 13:15:04 - 378x492 - WARNING - performance_monitor:339 - Error checking alert rule high_process_count: PerformanceMonitor._get_default_alert_rules.<locals>.<lambda>() missing 1 required positional argument: 'm'
2025-12-20 13:15:06 - 378x492 - WARNING - performance_monitor:107 - Failed to collect network_connections: (pid=73391)
2025-12-20 13:15:07 - 378x492 - WARNING - performance_monitor:107 - Failed to collect network_connections: (pid=73391)
2025-12-20 13:15:07 - 378x492 - WARNING - performance_monitor:406 - Performance Alert [WARNING]: cpu_percent exceeded threshold: 96.4% > 90%
2025-12-20 13:15:07 - 378x492 - WARNING - performance_monitor:339 - Error checking alert rule high_cpu_usage: PerformanceMonitor._get_default_alert_rules.<locals>.<lambda>() missing 1 required positional argument: 'm'
2025-12-20 13:15:07 - 378x492 - WARNING - performance_monitor:339 - Error checking alert rule high_memory_usage: PerformanceMonitor._get_default_alert_rules.<locals>.<lambda>() missing 1 required positional argument: 'm'
2025-12-20 13:15:07 - 378x492 - WARNING - performance_monitor:339 - Error checking alert rule high_disk_usage: PerformanceMonitor._get_default_alert_rules.<locals>.<lambda>() missing 1 required positional argument: 'm'
2025-12-20 13:15:07 - 378x492 - WARNING - performance_monitor:406 - Performance Alert [WARNING]: Performance monitoring circuit breaker is open
2025-12-20 13:15:07 - 378x492 - WARNING - performance_monitor:339 - Error checking alert rule low_disk_space: PerformanceMonitor._get_default_alert_rules.<locals>.<lambda>() missing 1 required positional argument: 'm'
2025-12-20 13:15:07 - 378x492 - WARNING - performance_monitor:339 - Error checking alert rule high_process_count: PerformanceMonitor._get_default_alert_rules.<locals>.<lambda>() missing 1 required positional argument: 'm'
Slow request: GET /health took 15.22s
Slow request: GET /health took 15.22s
Slow request: GET /health took 15.22s
Slow request: GET /health took 12.69s
Slow request: GET /health took 10.13s
2025-12-20 13:15:07 - 378x492 - INFO - logging:136 - HTTP request
Slow request: GET /health took 7.62s
Slow request: GET /health took 15.25s
Slow request: GET /health took 15.26s
2025-12-20 13:15:08 - 378x492 - WARNING - performance_monitor:107 - Failed to collect network_connections: (pid=73391)
2025-12-20 13:15:09 - 378x492 - WARNING - performance_monitor:107 - Failed to collect network_connections: (pid=73391)
2025-12-20 13:15:09 - 378x492 - WARNING - performance_monitor:406 - Performance Alert [WARNING]: cpu_percent exceeded threshold: 99.0% > 90%
2025-12-20 13:15:09 - 378x492 - WARNING - performance_monitor:339 - Error checking alert rule high_cpu_usage: PerformanceMonitor._get_default_alert_rules.<locals>.<lambda>() missing 1 required positional argument: 'm'
2025-12-20 13:15:09 - 378x492 - WARNING - performance_monitor:339 - Error checking alert rule high_memory_usage: PerformanceMonitor._get_default_alert_rules.<locals>.<lambda>() missing 1 required positional argument: 'm'
2025-12-20 13:15:09 - 378x492 - WARNING - performance_monitor:339 - Error checking alert rule high_disk_usage: PerformanceMonitor._get_default_alert_rules.<locals>.<lambda>() missing 1 required positional argument: 'm'
2025-12-20 13:15:09 - 378x492 - WARNING - performance_monitor:406 - Performance Alert [WARNING]: Performance monitoring circuit breaker is open
2025-12-20 13:15:09 - 378x492 - WARNING - performance_monitor:339 - Error checking alert rule low_disk_space: PerformanceMonitor._get_default_alert_rules.<locals>.<lambda>() missing 1 required positional argument: 'm'
2025-12-20 13:15:09 - 378x492 - WARNING - performance_monitor:339 - Error checking alert rule high_process_count: PerformanceMonitor._get_default_alert_rules.<locals>.<lambda>() missing 1 required positional argument: 'm'
Slow request: GET /health took 15.28s
Slow request: GET /health took 12.74s
2025-12-20 13:15:11 - 378x492 - WARNING - performance_monitor:107 - Failed to collect network_connections: (pid=73391)
2025-12-20 13:15:12 - 378x492 - WARNING - performance_monitor:107 - Failed to collect network_connections: (pid=73391)
2025-12-20 13:15:12 - 378x492 - WARNING - performance_monitor:406 - Performance Alert [WARNING]: cpu_percent exceeded threshold: 95.7% > 90%
2025-12-20 13:15:12 - 378x492 - WARNING - performance_monitor:339 - Error checking alert rule high_cpu_usage: PerformanceMonitor._get_default_alert_rules.<locals>.<lambda>() missing 1 required positional argument: 'm'
2025-12-20 13:15:12 - 378x492 - WARNING - performance_monitor:339 - Error checking alert rule high_memory_usage: PerformanceMonitor._get_default_alert_rules.<locals>.<lambda>() missing 1 required positional argument: 'm'
2025-12-20 13:15:12 - 378x492 - WARNING - performance_monitor:339 - Error checking alert rule high_disk_usage: PerformanceMonitor._get_default_alert_rules.<locals>.<lambda>() missing 1 required positional argument: 'm'
2025-12-20 13:15:12 - 378x492 - WARNING - performance_monitor:406 - Performance Alert [WARNING]: Performance monitoring circuit breaker is open
2025-12-20 13:15:12 - 378x492 - WARNING - performance_monitor:339 - Error checking alert rule low_disk_space: PerformanceMonitor._get_default_alert_rules.<locals>.<lambda>() missing 1 required positional argument: 'm'
2025-12-20 13:15:12 - 378x492 - WARNING - performance_monitor:339 - Error checking alert rule high_process_count: PerformanceMonitor._get_default_alert_rules.<locals>.<lambda>() missing 1 required positional argument: 'm'
Slow request: GET /health took 12.77s
Slow request: GET /health took 10.26s
2025-12-20 13:15:13 - 378x492 - WARNING - performance_monitor:107 - Failed to collect network_connections: (pid=73391)
2025-12-20 13:15:14 - 378x492 - WARNING - performance_monitor:107 - Failed to collect network_connections: (pid=73391)
2025-12-20 13:15:14 - 378x492 - WARNING - performance_monitor:339 - Error checking alert rule high_cpu_usage: PerformanceMonitor._get_default_alert_rules.<locals>.<lambda>() missing 1 required positional argument: 'm'
2025-12-20 13:15:14 - 378x492 - WARNING - performance_monitor:339 - Error checking alert rule high_memory_usage: PerformanceMonitor._get_default_alert_rules.<locals>.<lambda>() missing 1 required positional argument: 'm'
2025-12-20 13:15:14 - 378x492 - WARNING - performance_monitor:339 - Error checking alert rule high_disk_usage: PerformanceMonitor._get_default_alert_rules.<locals>.<lambda>() missing 1 required positional argument: 'm'
2025-12-20 13:15:14 - 378x492 - WARNING - performance_monitor:406 - Performance Alert [WARNING]: Performance monitoring circuit breaker is open
2025-12-20 13:15:14 - 378x492 - WARNING - performance_monitor:339 - Error checking alert rule low_disk_space: PerformanceMonitor._get_default_alert_rules.<locals>.<lambda>() missing 1 required positional argument: 'm'
2025-12-20 13:15:14 - 378x492 - WARNING - performance_monitor:339 - Error checking alert rule high_process_count: PerformanceMonitor._get_default_alert_rules.<locals>.<lambda>() missing 1 required positional argument: 'm'
Slow request: GET /health took 7.72s
Slow request: GET /health took 7.70s
2025-12-20 13:15:15 - 378x492 - INFO - logging:136 - HTTP request
2025-12-20 13:15:15 - 378x492 - INFO - logging:136 - HTTP request
Slow request: GET /health took 5.18s
2025-12-20 13:15:15 - 378x492 - INFO - logging:136 - HTTP request
2025-12-20 13:15:15 - 378x492 - INFO - logging:136 - HTTP request
2025-12-20 13:15:15 - 378x492 - INFO - logging:136 - HTTP request
2025-12-20 13:15:15 - 378x492 - INFO - logging:136 - HTTP request
Slow request: GET /health took 7.87s
2025-12-20 13:15:16 - 378x492 - WARNING - performance_monitor:107 - Failed to collect network_connections: (pid=73391)
2025-12-20 13:15:17 - 378x492 - WARNING - performance_monitor:107 - Failed to collect network_connections: (pid=73391)
2025-12-20 13:15:17 - 378x492 - WARNING - performance_monitor:339 - Error checking alert rule high_cpu_usage: PerformanceMonitor._get_default_alert_rules.<locals>.<lambda>() missing 1 required positional argument: 'm'
2025-12-20 13:15:17 - 378x492 - WARNING - performance_monitor:339 - Error checking alert rule high_memory_usage: PerformanceMonitor._get_default_alert_rules.<locals>.<lambda>() missing 1 required positional argument: 'm'
2025-12-20 13:15:17 - 378x492 - WARNING - performance_monitor:339 - Error checking alert rule high_disk_usage: PerformanceMonitor._get_default_alert_rules.<locals>.<lambda>() missing 1 required positional argument: 'm'
2025-12-20 13:15:17 - 378x492 - WARNING - performance_monitor:406 - Performance Alert [WARNING]: Performance monitoring circuit breaker is open
2025-12-20 13:15:17 - 378x492 - WARNING - performance_monitor:339 - Error checking alert rule low_disk_space: PerformanceMonitor._get_default_alert_rules.<locals>.<lambda>() missing 1 required positional argument: 'm'
2025-12-20 13:15:17 - 378x492 - WARNING - performance_monitor:339 - Error checking alert rule high_process_count: PerformanceMonitor._get_default_alert_rules.<locals>.<lambda>() missing 1 required positional argument: 'm'
Slow request: GET /health took 7.84s
Slow request: GET /health took 5.28s
2025-12-20 13:15:19 - 378x492 - WARNING - performance_monitor:107 - Failed to collect network_connections: (pid=73391)
2025-12-20 13:15:20 - 378x492 - WARNING - performance_monitor:107 - Failed to collect network_connections: (pid=73391)
2025-12-20 13:15:20 - 378x492 - WARNING - performance_monitor:406 - Performance Alert [WARNING]: cpu_percent exceeded threshold: 100.0% > 90%
2025-12-20 13:15:20 - 378x492 - WARNING - performance_monitor:339 - Error checking alert rule high_cpu_usage: PerformanceMonitor._get_default_alert_rules.<locals>.<lambda>() missing 1 required positional argument: 'm'
2025-12-20 13:15:20 - 378x492 - WARNING - performance_monitor:339 - Error checking alert rule high_memory_usage: PerformanceMonitor._get_default_alert_rules.<locals>.<lambda>() missing 1 required positional argument: 'm'
2025-12-20 13:15:20 - 378x492 - WARNING - performance_monitor:339 - Error checking alert rule high_disk_usage: PerformanceMonitor._get_default_alert_rules.<locals>.<lambda>() missing 1 required positional argument: 'm'
2025-12-20 13:15:20 - 378x492 - WARNING - performance_monitor:406 - Performance Alert [WARNING]: Performance monitoring circuit breaker is open
2025-12-20 13:15:20 - 378x492 - WARNING - performance_monitor:339 - Error checking alert rule low_disk_space: PerformanceMonitor._get_default_alert_rules.<locals>.<lambda>() missing 1 required positional argument: 'm'
2025-12-20 13:15:20 - 378x492 - WARNING - performance_monitor:339 - Error checking alert rule high_process_count: PerformanceMonitor._get_default_alert_rules.<locals>.<lambda>() missing 1 required positional argument: 'm'
Slow request: GET /health took 5.22s
2025-12-20 13:15:20 - 378x492 - INFO - logging:136 - HTTP request
Slow request: GET /health took 2.64s
2025-12-20 13:15:20 - 378x492 - INFO - logging:136 - HTTP request
2025-12-20 13:15:20 - 378x492 - INFO - logging:136 - HTTP request
Slow request: GET /health took 5.27s
Slow request: GET /health took 2.70s
2025-12-20 13:15:20 - 378x492 - DEBUG - rate_limiting:203 - Rate limit check passed
2025-12-20 13:15:20 - 378x492 - INFO - logging:136 - HTTP request
2025-12-20 13:15:20 - 378x492 - INFO - logging:136 - HTTP request
2025-12-20 13:15:21 - 378x492 - INFO - logging:136 - HTTP request
INFO:     127.0.0.1:52455 - "GET /api/v1/collaboration/stats HTTP/1.1" 200 OK
2025-12-20 13:15:21 - 378x492 - INFO - logging:136 - HTTP request
INFO:     127.0.0.1:52456 - "GET /metrics HTTP/1.1" 200 OK
2025-12-20 13:15:22 - 378x492 - WARNING - performance_monitor:107 - Failed to collect network_connections: (pid=73391)
2025-12-20 13:15:23 - 378x492 - WARNING - performance_monitor:107 - Failed to collect network_connections: (pid=73391)
2025-12-20 13:15:23 - 378x492 - WARNING - performance_monitor:406 - Performance Alert [WARNING]: cpu_percent exceeded threshold: 97.2% > 90%
2025-12-20 13:15:23 - 378x492 - WARNING - performance_monitor:339 - Error checking alert rule high_cpu_usage: PerformanceMonitor._get_default_alert_rules.<locals>.<lambda>() missing 1 required positional argument: 'm'
2025-12-20 13:15:23 - 378x492 - WARNING - performance_monitor:339 - Error checking alert rule high_memory_usage: PerformanceMonitor._get_default_alert_rules.<locals>.<lambda>() missing 1 required positional argument: 'm'
2025-12-20 13:15:23 - 378x492 - WARNING - performance_monitor:339 - Error checking alert rule high_disk_usage: PerformanceMonitor._get_default_alert_rules.<locals>.<lambda>() missing 1 required positional argument: 'm'
2025-12-20 13:15:23 - 378x492 - WARNING - performance_monitor:406 - Performance Alert [WARNING]: Performance monitoring circuit breaker is open
2025-12-20 13:15:23 - 378x492 - WARNING - performance_monitor:339 - Error checking alert rule low_disk_space: PerformanceMonitor._get_default_alert_rules.<locals>.<lambda>() missing 1 required positional argument: 'm'
2025-12-20 13:15:23 - 378x492 - WARNING - performance_monitor:339 - Error checking alert rule high_process_count: PerformanceMonitor._get_default_alert_rules.<locals>.<lambda>() missing 1 required positional argument: 'm'
2025-12-20 13:15:24 - 378x492 - WARNING - performance_monitor:107 - Failed to collect network_connections: (pid=73391)
2025-12-20 13:15:25 - 378x492 - WARNING - performance_monitor:107 - Failed to collect network_connections: (pid=73391)
2025-12-20 13:15:25 - 378x492 - WARNING - performance_monitor:406 - Performance Alert [WARNING]: cpu_percent exceeded threshold: 96.4% > 90%
2025-12-20 13:15:25 - 378x492 - WARNING - performance_monitor:339 - Error checking alert rule high_cpu_usage: PerformanceMonitor._get_default_alert_rules.<locals>.<lambda>() missing 1 required positional argument: 'm'
2025-12-20 13:15:25 - 378x492 - WARNING - performance_monitor:339 - Error checking alert rule high_memory_usage: PerformanceMonitor._get_default_alert_rules.<locals>.<lambda>() missing 1 required positional argument: 'm'
2025-12-20 13:15:25 - 378x492 - WARNING - performance_monitor:339 - Error checking alert rule high_disk_usage: PerformanceMonitor._get_default_alert_rules.<locals>.<lambda>() missing 1 required positional argument: 'm'
2025-12-20 13:15:25 - 378x492 - WARNING - performance_monitor:406 - Performance Alert [WARNING]: Performance monitoring circuit breaker is open
2025-12-20 13:15:25 - 378x492 - WARNING - performance_monitor:339 - Error checking alert rule low_disk_space: PerformanceMonitor._get_default_alert_rules.<locals>.<lambda>() missing 1 required positional argument: 'm'
2025-12-20 13:15:25 - 378x492 - WARNING - performance_monitor:339 - Error checking alert rule high_process_count: PerformanceMonitor._get_default_alert_rules.<locals>.<lambda>() missing 1 required positional argument: 'm'
2025-12-20 13:15:27 - 378x492 - WARNING - performance_monitor:107 - Failed to collect network_connections: (pid=73391)
2025-12-20 13:15:28 - 378x492 - WARNING - performance_monitor:107 - Failed to collect network_connections: (pid=73391)
2025-12-20 13:15:28 - 378x492 - WARNING - performance_monitor:406 - Performance Alert [WARNING]: cpu_percent exceeded threshold: 95.1% > 90%
2025-12-20 13:15:28 - 378x492 - WARNING - performance_monitor:339 - Error checking alert rule high_cpu_usage: PerformanceMonitor._get_default_alert_rules.<locals>.<lambda>() missing 1 required positional argument: 'm'
2025-12-20 13:15:28 - 378x492 - WARNING - performance_monitor:339 - Error checking alert rule high_memory_usage: PerformanceMonitor._get_default_alert_rules.<locals>.<lambda>() missing 1 required positional argument: 'm'
2025-12-20 13:15:28 - 378x492 - WARNING - performance_monitor:339 - Error checking alert rule high_disk_usage: PerformanceMonitor._get_default_alert_rules.<locals>.<lambda>() missing 1 required positional argument: 'm'
2025-12-20 13:15:28 - 378x492 - WARNING - performance_monitor:406 - Performance Alert [WARNING]: Performance monitoring circuit breaker is open
2025-12-20 13:15:28 - 378x492 - WARNING - performance_monitor:339 - Error checking alert rule low_disk_space: PerformanceMonitor._get_default_alert_rules.<locals>.<lambda>() missing 1 required positional argument: 'm'
2025-12-20 13:15:28 - 378x492 - WARNING - performance_monitor:339 - Error checking alert rule high_process_count: PerformanceMonitor._get_default_alert_rules.<locals>.<lambda>() missing 1 required positional argument: 'm'
2025-12-20 13:15:29 - 378x492 - WARNING - performance_monitor:107 - Failed to collect network_connections: (pid=73391)
2025-12-20 13:15:30 - 378x492 - WARNING - performance_monitor:107 - Failed to collect network_connections: (pid=73391)
2025-12-20 13:15:30 - 378x492 - WARNING - performance_monitor:406 - Performance Alert [WARNING]: cpu_percent exceeded threshold: 99.0% > 90%
2025-12-20 13:15:30 - 378x492 - WARNING - performance_monitor:339 - Error checking alert rule high_cpu_usage: PerformanceMonitor._get_default_alert_rules.<locals>.<lambda>() missing 1 required positional argument: 'm'
2025-12-20 13:15:30 - 378x492 - WARNING - performance_monitor:339 - Error checking alert rule high_memory_usage: PerformanceMonitor._get_default_alert_rules.<locals>.<lambda>() missing 1 required positional argument: 'm'
2025-12-20 13:15:30 - 378x492 - WARNING - performance_monitor:339 - Error checking alert rule high_disk_usage: PerformanceMonitor._get_default_alert_rules.<locals>.<lambda>() missing 1 required positional argument: 'm'
2025-12-20 13:15:30 - 378x492 - WARNING - performance_monitor:406 - Performance Alert [WARNING]: Performance monitoring circuit breaker is open
2025-12-20 13:15:30 - 378x492 - WARNING - performance_monitor:339 - Error checking alert rule low_disk_space: PerformanceMonitor._get_default_alert_rules.<locals>.<lambda>() missing 1 required positional argument: 'm'
2025-12-20 13:15:30 - 378x492 - WARNING - performance_monitor:339 - Error checking alert rule high_process_count: PerformanceMonitor._get_default_alert_rules.<locals>.<lambda>() missing 1 required positional argument: 'm'
2025-12-20 13:15:31 - 378x492 - ERROR - proactive_monitoring:115 - Error performing health checks: 'JSONResponse' object has no attribute 'get'
2025-12-20 13:15:32 - 378x492 - WARNING - performance_monitor:107 - Failed to collect network_connections: (pid=73391)
2025-12-20 13:15:33 - 378x492 - WARNING - performance_monitor:107 - Failed to collect network_connections: (pid=73391)
2025-12-20 13:15:33 - 378x492 - WARNING - performance_monitor:406 - Performance Alert [WARNING]: cpu_percent exceeded threshold: 94.7% > 90%
2025-12-20 13:15:33 - 378x492 - WARNING - performance_monitor:339 - Error checking alert rule high_cpu_usage: PerformanceMonitor._get_default_alert_rules.<locals>.<lambda>() missing 1 required positional argument: 'm'
2025-12-20 13:15:33 - 378x492 - WARNING - performance_monitor:339 - Error checking alert rule high_memory_usage: PerformanceMonitor._get_default_alert_rules.<locals>.<lambda>() missing 1 required positional argument: 'm'
2025-12-20 13:15:33 - 378x492 - WARNING - performance_monitor:339 - Error checking alert rule high_disk_usage: PerformanceMonitor._get_default_alert_rules.<locals>.<lambda>() missing 1 required positional argument: 'm'
2025-12-20 13:15:33 - 378x492 - WARNING - performance_monitor:406 - Performance Alert [WARNING]: Performance monitoring circuit breaker is open
2025-12-20 13:15:33 - 378x492 - WARNING - performance_monitor:339 - Error checking alert rule low_disk_space: PerformanceMonitor._get_default_alert_rules.<locals>.<lambda>() missing 1 required positional argument: 'm'
2025-12-20 13:15:33 - 378x492 - WARNING - performance_monitor:339 - Error checking alert rule high_process_count: PerformanceMonitor._get_default_alert_rules.<locals>.<lambda>() missing 1 required positional argument: 'm'
2025-12-20 13:15:34 - 378x492 - WARNING - performance_monitor:107 - Failed to collect network_connections: (pid=73391)
2025-12-20 13:15:35 - 378x492 - WARNING - performance_monitor:107 - Failed to collect network_connections: (pid=73391)
2025-12-20 13:15:35 - 378x492 - WARNING - performance_monitor:339 - Error checking alert rule high_cpu_usage: PerformanceMonitor._get_default_alert_rules.<locals>.<lambda>() missing 1 required positional argument: 'm'
2025-12-20 13:15:35 - 378x492 - WARNING - performance_monitor:339 - Error checking alert rule high_memory_usage: PerformanceMonitor._get_default_alert_rules.<locals>.<lambda>() missing 1 required positional argument: 'm'
2025-12-20 13:15:35 - 378x492 - WARNING - performance_monitor:339 - Error checking alert rule high_disk_usage: PerformanceMonitor._get_default_alert_rules.<locals>.<lambda>() missing 1 required positional argument: 'm'
2025-12-20 13:15:35 - 378x492 - WARNING - performance_monitor:406 - Performance Alert [WARNING]: Performance monitoring circuit breaker is open
2025-12-20 13:15:35 - 378x492 - WARNING - performance_monitor:339 - Error checking alert rule low_disk_space: PerformanceMonitor._get_default_alert_rules.<locals>.<lambda>() missing 1 required positional argument: 'm'
2025-12-20 13:15:35 - 378x492 - WARNING - performance_monitor:339 - Error checking alert rule high_process_count: PerformanceMonitor._get_default_alert_rules.<locals>.<lambda>() missing 1 required positional argument: 'm'
2025-12-20 13:15:37 - 378x492 - WARNING - performance_monitor:107 - Failed to collect network_connections: (pid=73391)
2025-12-20 13:15:38 - 378x492 - WARNING - performance_monitor:107 - Failed to collect network_connections: (pid=73391)
2025-12-20 13:15:38 - 378x492 - WARNING - performance_monitor:406 - Performance Alert [WARNING]: cpu_percent exceeded threshold: 96.0% > 90%
2025-12-20 13:15:38 - 378x492 - WARNING - performance_monitor:339 - Error checking alert rule high_cpu_usage: PerformanceMonitor._get_default_alert_rules.<locals>.<lambda>() missing 1 required positional argument: 'm'
2025-12-20 13:15:38 - 378x492 - WARNING - performance_monitor:339 - Error checking alert rule high_memory_usage: PerformanceMonitor._get_default_alert_rules.<locals>.<lambda>() missing 1 required positional argument: 'm'
2025-12-20 13:15:38 - 378x492 - WARNING - performance_monitor:339 - Error checking alert rule high_disk_usage: PerformanceMonitor._get_default_alert_rules.<locals>.<lambda>() missing 1 required positional argument: 'm'
2025-12-20 13:15:38 - 378x492 - WARNING - performance_monitor:406 - Performance Alert [WARNING]: Performance monitoring circuit breaker is open
2025-12-20 13:15:38 - 378x492 - WARNING - performance_monitor:339 - Error checking alert rule low_disk_space: PerformanceMonitor._get_default_alert_rules.<locals>.<lambda>() missing 1 required positional argument: 'm'
2025-12-20 13:15:38 - 378x492 - WARNING - performance_monitor:339 - Error checking alert rule high_process_count: PerformanceMonitor._get_default_alert_rules.<locals>.<lambda>() missing 1 required positional argument: 'm'
2025-12-20 13:15:39 - 378x492 - WARNING - performance_monitor:107 - Failed to collect network_connections: (pid=73391)
2025-12-20 13:15:40 - 378x492 - WARNING - performance_monitor:107 - Failed to collect network_connections: (pid=73391)
2025-12-20 13:15:40 - 378x492 - WARNING - performance_monitor:339 - Error checking alert rule high_cpu_usage: PerformanceMonitor._get_default_alert_rules.<locals>.<lambda>() missing 1 required positional argument: 'm'
2025-12-20 13:15:40 - 378x492 - WARNING - performance_monitor:339 - Error checking alert rule high_memory_usage: PerformanceMonitor._get_default_alert_rules.<locals>.<lambda>() missing 1 required positional argument: 'm'
2025-12-20 13:15:40 - 378x492 - WARNING - performance_monitor:339 - Error checking alert rule high_disk_usage: PerformanceMonitor._get_default_alert_rules.<locals>.<lambda>() missing 1 required positional argument: 'm'
2025-12-20 13:15:40 - 378x492 - WARNING - performance_monitor:406 - Performance Alert [WARNING]: Performance monitoring circuit breaker is open
2025-12-20 13:15:40 - 378x492 - WARNING - performance_monitor:339 - Error checking alert rule low_disk_space: PerformanceMonitor._get_default_alert_rules.<locals>.<lambda>() missing 1 required positional argument: 'm'
2025-12-20 13:15:40 - 378x492 - WARNING - performance_monitor:339 - Error checking alert rule high_process_count: PerformanceMonitor._get_default_alert_rules.<locals>.<lambda>() missing 1 required positional argument: 'm'
Slow request: GET /health took 20.30s
Slow request: GET /health took 20.30s
2025-12-20 13:15:42 - 378x492 - WARNING - performance_monitor:107 - Failed to collect network_connections: (pid=73391)
2025-12-20 13:15:43 - 378x492 - WARNING - performance_monitor:107 - Failed to collect network_connections: (pid=73391)
2025-12-20 13:15:43 - 378x492 - WARNING - performance_monitor:406 - Performance Alert [WARNING]: cpu_percent exceeded threshold: 97.5% > 90%
2025-12-20 13:15:43 - 378x492 - WARNING - performance_monitor:339 - Error checking alert rule high_cpu_usage: PerformanceMonitor._get_default_alert_rules.<locals>.<lambda>() missing 1 required positional argument: 'm'
2025-12-20 13:15:43 - 378x492 - WARNING - performance_monitor:339 - Error checking alert rule high_memory_usage: PerformanceMonitor._get_default_alert_rules.<locals>.<lambda>() missing 1 required positional argument: 'm'
2025-12-20 13:15:43 - 378x492 - WARNING - performance_monitor:339 - Error checking alert rule high_disk_usage: PerformanceMonitor._get_default_alert_rules.<locals>.<lambda>() missing 1 required positional argument: 'm'
2025-12-20 13:15:43 - 378x492 - WARNING - performance_monitor:406 - Performance Alert [WARNING]: Performance monitoring circuit breaker is open
2025-12-20 13:15:43 - 378x492 - WARNING - performance_monitor:339 - Error checking alert rule low_disk_space: PerformanceMonitor._get_default_alert_rules.<locals>.<lambda>() missing 1 required positional argument: 'm'
2025-12-20 13:15:43 - 378x492 - WARNING - performance_monitor:339 - Error checking alert rule high_process_count: PerformanceMonitor._get_default_alert_rules.<locals>.<lambda>() missing 1 required positional argument: 'm'
Slow request: GET /health took 23.12s
Slow request: GET /health took 23.12s
Slow request: GET /health took 18.06s
Slow request: GET /health took 15.54s
Slow request: GET /health took 10.48s
Slow request: GET /health took 7.96s
Slow request: GET /health took 23.13s
Slow request: GET /health took 23.13s
Slow request: GET /health took 23.13s
Slow request: GET /health took 18.08s
Slow request: GET /health took 15.57s
Slow request: GET /health took 10.52s
Slow request: GET /health took 8.00s
Slow request: GET /health took 5.48s
2025-12-20 13:15:44 - 378x492 - INFO - logging:136 - HTTP request
2025-12-20 13:15:44 - 378x492 - INFO - logging:136 - HTTP request
2025-12-20 13:15:44 - 378x492 - INFO - logging:136 - HTTP request
2025-12-20 13:15:44 - 378x492 - INFO - logging:136 - HTTP request
2025-12-20 13:15:44 - 378x492 - INFO - logging:136 - HTTP request
2025-12-20 13:15:44 - 378x492 - INFO - logging:136 - HTTP request
2025-12-20 13:15:44 - 378x492 - INFO - logging:136 - HTTP request
2025-12-20 13:15:44 - 378x492 - INFO - logging:136 - HTTP request
2025-12-20 13:16:02 - 378x492 - WARNING - performance_monitor:107 - Failed to collect network_connections: (pid=77788)
2025-12-20 13:16:03 - 378x492 - WARNING - performance_monitor:107 - Failed to collect network_connections: (pid=73391)
2025-12-20 13:16:03 - 378x492 - WARNING - performance_monitor:406 - Performance Alert [WARNING]: cpu_percent exceeded threshold: 99.5% > 90%
2025-12-20 13:16:03 - 378x492 - WARNING - performance_monitor:339 - Error checking alert rule high_cpu_usage: PerformanceMonitor._get_default_alert_rules.<locals>.<lambda>() missing 1 required positional argument: 'm'
2025-12-20 13:16:03 - 378x492 - WARNING - performance_monitor:339 - Error checking alert rule high_memory_usage: PerformanceMonitor._get_default_alert_rules.<locals>.<lambda>() missing 1 required positional argument: 'm'
2025-12-20 13:16:03 - 378x492 - WARNING - performance_monitor:339 - Error checking alert rule high_disk_usage: PerformanceMonitor._get_default_alert_rules.<locals>.<lambda>() missing 1 required positional argument: 'm'
2025-12-20 13:16:03 - 378x492 - WARNING - performance_monitor:406 - Performance Alert [WARNING]: Performance monitoring circuit breaker is open
2025-12-20 13:16:03 - 378x492 - WARNING - performance_monitor:339 - Error checking alert rule low_disk_space: PerformanceMonitor._get_default_alert_rules.<locals>.<lambda>() missing 1 required positional argument: 'm'
2025-12-20 13:16:03 - 378x492 - WARNING - performance_monitor:339 - Error checking alert rule high_process_count: PerformanceMonitor._get_default_alert_rules.<locals>.<lambda>() missing 1 required positional argument: 'm'
2025-12-20 13:16:03 - 378x492 - WARNING - proactive_monitoring:281 - 🚨 Proactive Alert [CRITICAL]: Critical health issue detected: System resources critical: {'status': 'critical', 'memory_percent': 50.4, 'cpu_percent': 99.7, 'disk_percent': 4.2, 'issues': ['.1f'], 'recommendations': ['Investigate CPU-intensive processes or consider scaling'], 'thresholds': {'memory_critical': 98, 'memory_degraded': 95, 'cpu_critical': 98, 'cpu_degraded': 90, 'disk_critical': 90}}
2025-12-20 13:16:03 - 378x492 - CRITICAL - proactive_monitoring:298 - 🚨 CRITICAL ALERT: Critical health issue detected: System resources critical: {'status': 'critical', 'memory_percent': 50.4, 'cpu_percent': 99.7, 'disk_percent': 4.2, 'issues': ['.1f'], 'recommendations': ['Investigate CPU-intensive processes or consider scaling'], 'thresholds': {'memory_critical': 98, 'memory_degraded': 95, 'cpu_critical': 98, 'cpu_degraded': 90, 'disk_critical': 90}}
