
> frontend@0.0.0 dev
> vite --port 5174


  VITE v5.4.21  ready in 217 ms

  ➜  Local:   http://localhost:5174/
  ➜  Network: use --host to expose
2:10:50 PM [vite] changed tsconfig file detected: /Users/Arief/Desktop/378x492/frontend/tsconfig.json - Clearing cache and forcing full-reload to ensure TypeScript is compiled with updated config values.
2:10:50 PM [vite] .env changed, restarting server...
2:10:50 PM [vite] vite.config.js changed, restarting server...
2:10:50 PM [vite] page reload public/offline.html
2:10:50 PM [vite] page reload coverage/index.html
2:10:50 PM [vite] page reload coverage/lcov-report/index.html
2:10:50 PM [vite] page reload coverage/lcov-report/src/App.tsx.html
2:10:50 PM [vite] page reload coverage/lcov-report/src/components/ApprovalQueue.tsx.html
2:10:50 PM [vite] page reload coverage/lcov-report/src/components/CaseProgressBar.tsx.html
2:10:50 PM [vite] page reload coverage/lcov-report/src/components/CollaborativeEditor.tsx.html
2:10:50 PM [vite] page reload coverage/lcov-report/src/components/DigitalDossierGenerator.tsx.html
2:10:50 PM [vite] page reload coverage/lcov-report/src/components/ErrorBoundary.tsx.html
2:10:50 PM [vite] page reload coverage/lcov-report/src/components/ErrorMessage.tsx.html
2:10:50 PM [vite] page reload coverage/lcov-report/src/components/FriendlyWelcome.tsx.html
2:10:50 PM [vite] page reload coverage/lcov-report/src/components/FrienlyWelcome.tsx.html
2:10:50 PM [vite] page reload coverage/lcov-report/src/components/InvestigationNotebook.tsx.html
2:10:50 PM [vite] page reload coverage/lcov-report/src/components/LoadingState.tsx.html
2:10:50 PM [vite] page reload coverage/lcov-report/src/components/MemoryMonitor.tsx.html
2:10:50 PM [vite] page reload coverage/lcov-report/src/components/NotificationContainer.tsx.html
2:10:50 PM [vite] page reload coverage/lcov-report/src/components/OfflineIndicator.tsx.html
2:10:50 PM [vite] page reload coverage/lcov-report/src/components/OnboardingTour.tsx.html
2:10:50 PM [vite] page reload coverage/lcov-report/src/components/OnboardingWizard.tsx.html
2:10:50 PM [vite] page reload coverage/lcov-report/src/components/PageErrorBoundary.tsx.html
2:10:50 PM [vite] page reload coverage/lcov-report/src/components/RelationshipGraph.tsx.html
2:10:50 PM [vite] page reload coverage/lcov-report/src/components/RoleSelection.tsx.html
2:10:50 PM [vite] page reload coverage/lcov-report/src/components/RoleSelector.tsx.html
2:10:50 PM [vite] page reload coverage/lcov-report/src/components/RookieChecklist.tsx.html
2:10:50 PM [vite] page reload coverage/lcov-report/src/components/TemporalPlayback.tsx.html
2:10:50 PM [vite] page reload coverage/lcov-report/src/components/UpdateManager.tsx.html
2:10:50 PM [vite] page reload coverage/lcov-report/src/components/WebSocketSync.tsx.html
2:10:50 PM [vite] page reload coverage/lcov-report/src/components/accessibility/AccessibilityChecker.tsx.html
2:10:50 PM [vite] page reload coverage/lcov-report/src/components/accessibility/AccessibilitySettings.tsx.html
2:10:50 PM [vite] page reload coverage/lcov-report/src/components/accessibility/index.html
2:10:50 PM [vite] page reload coverage/lcov-report/src/components/adjudication/AdjudicationLayout.tsx.html
2:10:50 PM [vite] page reload coverage/lcov-report/src/components/adjudication/AlertDetail.tsx.html
2:10:50 PM [vite] page reload coverage/lcov-report/src/components/adjudication/AlertList.tsx.html
2:10:50 PM [vite] page reload coverage/lcov-report/src/components/adjudication/AlertListItem.tsx.html
2:10:50 PM [vite] page reload coverage/lcov-report/src/components/adjudication/ContextTabs.tsx.html
2:10:50 PM [vite] page reload coverage/lcov-report/src/components/adjudication/DecisionPanel.tsx.html
2:10:50 PM [vite] page reload coverage/lcov-report/src/components/adjudication/index.html
2:10:50 PM [vite] page reload coverage/lcov-report/src/components/adjudication/tabs/AIReasoningTab.tsx.html
2:10:50 PM [vite] page reload coverage/lcov-report/src/components/adjudication/tabs/ContextTab.tsx.html
2:10:50 PM [vite] page reload coverage/lcov-report/src/components/adjudication/tabs/GraphTab.tsx.html
2:10:50 PM [vite] page reload coverage/lcov-report/src/components/adjudication/tabs/HistoryTab.tsx.html
2:10:50 PM [vite] page reload coverage/lcov-report/src/components/adjudication/tabs/index.html
2:10:50 PM [vite] page reload coverage/lcov-report/src/components/advanced/ai/AiPerformanceMonitor.tsx.html
2:10:50 PM [vite] page reload coverage/lcov-report/src/components/advanced/ai/MultimodalAnalyzer.tsx.html
2:10:50 PM [vite] page reload coverage/lcov-report/src/components/advanced/ai/RagSearchInterface.tsx.html
2:10:50 PM [vite] page reload coverage/lcov-report/src/components/advanced/ai/RedTeamDashboard.tsx.html
2:10:50 PM [vite] page reload coverage/lcov-report/src/components/advanced/ai/index.html
2:10:50 PM [vite] page reload coverage/lcov-report/src/components/ai/AIAssistant.tsx.html
2:10:50 PM [vite] page reload coverage/lcov-report/src/components/ai/AIIntelligenceDashboard.tsx.html
2:10:50 PM [vite] page reload coverage/lcov-report/src/components/ai/AdvancedComplianceDashboard.tsx.html
2:10:50 PM [vite] page reload coverage/lcov-report/src/components/ai/CodeReviewDashboard.tsx.html
2:10:50 PM [vite] page reload coverage/lcov-report/src/components/ai/PredictiveMaintenanceDashboard.tsx.html
2:10:50 PM [vite] page reload coverage/lcov-report/src/components/ai/index.html
2:10:50 PM [vite] page reload coverage/lcov-report/src/components/auth/LoginForm.tsx.html
2:10:50 PM [vite] page reload coverage/lcov-report/src/components/auth/index.html
2:10:50 PM [vite] page reload coverage/lcov-report/src/components/cases/CaseActions.tsx.html
2:10:50 PM [vite] page reload coverage/lcov-report/src/components/cases/CaseHeader.tsx.html
2:10:50 PM [vite] page reload coverage/lcov-report/src/components/cases/CaseKanban.tsx.html
2:10:50 PM [vite] page reload coverage/lcov-report/src/components/cases/CasePreviewDrawer.tsx.html
2:10:50 PM [vite] page reload coverage/lcov-report/src/components/cases/CaseTable.tsx.html
2:10:50 PM [vite] page reload coverage/lcov-report/src/components/cases/FacetedFilter.tsx.html
2:10:50 PM [vite] page reload coverage/lcov-report/src/components/cases/InvestigationWizard.tsx.html
2:10:50 PM [vite] page reload coverage/lcov-report/src/components/cases/NewInvestigationWizard.tsx.html
2:10:50 PM [vite] page reload coverage/lcov-report/src/components/cases/RichCaseCard.tsx.html
2:10:50 PM [vite] page reload coverage/lcov-report/src/components/cases/index.html
2:10:50 PM [vite] page reload coverage/lcov-report/src/components/collaboration/CollaborativeEditor.tsx.html
2:10:50 PM [vite] page reload coverage/lcov-report/src/components/collaboration/EvidenceBoard.tsx.html
2:10:50 PM [vite] page reload coverage/lcov-report/src/components/collaboration/HypothesisBoard.tsx.html
2:10:50 PM [vite] page reload coverage/lcov-report/src/components/collaboration/MensReaAnalyzer.tsx.html
2:10:50 PM [vite] page reload coverage/lcov-report/src/components/collaboration/index.html
2:10:50 PM [vite] page reload coverage/lcov-report/src/components/common/EmptyState.tsx.html
2:10:50 PM [vite] page reload coverage/lcov-report/src/components/common/ErrorBoundary.tsx.html
2:10:50 PM [vite] page reload coverage/lcov-report/src/components/common/EvidenceSpotlight.tsx.html
2:10:50 PM [vite] page reload coverage/lcov-report/src/components/common/JourneyProgress.tsx.html
2:10:50 PM [vite] page reload coverage/lcov-report/src/components/common/ProjectSwitcher.tsx.html
2:10:50 PM [vite] page reload coverage/lcov-report/src/components/common/RookieChecklist.tsx.html
2:10:50 PM [vite] page reload coverage/lcov-report/src/components/common/Spinner.tsx.html
2:10:50 PM [vite] page reload coverage/lcov-report/src/components/common/TourSpotlight.tsx.html
2:10:50 PM [vite] page reload coverage/lcov-report/src/components/common/WelcomeMessage.tsx.html
2:10:50 PM [vite] page reload coverage/lcov-report/src/components/common/index.html
2:10:50 PM [vite] page reload coverage/lcov-report/src/components/compliance/SARCreationWizard.tsx.html
2:10:50 PM [vite] page reload coverage/lcov-report/src/components/compliance/index.html
2:10:50 PM [vite] page reload coverage/lcov-report/src/components/dashboard/AIWatchtower.tsx.html
2:10:50 PM [vite] page reload coverage/lcov-report/src/components/dashboard/CostOptimizationWidget.tsx.html
2:10:50 PM [vite] page reload coverage/lcov-report/src/components/dashboard/LiveQueue.tsx.html
2:10:50 PM [vite] page reload coverage/lcov-report/src/components/dashboard/MetricCard.tsx.html
2:10:50 PM [vite] page reload coverage/lcov-report/src/components/dashboard/MetricSparkline.tsx.html
2:10:50 PM [vite] page reload coverage/lcov-report/src/components/dashboard/MovableDashboard.tsx.html
2:10:50 PM [vite] page reload coverage/lcov-report/src/components/dashboard/PredictiveDashboard.tsx.html
2:10:50 PM [vite] page reload coverage/lcov-report/src/components/dashboard/ProofVisualizationCard.tsx.html
2:10:50 PM [vite] page reload coverage/lcov-report/src/components/dashboard/RiskDistributionChart.tsx.html
2:10:50 PM [vite] page reload coverage/lcov-report/src/components/dashboard/ThreatMap.tsx.html
2:10:50 PM [vite] page reload coverage/lcov-report/src/components/dashboard/VolumeChart.tsx.html
2:10:50 PM [vite] page reload coverage/lcov-report/src/components/dashboard/index.html
2:10:50 PM [vite] page reload coverage/lcov-report/src/components/evidence/DocumentViewer.tsx.html
2:10:50 PM [vite] page reload coverage/lcov-report/src/components/evidence/EvidenceViewer.tsx.html
2:10:50 PM [vite] page reload coverage/lcov-report/src/components/evidence/FolderTree.tsx.html
2:10:50 PM [vite] page reload coverage/lcov-report/src/components/evidence/ForensicCanvas.tsx.html
2:10:50 PM [vite] page reload coverage/lcov-report/src/components/evidence/HypothesisBoard.tsx.html
2:10:50 PM [vite] page reload coverage/lcov-report/src/components/evidence/MensReaAnalyzer.tsx.html
2:10:50 PM [vite] page reload coverage/lcov-report/src/components/evidence/TamperDetector.tsx.html
2:10:50 PM [vite] page reload coverage/lcov-report/src/components/evidence/UploadWizard.tsx.html
2:10:50 PM [vite] page reload coverage/lcov-report/src/components/evidence/index.html
2:10:50 PM [vite] page reload coverage/lcov-report/src/components/forensics/EvidenceList.tsx.html
2:10:50 PM [vite] page reload coverage/lcov-report/src/components/forensics/EvidenceViewer.tsx.html
2:10:50 PM [vite] page reload coverage/lcov-report/src/components/forensics/ForensicsErrorState.tsx.html
2:10:50 PM [vite] page reload coverage/lcov-report/src/components/forensics/ForensicsLayout.tsx.html
2:10:50 PM [vite] page reload coverage/lcov-report/src/components/forensics/ForensicsSkeleton.tsx.html
2:10:50 PM [vite] page reload coverage/lcov-report/src/components/forensics/ForensicsToolbar.tsx.html
2:10:50 PM [vite] page reload coverage/lcov-report/src/components/forensics/PdfViewer.tsx.html
2:10:50 PM [vite] page reload coverage/lcov-report/src/components/forensics/index.html
2:10:50 PM [vite] page reload coverage/lcov-report/src/components/forensics/index.ts.html
2:10:50 PM [vite] page reload coverage/lcov-report/src/components/fraud/FraudRuleBuilder.tsx.html
2:10:50 PM [vite] page reload coverage/lcov-report/src/components/fraud/index.html
2:10:50 PM [vite] page reload coverage/lcov-report/src/components/graph/EntityGraph3DWebGL.tsx.html
2:10:50 PM [vite] page reload coverage/lcov-report/src/components/graph/index.html
2:10:50 PM [vite] page reload coverage/lcov-report/src/components/i18n/LanguageSwitcher.tsx.html
2:10:50 PM [vite] page reload coverage/lcov-report/src/components/i18n/index.html
2:10:50 PM [vite] page reload coverage/lcov-report/src/components/i18n/index.ts.html
2:10:50 PM [vite] page reload coverage/lcov-report/src/components/index.html
2:10:50 PM [vite] page reload coverage/lcov-report/src/components/ingestion/DataMapping.tsx.html
2:10:50 PM [vite] page reload coverage/lcov-report/src/components/ingestion/IngestionStepper.tsx.html
2:10:50 PM [vite] page reload coverage/lcov-report/src/components/ingestion/index.html
2:10:50 PM [vite] page reload coverage/lcov-report/src/components/integration/AnalyticsTab.tsx.html
2:10:50 PM [vite] page reload coverage/lcov-report/src/components/integration/EventBusTab.tsx.html
2:10:50 PM [vite] page reload coverage/lcov-report/src/components/integration/GraphQLTab.tsx.html
2:10:50 PM [vite] page reload coverage/lcov-report/src/components/integration/IntegrationsTab.tsx.html
2:10:50 PM [vite] page reload coverage/lcov-report/src/components/integration/MarketplaceTab.tsx.html
2:10:50 PM [vite] page reload coverage/lcov-report/src/components/integration/OverviewTab.tsx.html
2:10:50 PM [vite] page reload coverage/lcov-report/src/components/integration/index.html
2:10:50 PM [vite] page reload coverage/lcov-report/src/components/intelligence/AutoReportGenerator.tsx.html
2:10:50 PM [vite] page reload coverage/lcov-report/src/components/intelligence/CourtDocumentGenerator.tsx.html
2:10:50 PM [vite] page reload coverage/lcov-report/src/components/intelligence/PredictiveDashboard.tsx.html
2:10:50 PM [vite] page reload coverage/lcov-report/src/components/intelligence/index.html
2:10:50 PM [vite] page reload coverage/lcov-report/src/components/investigation/CanvasArea.tsx.html
2:10:50 PM [vite] page reload coverage/lcov-report/src/components/investigation/EntityForm.tsx.html
2:10:50 PM [vite] page reload coverage/lcov-report/src/components/investigation/EntityNode.tsx.html
2:10:50 PM [vite] page reload coverage/lcov-report/src/components/investigation/EntityRegistry.tsx.html
2:10:50 PM [vite] page reload coverage/lcov-report/src/components/investigation/EvidenceItem.tsx.html
2:10:50 PM [vite] page reload coverage/lcov-report/src/components/investigation/GraphCanvas.tsx.html
2:10:50 PM [vite] page reload coverage/lcov-report/src/components/investigation/InvestigationCanvas.tsx.html
2:10:50 PM [vite] page reload coverage/lcov-report/src/components/investigation/InvestigationSkeleton.tsx.html
2:10:50 PM [vite] page reload coverage/lcov-report/src/components/investigation/NodeInspector.tsx.html
2:10:50 PM [vite] page reload coverage/lcov-report/src/components/investigation/PathfindingVisualizer.tsx.html
2:10:50 PM [vite] page reload coverage/lcov-report/src/components/investigation/RelationshipForm.tsx.html
2:10:50 PM [vite] page reload coverage/lcov-report/src/components/investigation/ThreeDGraph.tsx.html
2:10:50 PM [vite] page reload coverage/lcov-report/src/components/investigation/index.html
2:10:50 PM [vite] page reload coverage/lcov-report/src/components/layout/AppLayout.tsx.html
2:10:50 PM [vite] page reload coverage/lcov-report/src/components/layout/Header.tsx.html
2:10:50 PM [vite] page reload coverage/lcov-report/src/components/layout/Sidebar.tsx.html
2:10:50 PM [vite] page reload coverage/lcov-report/src/components/layout/index.html
2:10:50 PM [vite] page reload coverage/lcov-report/src/components/monitoring/MonitoringDashboard.tsx.html
2:10:50 PM [vite] page reload coverage/lcov-report/src/components/monitoring/PerformanceDashboard.tsx.html
2:10:50 PM [vite] page reload coverage/lcov-report/src/components/monitoring/SystemOrchestrationDashboard.tsx.html
2:10:50 PM [vite] page reload coverage/lcov-report/src/components/monitoring/index.html
2:10:50 PM [vite] page reload coverage/lcov-report/src/components/performance/PerformanceDashboard.tsx.html
2:10:50 PM [vite] page reload coverage/lcov-report/src/components/performance/index.html
2:10:50 PM [vite] page reload coverage/lcov-report/src/components/recon/ExceptionQueue.tsx.html
2:10:50 PM [vite] page reload coverage/lcov-report/src/components/recon/MatchCanvas.tsx.html
2:10:50 PM [vite] page reload coverage/lcov-report/src/components/recon/TransactionCard.tsx.html
2:10:50 PM [vite] page reload coverage/lcov-report/src/components/recon/index.html
2:10:50 PM [vite] page reload coverage/lcov-report/src/components/reporting/AIWriter.tsx.html
2:10:50 PM [vite] page reload coverage/lcov-report/src/components/reporting/AutoReportGenerator.tsx.html
2:10:50 PM [vite] page reload coverage/lcov-report/src/components/reporting/ConclusionWizard.tsx.html
2:10:50 PM [vite] page reload coverage/lcov-report/src/components/reporting/DossierExport.tsx.html
2:10:50 PM [vite] page reload coverage/lcov-report/src/components/reporting/FinancialHealth.tsx.html
2:10:50 PM [vite] page reload coverage/lcov-report/src/components/reporting/KeyFindings.tsx.html
2:10:50 PM [vite] page reload coverage/lcov-report/src/components/reporting/ProjectTracker.tsx.html
2:10:50 PM [vite] page reload coverage/lcov-report/src/components/reporting/ReportBuilder.tsx.html
2:10:50 PM [vite] page reload coverage/lcov-report/src/components/reporting/SuccessBanner.tsx.html
2:10:50 PM [vite] page reload coverage/lcov-report/src/components/reporting/SummaryPreview.tsx.html
2:10:50 PM [vite] page reload coverage/lcov-report/src/components/reporting/index.html
2:10:50 PM [vite] page reload coverage/lcov-report/src/components/settings/AccessibilitySettings.tsx.html
2:10:50 PM [vite] page reload coverage/lcov-report/src/components/settings/AuditLogViewer.tsx.html
2:10:50 PM [vite] page reload coverage/lcov-report/src/components/settings/GeneralSettings.tsx.html
2:10:50 PM [vite] page reload coverage/lcov-report/src/components/settings/HealthGauges.tsx.html
2:10:50 PM [vite] page reload coverage/lcov-report/src/components/settings/NotificationSettings.tsx.html
2:10:50 PM [vite] page reload coverage/lcov-report/src/components/settings/PermissionMatrix.tsx.html
2:10:50 PM [vite] page reload coverage/lcov-report/src/components/settings/RuleBuilder.tsx.html
2:10:50 PM [vite] page reload coverage/lcov-report/src/components/settings/SecuritySettings.tsx.html
2:10:50 PM [vite] page reload coverage/lcov-report/src/components/settings/SettingsErrorState.tsx.html
2:10:50 PM [vite] page reload coverage/lcov-report/src/components/settings/SettingsHeader.tsx.html
2:10:50 PM [vite] page reload coverage/lcov-report/src/components/settings/SettingsLayout.tsx.html
2:10:50 PM [vite] page reload coverage/lcov-report/src/components/settings/SettingsNavigation.tsx.html
2:10:50 PM [vite] page reload coverage/lcov-report/src/components/settings/SettingsSkeleton.tsx.html
2:10:50 PM [vite] page reload coverage/lcov-report/src/components/settings/SystemSettings.tsx.html
2:10:50 PM [vite] page reload coverage/lcov-report/src/components/settings/i18n/LanguageSwitcher.tsx.html
2:10:50 PM [vite] page reload coverage/lcov-report/src/components/settings/i18n/index.html
2:10:50 PM [vite] page reload coverage/lcov-report/src/components/settings/index.html
2:10:50 PM [vite] page reload coverage/lcov-report/src/components/settings/index.ts.html
2:10:50 PM [vite] page reload coverage/lcov-report/src/components/ui/AIInsights.tsx.html
2:10:50 PM [vite] page reload coverage/lcov-report/src/components/ui/AccessibleButton.tsx.html
2:10:50 PM [vite] page reload coverage/lcov-report/src/components/ui/AccessibleForm.tsx.html
2:10:50 PM [vite] page reload coverage/lcov-report/src/components/ui/AccessibleModal.tsx.html
2:10:50 PM [vite] page reload coverage/lcov-report/src/components/ui/AgentStatusStream.tsx.html
2:10:50 PM [vite] page reload coverage/lcov-report/src/components/ui/DataGrid.tsx.html
2:10:50 PM [vite] page reload coverage/lcov-report/src/components/ui/DraftPreview.tsx.html
2:10:50 PM [vite] page reload coverage/lcov-report/src/components/ui/DragDrop.tsx.html
2:10:50 PM [vite] page reload coverage/lcov-report/src/components/ui/FileDropZone.tsx.html
2:10:50 PM [vite] page reload coverage/lcov-report/src/components/ui/Input.tsx.html
2:10:50 PM [vite] page reload coverage/lcov-report/src/components/ui/KeyboardShortcutsModal.tsx.html
2:10:50 PM [vite] page reload coverage/lcov-report/src/components/ui/MultiModalUpload.tsx.html
2:10:50 PM [vite] page reload coverage/lcov-report/src/components/ui/Pagination.tsx.html
2:10:50 PM [vite] page reload coverage/lcov-report/src/components/ui/ProgressBar.tsx.html
2:10:50 PM [vite] page reload coverage/lcov-report/src/components/ui/ProgressiveDisclosure.tsx.html
2:10:50 PM [vite] page reload coverage/lcov-report/src/components/ui/ResizablePanel.tsx.html
2:10:50 PM [vite] page reload coverage/lcov-report/src/components/ui/ScrollArea.tsx.html
2:10:50 PM [vite] page reload coverage/lcov-report/src/components/ui/SemanticSearch.tsx.html
2:10:50 PM [vite] page reload coverage/lcov-report/src/components/ui/Skeleton.tsx.html
2:10:50 PM [vite] page reload coverage/lcov-report/src/components/ui/SplitView.tsx.html
2:10:50 PM [vite] page reload coverage/lcov-report/src/components/ui/StandardizedErrorDisplay.tsx.html
2:10:50 PM [vite] page reload coverage/lcov-report/src/components/ui/StatusIndicator.tsx.html
2:10:50 PM [vite] page reload coverage/lcov-report/src/components/ui/SyncStatus.tsx.html
2:10:50 PM [vite] page reload coverage/lcov-report/src/components/ui/Table.tsx.html
2:10:50 PM [vite] page reload coverage/lcov-report/src/components/ui/VirtualList.tsx.html
2:10:50 PM [vite] page reload coverage/lcov-report/src/components/ui/VirtualizedList.tsx.html
2:10:50 PM [vite] page reload coverage/lcov-report/src/components/ui/WindowControls.tsx.html
2:10:50 PM [vite] page reload coverage/lcov-report/src/components/ui/alert.tsx.html
2:10:50 PM [vite] page reload coverage/lcov-report/src/components/ui/avatar.tsx.html
2:10:50 PM [vite] page reload coverage/lcov-report/src/components/ui/badge.tsx.html
2:10:50 PM [vite] page reload coverage/lcov-report/src/components/ui/button.tsx.html
2:10:50 PM [vite] page reload coverage/lcov-report/src/components/ui/card.tsx.html
2:10:50 PM [vite] page reload coverage/lcov-report/src/components/ui/checkbox.tsx.html
2:10:50 PM [vite] page reload coverage/lcov-report/src/components/ui/dialog.tsx.html
2:10:50 PM [vite] page reload coverage/lcov-report/src/components/ui/index.html
2:10:50 PM [vite] page reload coverage/lcov-report/src/components/ui/label.tsx.html
2:10:50 PM [vite] page reload coverage/lcov-report/src/components/ui/progress.tsx.html
2:10:50 PM [vite] page reload coverage/lcov-report/src/components/ui/scroll-area.tsx.html
2:10:50 PM [vite] page reload coverage/lcov-report/src/components/ui/select.tsx.html
2:10:50 PM [vite] page reload coverage/lcov-report/src/components/ui/separator.tsx.html
2:10:50 PM [vite] page reload coverage/lcov-report/src/components/ui/slider.tsx.html
2:10:50 PM [vite] page reload coverage/lcov-report/src/components/ui/switch.tsx.html
2:10:50 PM [vite] page reload coverage/lcov-report/src/components/ui/tabs.tsx.html
2:10:50 PM [vite] page reload coverage/lcov-report/src/components/ui/textarea.tsx.html
2:10:50 PM [vite] page reload coverage/lcov-report/src/components/visualization/AIInsightPanel.tsx.html
2:10:50 PM [vite] page reload coverage/lcov-report/src/components/visualization/index.html
2:10:50 PM [vite] page reload coverage/lcov-report/src/components/visualizations/BehavioralHeatmap.tsx.html
2:10:50 PM [vite] page reload coverage/lcov-report/src/components/visualizations/CorrelationMatrix.tsx.html
2:10:50 PM [vite] page reload coverage/lcov-report/src/components/visualizations/EntityGraph3D.tsx.html
2:10:50 PM [vite] page reload coverage/lcov-report/src/components/visualizations/NetworkGraph.tsx.html
2:10:50 PM [vite] page reload coverage/lcov-report/src/components/visualizations/NetworkGraph3D.tsx.html
2:10:50 PM [vite] page reload coverage/lcov-report/src/components/visualizations/TemporalFlowVisualizer.tsx.html
2:10:50 PM [vite] page reload coverage/lcov-report/src/components/visualizations/index.html
2:10:50 PM [vite] page reload coverage/lcov-report/src/config.ts.html
2:10:50 PM [vite] page reload coverage/lcov-report/src/context/AIContext.tsx.html
2:10:50 PM [vite] page reload coverage/lcov-report/src/context/AccessibilityContext.tsx.html
2:10:50 PM [vite] page reload coverage/lcov-report/src/context/AuthContext.ts.html
2:10:50 PM [vite] page reload coverage/lcov-report/src/context/NetworkStatusContext.ts.html
2:10:50 PM [vite] page reload coverage/lcov-report/src/context/OfflineQueueContext.ts.html
2:10:50 PM [vite] page reload coverage/lcov-report/src/context/TourContext.tsx.html
2:10:50 PM [vite] page reload coverage/lcov-report/src/context/index.html
2:10:50 PM [vite] page reload coverage/lcov-report/src/hooks/index.html
2:10:50 PM [vite] page reload coverage/lcov-report/src/hooks/use-toast.ts.html
2:10:50 PM [vite] page reload coverage/lcov-report/src/hooks/useAccessibility.ts.html
2:10:50 PM [vite] page reload coverage/lcov-report/src/hooks/useAlerts.ts.html
2:10:50 PM [vite] page reload coverage/lcov-report/src/hooks/useApiError.ts.html
2:10:50 PM [vite] page reload coverage/lcov-report/src/hooks/useApiWithRetry.ts.html
2:10:50 PM [vite] page reload coverage/lcov-report/src/hooks/useAuth.ts.html
2:10:50 PM [vite] page reload coverage/lcov-report/src/hooks/useCases 2.ts.html
2:10:50 PM [vite] page reload coverage/lcov-report/src/hooks/useCases.ts.html
2:10:50 PM [vite] page reload coverage/lcov-report/src/hooks/useCollaboration.ts.html
2:10:50 PM [vite] page reload coverage/lcov-report/src/hooks/useContextAwareAI.ts.html
2:10:50 PM [vite] page reload coverage/lcov-report/src/hooks/useDashboard.ts.html
2:10:50 PM [vite] page reload coverage/lcov-report/src/hooks/useDashboardMetrics.ts.html
2:10:50 PM [vite] page reload coverage/lcov-report/src/hooks/useEvidence.ts.html
2:10:50 PM [vite] page reload coverage/lcov-report/src/hooks/useFormValidation.ts.html
2:10:50 PM [vite] page reload coverage/lcov-report/src/hooks/useGraphData.ts.html
2:10:50 PM [vite] page reload coverage/lcov-report/src/hooks/useHttpClient.tsx.html
2:10:50 PM [vite] page reload coverage/lcov-report/src/hooks/useKeyboardNavigation.tsx.html
2:10:50 PM [vite] page reload coverage/lcov-report/src/hooks/useMemoryCleanup.ts.html
2:10:50 PM [vite] page reload coverage/lcov-report/src/hooks/useNetworkStatus.ts.html
2:10:50 PM [vite] page reload coverage/lcov-report/src/hooks/useOfflineQueue.ts.html
2:10:50 PM [vite] page reload coverage/lcov-report/src/hooks/usePerformanceMonitor.ts.html
2:10:50 PM [vite] page reload coverage/lcov-report/src/hooks/usePersistedState.ts.html
2:10:50 PM [vite] page reload coverage/lcov-report/src/hooks/useResizeObserver.ts.html
2:10:50 PM [vite] page reload coverage/lcov-report/src/hooks/useRoleBasedLayout.ts.html
2:10:50 PM [vite] page reload coverage/lcov-report/src/hooks/useSanitizedHTML.tsx.html
2:10:50 PM [vite] page reload coverage/lcov-report/src/hooks/useSettings.ts.html
2:10:50 PM [vite] page reload coverage/lcov-report/src/hooks/useTouchGestures.ts.html
2:10:50 PM [vite] page reload coverage/lcov-report/src/hooks/useWebSocketClient.tsx.html
2:10:50 PM [vite] page reload coverage/lcov-report/src/hooks/useWebSocketQueue.ts.html
2:10:50 PM [vite] page reload coverage/lcov-report/src/i18n/config.ts.html
2:10:50 PM [vite] page reload coverage/lcov-report/src/i18n/index.html
2:10:50 PM [vite] page reload coverage/lcov-report/src/i18n/index.ts.html
2:10:50 PM [vite] page reload coverage/lcov-report/src/index.html
2:10:50 PM [vite] page reload coverage/lcov-report/src/lib/AIFraudDetection.ts.html
2:10:50 PM [vite] page reload coverage/lcov-report/src/lib/LocalDataManager.ts.html
2:10:50 PM [vite] page reload coverage/lcov-report/src/lib/accessibility/aria-helpers.ts.html
2:10:50 PM [vite] page reload coverage/lcov-report/src/lib/accessibility/focus-management.ts.html
2:10:50 PM [vite] page reload coverage/lcov-report/src/lib/accessibility/index.html
2:10:50 PM [vite] page reload coverage/lcov-report/src/lib/accessibility/keyboard-navigation.ts.html
2:10:50 PM [vite] page reload coverage/lcov-report/src/lib/accessibility.ts.html
2:10:50 PM [vite] page reload coverage/lcov-report/src/lib/advancedAI 2.ts.html
2:10:50 PM [vite] page reload coverage/lcov-report/src/lib/advancedAI.ts.html
2:10:50 PM [vite] page reload coverage/lcov-report/src/lib/advancedMonitoring.ts.html
2:10:50 PM [vite] page reload coverage/lcov-report/src/lib/advancedTesting.ts.html
2:10:50 PM [vite] page reload coverage/lcov-report/src/lib/api.ts.html
2:10:50 PM [vite] page reload coverage/lcov-report/src/lib/chaosEngineering.ts.html
2:10:50 PM [vite] page reload coverage/lcov-report/src/lib/circuitBreaker.ts.html
2:10:50 PM [vite] page reload coverage/lcov-report/src/lib/electron.ts.html
2:10:50 PM [vite] page reload coverage/lcov-report/src/lib/formatters.ts.html
2:10:50 PM [vite] page reload coverage/lcov-report/src/lib/index.html
2:10:50 PM [vite] page reload coverage/lcov-report/src/lib/keyboardShortcuts.ts.html
2:10:50 PM [vite] page reload coverage/lcov-report/src/lib/reliabilityManager.ts.html
2:10:50 PM [vite] page reload coverage/lcov-report/src/lib/testGenerator.ts.html
2:10:50 PM [vite] page reload coverage/lcov-report/src/lib/utils.ts.html
2:10:50 PM [vite] page reload coverage/lcov-report/src/pages/AdjudicationQueue.tsx.html
2:10:50 PM [vite] page reload coverage/lcov-report/src/pages/AdvancedAiHub.tsx.html
2:10:50 PM [vite] page reload coverage/lcov-report/src/pages/AgentApprovals.tsx.html
2:10:50 PM [vite] page reload coverage/lcov-report/src/pages/AgentDrafts.tsx.html
2:10:50 PM [vite] page reload coverage/lcov-report/src/pages/Cases.tsx.html
2:10:50 PM [vite] page reload coverage/lcov-report/src/pages/CasesRefactored.tsx.html
2:10:50 PM [vite] page reload coverage/lcov-report/src/pages/ComplianceMonitoring.tsx.html
2:10:50 PM [vite] page reload coverage/lcov-report/src/pages/Dashboard.tsx.html
2:10:50 PM [vite] page reload coverage/lcov-report/src/pages/DesignSystemShowcase.tsx.html
2:10:50 PM [vite] page reload coverage/lcov-report/src/pages/EnhancedDashboard.tsx.html
2:10:50 PM [vite] page reload coverage/lcov-report/src/pages/EnhancedEvidenceLocker.tsx.html
2:10:50 PM [vite] page reload coverage/lcov-report/src/pages/Forensics.tsx.html
2:10:50 PM [vite] page reload coverage/lcov-report/src/pages/ForensicsRefactored.tsx.html
2:10:50 PM [vite] page reload coverage/lcov-report/src/pages/Ingestion.tsx.html
2:10:50 PM [vite] page reload coverage/lcov-report/src/pages/IntegrationHub.tsx.html
2:10:50 PM [vite] page reload coverage/lcov-report/src/pages/Investigation.tsx.html
2:10:50 PM [vite] page reload coverage/lcov-report/src/pages/Login.tsx.html
2:10:50 PM [vite] page reload coverage/lcov-report/src/pages/NetworkAnalysis.tsx.html
2:10:50 PM [vite] page reload coverage/lcov-report/src/pages/NotFound.tsx.html
2:10:50 PM [vite] page reload coverage/lcov-report/src/pages/PerformanceDashboard.tsx.html
2:10:50 PM [vite] page reload coverage/lcov-report/src/pages/ProjectSelection.tsx.html
2:10:50 PM [vite] page reload coverage/lcov-report/src/pages/ProofVisualizationRoute.tsx.html
2:10:50 PM [vite] page reload coverage/lcov-report/src/pages/Reconciliation.tsx.html
2:10:50 PM [vite] page reload coverage/lcov-report/src/pages/RegulatoryIntelligence.tsx.html
2:10:50 PM [vite] page reload coverage/lcov-report/src/pages/Reporting.tsx.html
2:10:50 PM [vite] page reload coverage/lcov-report/src/pages/SARCreation.tsx.html
2:10:50 PM [vite] page reload coverage/lcov-report/src/pages/Settings.tsx.html
2:10:50 PM [vite] page reload coverage/lcov-report/src/pages/Setup.tsx.html
2:10:50 PM [vite] page reload coverage/lcov-report/src/pages/SystemDiagnosticsCenter.tsx.html
2:10:50 PM [vite] page reload coverage/lcov-report/src/pages/index.html
2:10:50 PM [vite] page reload coverage/lcov-report/src/pages/settings/components/GeneralTab.tsx.html
2:10:50 PM [vite] page reload coverage/lcov-report/src/pages/settings/components/index.html
2:10:50 PM [vite] page reload coverage/lcov-report/src/providers/AppProviders.tsx.html
2:10:50 PM [vite] page reload coverage/lcov-report/src/providers/AuthProvider.tsx.html
2:10:50 PM [vite] page reload coverage/lcov-report/src/providers/AuthenticationProvider.tsx.html
2:10:50 PM [vite] page reload coverage/lcov-report/src/providers/LocaleProvider.tsx.html
2:10:50 PM [vite] page reload coverage/lcov-report/src/providers/NetworkStatusProvider.tsx.html
2:10:50 PM [vite] page reload coverage/lcov-report/src/providers/OfflineQueueContext.tsx.html
2:10:50 PM [vite] page reload coverage/lcov-report/src/providers/ToastProvider.tsx.html
2:10:50 PM [vite] page reload coverage/lcov-report/src/providers/WebSocketProvider.tsx.html
2:10:50 PM [vite] page reload coverage/lcov-report/src/providers/index.html
2:10:50 PM [vite] page reload coverage/lcov-report/src/services/CaseSyncEngine.ts.html
2:10:50 PM [vite] page reload coverage/lcov-report/src/services/EvidenceScorer.ts.html
2:10:50 PM [vite] page reload coverage/lcov-report/src/services/ai.ts.html
2:10:50 PM [vite] page reload coverage/lcov-report/src/services/alerts.ts.html
2:10:50 PM [vite] page reload coverage/lcov-report/src/services/api.ts.html
2:10:50 PM [vite] page reload coverage/lcov-report/src/services/approvalService.ts.html
2:10:50 PM [vite] page reload coverage/lcov-report/src/services/auth.ts.html
2:10:50 PM [vite] page reload coverage/lcov-report/src/services/cases.ts.html
2:10:50 PM [vite] page reload coverage/lcov-report/src/services/client.ts.html
2:10:50 PM [vite] page reload coverage/lcov-report/src/services/compliance.ts.html
2:10:50 PM [vite] page reload coverage/lcov-report/src/services/complianceMonitoring 2.ts.html
2:10:50 PM [vite] page reload coverage/lcov-report/src/services/complianceMonitoring.ts.html
2:10:50 PM [vite] page reload coverage/lcov-report/src/services/costOptimization.ts.html
2:10:50 PM [vite] page reload coverage/lcov-report/src/services/diagnosticsService.ts.html
2:10:50 PM [vite] page reload coverage/lcov-report/src/services/draftPreviewService.ts.html
2:10:50 PM [vite] page reload coverage/lcov-report/src/services/errorReporting.ts.html
2:10:50 PM [vite] page reload coverage/lcov-report/src/services/evidence.ts.html
2:10:50 PM [vite] page reload coverage/lcov-report/src/services/fileProcessing.ts.html
2:10:50 PM [vite] page reload coverage/lcov-report/src/services/graph.ts.html
2:10:50 PM [vite] page reload coverage/lcov-report/src/services/index.html
2:10:50 PM [vite] page reload coverage/lcov-report/src/services/integrations.ts.html
2:10:50 PM [vite] page reload coverage/lcov-report/src/services/intelligenceService.ts.html
2:10:50 PM [vite] page reload coverage/lcov-report/src/services/monitoring.ts.html
2:10:50 PM [vite] page reload coverage/lcov-report/src/services/notifications.ts.html
2:10:50 PM [vite] page reload coverage/lcov-report/src/services/onboarding.ts.html
2:10:50 PM [vite] page reload coverage/lcov-report/src/services/reconciliation.ts.html
2:10:50 PM [vite] page reload coverage/lcov-report/src/services/reporting.ts.html
2:10:50 PM [vite] page reload coverage/lcov-report/src/services/settings.ts.html
2:10:50 PM [vite] page reload coverage/lcov-report/src/services/socket.ts.html
2:10:50 PM [vite] page reload coverage/lcov-report/src/services/sync.ts.html
2:10:50 PM [vite] page reload coverage/lcov-report/src/services/syncOrchestrator.ts.html
2:10:50 PM [vite] page reload coverage/lcov-report/src/services/user.ts.html
2:10:50 PM [vite] page reload coverage/lcov-report/src/store/globalStore.ts.html
2:10:50 PM [vite] page reload coverage/lcov-report/src/store/index.html
2:10:50 PM [vite] page reload coverage/lcov-report/src/store/projectStore.ts.html
2:10:50 PM [vite] page reload coverage/lcov-report/src/store/reconciliationStore.ts.html
2:10:50 PM [vite] page reload coverage/lcov-report/src/store/useAuthStore.ts.html
2:10:50 PM [vite] page reload coverage/lcov-report/src/store/useIngestionStore.ts.html
2:10:50 PM [vite] page reload coverage/lcov-report/src/store/useUIStore.ts.html
2:10:50 PM [vite] page reload coverage/lcov-report/src/stores/index.html
2:10:50 PM [vite] page reload coverage/lcov-report/src/stores/useAuthStore.ts.html
2:10:50 PM [vite] page reload coverage/lcov-report/src/stores/useIngestionStore.ts.html
2:10:50 PM [vite] page reload coverage/lcov-report/src/stores/useUIStore.ts.html
2:10:50 PM [vite] page reload coverage/lcov-report/src/types/index.html
2:10:50 PM [vite] page reload coverage/lcov-report/src/types/locale.ts.html
2:10:50 PM [vite] page reload coverage/lcov-report/src/utils/antiDebug.ts.html
2:10:50 PM [vite] page reload coverage/lcov-report/src/utils/api.ts.html
2:10:50 PM [vite] page reload coverage/lcov-report/src/utils/csrfProtection.ts.html
2:10:50 PM [vite] page reload coverage/lcov-report/src/utils/electron.ts.html
2:10:50 PM [vite] page reload coverage/lcov-report/src/utils/electronStore.ts.html
2:10:50 PM [vite] page reload coverage/lcov-report/src/utils/errorHandler.ts.html
2:10:50 PM [vite] page reload coverage/lcov-report/src/utils/index.html
2:10:50 PM [vite] page reload coverage/lcov-report/src/utils/logger.ts.html
2:10:50 PM [vite] page reload coverage/lcov-report/src/utils/performanceMonitor.ts.html
2:10:50 PM [vite] page reload coverage/lcov-report/src/utils/secureLogger.ts.html
2:10:50 PM [vite] page reload coverage/lcov-report/src/utils/secureRandom.ts.html
2:10:50 PM [vite] page reload coverage/lcov-report/src/utils/secureTokenStorage.ts.html
2:10:50 PM [vite] page reload coverage/lcov-report/src/utils/validation.ts.html
2:10:50 PM [vite] page reload coverage/lcov-report/src/utils/verifyIntegrity.ts.html
2:10:50 PM [vite] page reload coverage/lcov-report/src/utils/webVitals.ts.html
2:10:50 PM [vite] page reload coverage/src/App.tsx.html
2:10:50 PM [vite] page reload coverage/src/components/ApprovalQueue.tsx.html
2:10:50 PM [vite] page reload coverage/src/components/CaseProgressBar.tsx.html
2:10:50 PM [vite] page reload coverage/src/components/CollaborativeEditor.tsx.html
2:10:50 PM [vite] page reload coverage/src/components/DigitalDossierGenerator.tsx.html
2:10:50 PM [vite] page reload coverage/src/components/ErrorBoundary.tsx.html
2:10:50 PM [vite] page reload coverage/src/components/ErrorMessage.tsx.html
2:10:50 PM [vite] page reload coverage/src/components/FriendlyWelcome.tsx.html
2:10:50 PM [vite] page reload coverage/src/components/FrienlyWelcome.tsx.html
2:10:50 PM [vite] page reload coverage/src/components/InvestigationNotebook.tsx.html
2:10:50 PM [vite] page reload coverage/src/components/LoadingState.tsx.html
2:10:50 PM [vite] page reload coverage/src/components/MemoryMonitor.tsx.html
2:10:50 PM [vite] page reload coverage/src/components/NotificationContainer.tsx.html
2:10:50 PM [vite] page reload coverage/src/components/OfflineIndicator.tsx.html
2:10:50 PM [vite] page reload coverage/src/components/OnboardingTour.tsx.html
2:10:50 PM [vite] page reload coverage/src/components/OnboardingWizard.tsx.html
2:10:50 PM [vite] page reload coverage/src/components/PageErrorBoundary.tsx.html
2:10:50 PM [vite] page reload coverage/src/components/RelationshipGraph.tsx.html
2:10:50 PM [vite] page reload coverage/src/components/RoleSelection.tsx.html
2:10:50 PM [vite] page reload coverage/src/components/RoleSelector.tsx.html
2:10:50 PM [vite] page reload coverage/src/components/RookieChecklist.tsx.html
2:10:50 PM [vite] page reload coverage/src/components/TemporalPlayback.tsx.html
2:10:50 PM [vite] page reload coverage/src/components/UpdateManager.tsx.html
2:10:50 PM [vite] page reload coverage/src/components/WebSocketSync.tsx.html
2:10:50 PM [vite] page reload coverage/src/components/accessibility/AccessibilityChecker.tsx.html
2:10:50 PM [vite] page reload coverage/src/components/accessibility/AccessibilitySettings.tsx.html
2:10:50 PM [vite] page reload coverage/src/components/accessibility/index.html
2:10:50 PM [vite] page reload coverage/src/components/adjudication/AdjudicationLayout.tsx.html
2:10:50 PM [vite] page reload coverage/src/components/adjudication/AlertDetail.tsx.html
2:10:50 PM [vite] page reload coverage/src/components/adjudication/AlertList.tsx.html
2:10:50 PM [vite] page reload coverage/src/components/adjudication/AlertListItem.tsx.html
2:10:50 PM [vite] page reload coverage/src/components/adjudication/ContextTabs.tsx.html
2:10:50 PM [vite] page reload coverage/src/components/adjudication/DecisionPanel.tsx.html
2:10:50 PM [vite] page reload coverage/src/components/adjudication/index.html
2:10:50 PM [vite] page reload coverage/src/components/adjudication/tabs/AIReasoningTab.tsx.html
2:10:50 PM [vite] page reload coverage/src/components/adjudication/tabs/ContextTab.tsx.html
2:10:50 PM [vite] page reload coverage/src/components/adjudication/tabs/GraphTab.tsx.html
2:10:50 PM [vite] page reload coverage/src/components/adjudication/tabs/HistoryTab.tsx.html
2:10:50 PM [vite] page reload coverage/src/components/adjudication/tabs/index.html
2:10:50 PM [vite] page reload coverage/src/components/advanced/ai/AiPerformanceMonitor.tsx.html
2:10:50 PM [vite] page reload coverage/src/components/advanced/ai/MultimodalAnalyzer.tsx.html
2:10:50 PM [vite] page reload coverage/src/components/advanced/ai/RagSearchInterface.tsx.html
2:10:50 PM [vite] page reload coverage/src/components/advanced/ai/RedTeamDashboard.tsx.html
2:10:50 PM [vite] page reload coverage/src/components/advanced/ai/index.html
2:10:50 PM [vite] page reload coverage/src/components/ai/AIAssistant.tsx.html
2:10:50 PM [vite] page reload coverage/src/components/ai/AIIntelligenceDashboard.tsx.html
2:10:50 PM [vite] page reload coverage/src/components/ai/AdvancedComplianceDashboard.tsx.html
2:10:50 PM [vite] page reload coverage/src/components/ai/CodeReviewDashboard.tsx.html
2:10:50 PM [vite] page reload coverage/src/components/ai/PredictiveMaintenanceDashboard.tsx.html
2:10:50 PM [vite] page reload coverage/src/components/ai/index.html
2:10:50 PM [vite] page reload coverage/src/components/auth/LoginForm.tsx.html
2:10:50 PM [vite] page reload coverage/src/components/auth/index.html
2:10:50 PM [vite] page reload coverage/src/components/cases/CaseActions.tsx.html
2:10:50 PM [vite] page reload coverage/src/components/cases/CaseHeader.tsx.html
2:10:50 PM [vite] page reload coverage/src/components/cases/CaseKanban.tsx.html
2:10:50 PM [vite] page reload coverage/src/components/cases/CasePreviewDrawer.tsx.html
2:10:50 PM [vite] page reload coverage/src/components/cases/CaseTable.tsx.html
2:10:50 PM [vite] page reload coverage/src/components/cases/FacetedFilter.tsx.html
2:10:50 PM [vite] page reload coverage/src/components/cases/InvestigationWizard.tsx.html
2:10:50 PM [vite] page reload coverage/src/components/cases/NewInvestigationWizard.tsx.html
2:10:50 PM [vite] page reload coverage/src/components/cases/RichCaseCard.tsx.html
2:10:50 PM [vite] page reload coverage/src/components/cases/index.html
2:10:50 PM [vite] page reload coverage/src/components/collaboration/CollaborativeEditor.tsx.html
2:10:50 PM [vite] page reload coverage/src/components/collaboration/EvidenceBoard.tsx.html
2:10:50 PM [vite] page reload coverage/src/components/collaboration/HypothesisBoard.tsx.html
2:10:50 PM [vite] page reload coverage/src/components/collaboration/MensReaAnalyzer.tsx.html
2:10:50 PM [vite] page reload coverage/src/components/collaboration/index.html
2:10:50 PM [vite] page reload coverage/src/components/common/EmptyState.tsx.html
2:10:50 PM [vite] page reload coverage/src/components/common/ErrorBoundary.tsx.html
2:10:50 PM [vite] page reload coverage/src/components/common/EvidenceSpotlight.tsx.html
2:10:50 PM [vite] page reload coverage/src/components/common/JourneyProgress.tsx.html
2:10:50 PM [vite] page reload coverage/src/components/common/ProjectSwitcher.tsx.html
2:10:50 PM [vite] page reload coverage/src/components/common/RookieChecklist.tsx.html
2:10:50 PM [vite] page reload coverage/src/components/common/Spinner.tsx.html
2:10:50 PM [vite] page reload coverage/src/components/common/TourSpotlight.tsx.html
2:10:50 PM [vite] page reload coverage/src/components/common/WelcomeMessage.tsx.html
2:10:50 PM [vite] page reload coverage/src/components/common/index.html
2:10:50 PM [vite] page reload coverage/src/components/compliance/SARCreationWizard.tsx.html
2:10:50 PM [vite] page reload coverage/src/components/compliance/index.html
2:10:50 PM [vite] page reload coverage/src/components/dashboard/AIWatchtower.tsx.html
2:10:50 PM [vite] page reload coverage/src/components/dashboard/CostOptimizationWidget.tsx.html
2:10:50 PM [vite] page reload coverage/src/components/dashboard/LiveQueue.tsx.html
2:10:50 PM [vite] page reload coverage/src/components/dashboard/MetricCard.tsx.html
2:10:50 PM [vite] page reload coverage/src/components/dashboard/MetricSparkline.tsx.html
2:10:50 PM [vite] page reload coverage/src/components/dashboard/MovableDashboard.tsx.html
2:10:50 PM [vite] page reload coverage/src/components/dashboard/PredictiveDashboard.tsx.html
2:10:50 PM [vite] page reload coverage/src/components/dashboard/ProofVisualizationCard.tsx.html
2:10:50 PM [vite] page reload coverage/src/components/dashboard/RiskDistributionChart.tsx.html
2:10:50 PM [vite] page reload coverage/src/components/dashboard/ThreatMap.tsx.html
2:10:50 PM [vite] page reload coverage/src/components/dashboard/VolumeChart.tsx.html
2:10:50 PM [vite] page reload coverage/src/components/dashboard/index.html
2:10:50 PM [vite] page reload coverage/src/components/evidence/DocumentViewer.tsx.html
2:10:50 PM [vite] page reload coverage/src/components/evidence/EvidenceViewer.tsx.html
2:10:50 PM [vite] page reload coverage/src/components/evidence/FolderTree.tsx.html
2:10:50 PM [vite] page reload coverage/src/components/evidence/ForensicCanvas.tsx.html
2:10:50 PM [vite] page reload coverage/src/components/evidence/HypothesisBoard.tsx.html
2:10:50 PM [vite] page reload coverage/src/components/evidence/MensReaAnalyzer.tsx.html
2:10:50 PM [vite] page reload coverage/src/components/evidence/TamperDetector.tsx.html
2:10:50 PM [vite] page reload coverage/src/components/evidence/UploadWizard.tsx.html
2:10:50 PM [vite] page reload coverage/src/components/evidence/index.html
2:10:50 PM [vite] page reload coverage/src/components/forensics/EvidenceList.tsx.html
2:10:50 PM [vite] page reload coverage/src/components/forensics/EvidenceViewer.tsx.html
2:10:50 PM [vite] page reload coverage/src/components/forensics/ForensicsErrorState.tsx.html
2:10:50 PM [vite] page reload coverage/src/components/forensics/ForensicsLayout.tsx.html
2:10:50 PM [vite] page reload coverage/src/components/forensics/ForensicsSkeleton.tsx.html
2:10:50 PM [vite] page reload coverage/src/components/forensics/ForensicsToolbar.tsx.html
2:10:50 PM [vite] page reload coverage/src/components/forensics/PdfViewer.tsx.html
2:10:50 PM [vite] page reload coverage/src/components/forensics/index.html
2:10:50 PM [vite] page reload coverage/src/components/forensics/index.ts.html
2:10:50 PM [vite] page reload coverage/src/components/fraud/FraudRuleBuilder.tsx.html
2:10:50 PM [vite] page reload coverage/src/components/fraud/index.html
2:10:50 PM [vite] page reload coverage/src/components/graph/EntityGraph3DWebGL.tsx.html
2:10:50 PM [vite] page reload coverage/src/components/graph/index.html
2:10:50 PM [vite] page reload coverage/src/components/i18n/LanguageSwitcher.tsx.html
2:10:50 PM [vite] page reload coverage/src/components/i18n/index.html
2:10:50 PM [vite] page reload coverage/src/components/i18n/index.ts.html
2:10:50 PM [vite] page reload coverage/src/components/index.html
2:10:50 PM [vite] page reload coverage/src/components/ingestion/DataMapping.tsx.html
2:10:50 PM [vite] page reload coverage/src/components/ingestion/IngestionStepper.tsx.html
2:10:50 PM [vite] page reload coverage/src/components/ingestion/index.html
2:10:50 PM [vite] page reload coverage/src/components/integration/AnalyticsTab.tsx.html
2:10:50 PM [vite] page reload coverage/src/components/integration/EventBusTab.tsx.html
2:10:50 PM [vite] page reload coverage/src/components/integration/GraphQLTab.tsx.html
2:10:50 PM [vite] page reload coverage/src/components/integration/IntegrationsTab.tsx.html
2:10:50 PM [vite] page reload coverage/src/components/integration/MarketplaceTab.tsx.html
2:10:50 PM [vite] page reload coverage/src/components/integration/OverviewTab.tsx.html
2:10:50 PM [vite] page reload coverage/src/components/integration/index.html
2:10:50 PM [vite] page reload coverage/src/components/intelligence/AutoReportGenerator.tsx.html
2:10:50 PM [vite] page reload coverage/src/components/intelligence/CourtDocumentGenerator.tsx.html
2:10:50 PM [vite] page reload coverage/src/components/intelligence/PredictiveDashboard.tsx.html
2:10:50 PM [vite] page reload coverage/src/components/intelligence/index.html
2:10:50 PM [vite] page reload coverage/src/components/investigation/CanvasArea.tsx.html
2:10:50 PM [vite] page reload coverage/src/components/investigation/EntityForm.tsx.html
2:10:50 PM [vite] page reload coverage/src/components/investigation/EntityNode.tsx.html
2:10:50 PM [vite] page reload coverage/src/components/investigation/EntityRegistry.tsx.html
2:10:50 PM [vite] page reload coverage/src/components/investigation/EvidenceItem.tsx.html
2:10:50 PM [vite] page reload coverage/src/components/investigation/GraphCanvas.tsx.html
2:10:50 PM [vite] page reload coverage/src/components/investigation/InvestigationCanvas.tsx.html
2:10:50 PM [vite] page reload coverage/src/components/investigation/InvestigationSkeleton.tsx.html
2:10:50 PM [vite] page reload coverage/src/components/investigation/NodeInspector.tsx.html
2:10:50 PM [vite] page reload coverage/src/components/investigation/PathfindingVisualizer.tsx.html
2:10:50 PM [vite] page reload coverage/src/components/investigation/RelationshipForm.tsx.html
2:10:50 PM [vite] page reload coverage/src/components/investigation/ThreeDGraph.tsx.html
2:10:50 PM [vite] page reload coverage/src/components/investigation/index.html
2:10:50 PM [vite] page reload coverage/src/components/layout/AppLayout.tsx.html
2:10:50 PM [vite] page reload coverage/src/components/layout/Header.tsx.html
2:10:50 PM [vite] page reload coverage/src/components/layout/Sidebar.tsx.html
2:10:50 PM [vite] page reload coverage/src/components/layout/index.html
2:10:50 PM [vite] page reload coverage/src/components/monitoring/MonitoringDashboard.tsx.html
2:10:50 PM [vite] page reload coverage/src/components/monitoring/PerformanceDashboard.tsx.html
2:10:50 PM [vite] page reload coverage/src/components/monitoring/SystemOrchestrationDashboard.tsx.html
2:10:50 PM [vite] page reload coverage/src/components/monitoring/index.html
2:10:50 PM [vite] page reload coverage/src/components/performance/PerformanceDashboard.tsx.html
2:10:50 PM [vite] page reload coverage/src/components/performance/index.html
2:10:50 PM [vite] page reload coverage/src/components/recon/ExceptionQueue.tsx.html
2:10:50 PM [vite] page reload coverage/src/components/recon/MatchCanvas.tsx.html
2:10:50 PM [vite] page reload coverage/src/components/recon/TransactionCard.tsx.html
2:10:50 PM [vite] page reload coverage/src/components/recon/index.html
2:10:50 PM [vite] page reload coverage/src/components/reporting/AIWriter.tsx.html
2:10:50 PM [vite] page reload coverage/src/components/reporting/AutoReportGenerator.tsx.html
2:10:50 PM [vite] page reload coverage/src/components/reporting/ConclusionWizard.tsx.html
2:10:50 PM [vite] page reload coverage/src/components/reporting/DossierExport.tsx.html
2:10:50 PM [vite] page reload coverage/src/components/reporting/FinancialHealth.tsx.html
2:10:50 PM [vite] page reload coverage/src/components/reporting/KeyFindings.tsx.html
2:10:50 PM [vite] page reload coverage/src/components/reporting/ProjectTracker.tsx.html
2:10:50 PM [vite] page reload coverage/src/components/reporting/ReportBuilder.tsx.html
2:10:50 PM [vite] page reload coverage/src/components/reporting/SuccessBanner.tsx.html
2:10:50 PM [vite] page reload coverage/src/components/reporting/SummaryPreview.tsx.html
2:10:50 PM [vite] page reload coverage/src/components/reporting/index.html
2:10:50 PM [vite] page reload coverage/src/components/settings/AccessibilitySettings.tsx.html
2:10:50 PM [vite] page reload coverage/src/components/settings/AuditLogViewer.tsx.html
2:10:50 PM [vite] page reload coverage/src/components/settings/GeneralSettings.tsx.html
2:10:50 PM [vite] page reload coverage/src/components/settings/HealthGauges.tsx.html
2:10:50 PM [vite] page reload coverage/src/components/settings/NotificationSettings.tsx.html
2:10:50 PM [vite] page reload coverage/src/components/settings/PermissionMatrix.tsx.html
2:10:50 PM [vite] page reload coverage/src/components/settings/RuleBuilder.tsx.html
2:10:50 PM [vite] page reload coverage/src/components/settings/SecuritySettings.tsx.html
2:10:50 PM [vite] page reload coverage/src/components/settings/SettingsErrorState.tsx.html
2:10:50 PM [vite] page reload coverage/src/components/settings/SettingsHeader.tsx.html
2:10:50 PM [vite] page reload coverage/src/components/settings/SettingsLayout.tsx.html
2:10:50 PM [vite] page reload coverage/src/components/settings/SettingsNavigation.tsx.html
2:10:50 PM [vite] page reload coverage/src/components/settings/SettingsSkeleton.tsx.html
2:10:50 PM [vite] page reload coverage/src/components/settings/SystemSettings.tsx.html
2:10:50 PM [vite] page reload coverage/src/components/settings/i18n/LanguageSwitcher.tsx.html
2:10:50 PM [vite] page reload coverage/src/components/settings/i18n/index.html
2:10:50 PM [vite] page reload coverage/src/components/settings/index.html
2:10:50 PM [vite] page reload coverage/src/components/settings/index.ts.html
2:10:50 PM [vite] page reload coverage/src/components/ui/AIInsights.tsx.html
2:10:50 PM [vite] page reload coverage/src/components/ui/AccessibleButton.tsx.html
2:10:50 PM [vite] page reload coverage/src/components/ui/AccessibleForm.tsx.html
2:10:50 PM [vite] page reload coverage/src/components/ui/AccessibleModal.tsx.html
2:10:50 PM [vite] page reload coverage/src/components/ui/AgentStatusStream.tsx.html
2:10:50 PM [vite] page reload coverage/src/components/ui/DataGrid.tsx.html
2:10:50 PM [vite] page reload coverage/src/components/ui/DraftPreview.tsx.html
2:10:50 PM [vite] page reload coverage/src/components/ui/DragDrop.tsx.html
2:10:50 PM [vite] page reload coverage/src/components/ui/FileDropZone.tsx.html
2:10:50 PM [vite] page reload coverage/src/components/ui/Input.tsx.html
2:10:50 PM [vite] page reload coverage/src/components/ui/KeyboardShortcutsModal.tsx.html
2:10:50 PM [vite] page reload coverage/src/components/ui/MultiModalUpload.tsx.html
2:10:50 PM [vite] page reload coverage/src/components/ui/Pagination.tsx.html
2:10:50 PM [vite] page reload coverage/src/components/ui/ProgressBar.tsx.html
2:10:50 PM [vite] page reload coverage/src/components/ui/ProgressiveDisclosure.tsx.html
2:10:50 PM [vite] page reload coverage/src/components/ui/ResizablePanel.tsx.html
2:10:50 PM [vite] page reload coverage/src/components/ui/ScrollArea.tsx.html
2:10:50 PM [vite] page reload coverage/src/components/ui/SemanticSearch.tsx.html
2:10:50 PM [vite] page reload coverage/src/components/ui/Skeleton.tsx.html
2:10:50 PM [vite] page reload coverage/src/components/ui/SplitView.tsx.html
2:10:50 PM [vite] page reload coverage/src/components/ui/StandardizedErrorDisplay.tsx.html
2:10:50 PM [vite] page reload coverage/src/components/ui/StatusIndicator.tsx.html
2:10:50 PM [vite] page reload coverage/src/components/ui/SyncStatus.tsx.html
2:10:50 PM [vite] page reload coverage/src/components/ui/Table.tsx.html
2:10:50 PM [vite] page reload coverage/src/components/ui/VirtualList.tsx.html
2:10:50 PM [vite] page reload coverage/src/components/ui/VirtualizedList.tsx.html
2:10:50 PM [vite] page reload coverage/src/components/ui/WindowControls.tsx.html
2:10:50 PM [vite] page reload coverage/src/components/ui/alert.tsx.html
2:10:50 PM [vite] page reload coverage/src/components/ui/avatar.tsx.html
2:10:50 PM [vite] page reload coverage/src/components/ui/badge.tsx.html
2:10:50 PM [vite] page reload coverage/src/components/ui/button.tsx.html
2:10:50 PM [vite] page reload coverage/src/components/ui/card.tsx.html
2:10:50 PM [vite] page reload coverage/src/components/ui/checkbox.tsx.html
2:10:50 PM [vite] page reload coverage/src/components/ui/dialog.tsx.html
2:10:50 PM [vite] page reload coverage/src/components/ui/index.html
2:10:50 PM [vite] page reload coverage/src/components/ui/label.tsx.html
2:10:50 PM [vite] page reload coverage/src/components/ui/progress.tsx.html
2:10:50 PM [vite] page reload coverage/src/components/ui/scroll-area.tsx.html
2:10:50 PM [vite] page reload coverage/src/components/ui/select.tsx.html
2:10:50 PM [vite] page reload coverage/src/components/ui/separator.tsx.html
2:10:50 PM [vite] page reload coverage/src/components/ui/slider.tsx.html
2:10:50 PM [vite] page reload coverage/src/components/ui/switch.tsx.html
2:10:50 PM [vite] page reload coverage/src/components/ui/tabs.tsx.html
2:10:50 PM [vite] page reload coverage/src/components/ui/textarea.tsx.html
2:10:50 PM [vite] page reload coverage/src/components/visualization/AIInsightPanel.tsx.html
2:10:50 PM [vite] page reload coverage/src/components/visualization/index.html
2:10:50 PM [vite] page reload coverage/src/components/visualizations/BehavioralHeatmap.tsx.html
2:10:50 PM [vite] page reload coverage/src/components/visualizations/CorrelationMatrix.tsx.html
2:10:50 PM [vite] page reload coverage/src/components/visualizations/EntityGraph3D.tsx.html
2:10:50 PM [vite] page reload coverage/src/components/visualizations/NetworkGraph.tsx.html
2:10:50 PM [vite] page reload coverage/src/components/visualizations/NetworkGraph3D.tsx.html
2:10:50 PM [vite] page reload coverage/src/components/visualizations/TemporalFlowVisualizer.tsx.html
2:10:50 PM [vite] page reload coverage/src/components/visualizations/index.html
2:10:50 PM [vite] page reload coverage/src/config.ts.html
2:10:50 PM [vite] page reload coverage/src/context/AIContext.tsx.html
2:10:50 PM [vite] page reload coverage/src/context/AccessibilityContext.tsx.html
2:10:50 PM [vite] page reload coverage/src/context/AuthContext.ts.html
2:10:50 PM [vite] page reload coverage/src/context/NetworkStatusContext.ts.html
2:10:50 PM [vite] page reload coverage/src/context/OfflineQueueContext.ts.html
2:10:50 PM [vite] page reload coverage/src/context/TourContext.tsx.html
2:10:50 PM [vite] page reload coverage/src/context/index.html
2:10:50 PM [vite] page reload coverage/src/hooks/index.html
2:10:50 PM [vite] page reload coverage/src/hooks/use-toast.ts.html
2:10:50 PM [vite] page reload coverage/src/hooks/useAccessibility.ts.html
2:10:50 PM [vite] page reload coverage/src/hooks/useAlerts.ts.html
2:10:50 PM [vite] page reload coverage/src/hooks/useApiError.ts.html
2:10:50 PM [vite] page reload coverage/src/hooks/useApiWithRetry.ts.html
2:10:50 PM [vite] page reload coverage/src/hooks/useAuth.ts.html
2:10:50 PM [vite] page reload coverage/src/hooks/useCases 2.ts.html
2:10:50 PM [vite] page reload coverage/src/hooks/useCases.ts.html
2:10:50 PM [vite] page reload coverage/src/hooks/useCollaboration.ts.html
2:10:50 PM [vite] page reload coverage/src/hooks/useContextAwareAI.ts.html
2:10:50 PM [vite] page reload coverage/src/hooks/useDashboard.ts.html
2:10:50 PM [vite] page reload coverage/src/hooks/useDashboardMetrics.ts.html
2:10:50 PM [vite] page reload coverage/src/hooks/useEvidence.ts.html
2:10:50 PM [vite] page reload coverage/src/hooks/useFormValidation.ts.html
2:10:50 PM [vite] page reload coverage/src/hooks/useGraphData.ts.html
2:10:50 PM [vite] page reload coverage/src/hooks/useHttpClient.tsx.html
2:10:50 PM [vite] page reload coverage/src/hooks/useKeyboardNavigation.tsx.html
2:10:50 PM [vite] page reload coverage/src/hooks/useMemoryCleanup.ts.html
2:10:50 PM [vite] page reload coverage/src/hooks/useNetworkStatus.ts.html
2:10:50 PM [vite] page reload coverage/src/hooks/useOfflineQueue.ts.html
2:10:50 PM [vite] page reload coverage/src/hooks/usePerformanceMonitor.ts.html
2:10:50 PM [vite] page reload coverage/src/hooks/usePersistedState.ts.html
2:10:50 PM [vite] page reload coverage/src/hooks/useResizeObserver.ts.html
2:10:50 PM [vite] page reload coverage/src/hooks/useRoleBasedLayout.ts.html
2:10:50 PM [vite] page reload coverage/src/hooks/useSanitizedHTML.tsx.html
2:10:50 PM [vite] page reload coverage/src/hooks/useSettings.ts.html
2:10:50 PM [vite] page reload coverage/src/hooks/useTouchGestures.ts.html
2:10:50 PM [vite] page reload coverage/src/hooks/useWebSocketClient.tsx.html
2:10:50 PM [vite] page reload coverage/src/hooks/useWebSocketQueue.ts.html
2:10:50 PM [vite] page reload coverage/src/i18n/config.ts.html
2:10:50 PM [vite] page reload coverage/src/i18n/index.html
2:10:50 PM [vite] page reload coverage/src/i18n/index.ts.html
2:10:50 PM [vite] page reload coverage/src/index.html
2:10:50 PM [vite] page reload coverage/src/lib/AIFraudDetection.ts.html
2:10:50 PM [vite] page reload coverage/src/lib/LocalDataManager.ts.html
2:10:50 PM [vite] page reload coverage/src/lib/accessibility/aria-helpers.ts.html
2:10:50 PM [vite] page reload coverage/src/lib/accessibility/focus-management.ts.html
2:10:50 PM [vite] page reload coverage/src/lib/accessibility/index.html
2:10:50 PM [vite] page reload coverage/src/lib/accessibility/keyboard-navigation.ts.html
2:10:50 PM [vite] page reload coverage/src/lib/accessibility.ts.html
2:10:50 PM [vite] page reload coverage/src/lib/advancedAI 2.ts.html
2:10:50 PM [vite] page reload coverage/src/lib/advancedAI.ts.html
2:10:50 PM [vite] page reload coverage/src/lib/advancedMonitoring.ts.html
2:10:50 PM [vite] page reload coverage/src/lib/advancedTesting.ts.html
2:10:50 PM [vite] page reload coverage/src/lib/api.ts.html
2:10:50 PM [vite] page reload coverage/src/lib/chaosEngineering.ts.html
2:10:50 PM [vite] page reload coverage/src/lib/circuitBreaker.ts.html
2:10:50 PM [vite] page reload coverage/src/lib/electron.ts.html
2:10:50 PM [vite] page reload coverage/src/lib/formatters.ts.html
2:10:50 PM [vite] page reload coverage/src/lib/index.html
2:10:50 PM [vite] page reload coverage/src/lib/keyboardShortcuts.ts.html
2:10:50 PM [vite] page reload coverage/src/lib/reliabilityManager.ts.html
2:10:50 PM [vite] page reload coverage/src/lib/testGenerator.ts.html
2:10:50 PM [vite] page reload coverage/src/lib/utils.ts.html
2:10:50 PM [vite] page reload coverage/src/pages/AdjudicationQueue.tsx.html
2:10:50 PM [vite] page reload coverage/src/pages/AdvancedAiHub.tsx.html
2:10:50 PM [vite] page reload coverage/src/pages/AgentApprovals.tsx.html
2:10:50 PM [vite] page reload coverage/src/pages/AgentDrafts.tsx.html
2:10:50 PM [vite] page reload coverage/src/pages/Cases.tsx.html
2:10:50 PM [vite] page reload coverage/src/pages/CasesRefactored.tsx.html
2:10:50 PM [vite] page reload coverage/src/pages/ComplianceMonitoring.tsx.html
2:10:50 PM [vite] page reload coverage/src/pages/Dashboard.tsx.html
2:10:50 PM [vite] page reload coverage/src/pages/DesignSystemShowcase.tsx.html
2:10:50 PM [vite] page reload coverage/src/pages/EnhancedDashboard.tsx.html
2:10:50 PM [vite] page reload coverage/src/pages/EnhancedEvidenceLocker.tsx.html
2:10:50 PM [vite] page reload coverage/src/pages/Forensics.tsx.html
2:10:50 PM [vite] page reload coverage/src/pages/ForensicsRefactored.tsx.html
2:10:50 PM [vite] page reload coverage/src/pages/Ingestion.tsx.html
2:10:50 PM [vite] page reload coverage/src/pages/IntegrationHub.tsx.html
2:10:50 PM [vite] page reload coverage/src/pages/Investigation.tsx.html
2:10:50 PM [vite] page reload coverage/src/pages/Login.tsx.html
2:10:50 PM [vite] page reload coverage/src/pages/NetworkAnalysis.tsx.html
2:10:50 PM [vite] page reload coverage/src/pages/NotFound.tsx.html
2:10:50 PM [vite] page reload coverage/src/pages/PerformanceDashboard.tsx.html
2:10:50 PM [vite] page reload coverage/src/pages/ProjectSelection.tsx.html
2:10:50 PM [vite] page reload coverage/src/pages/ProofVisualizationRoute.tsx.html
2:10:50 PM [vite] page reload coverage/src/pages/Reconciliation.tsx.html
2:10:50 PM [vite] page reload coverage/src/pages/RegulatoryIntelligence.tsx.html
2:10:50 PM [vite] page reload coverage/src/pages/Reporting.tsx.html
2:10:50 PM [vite] page reload coverage/src/pages/SARCreation.tsx.html
2:10:50 PM [vite] page reload coverage/src/pages/Settings.tsx.html
2:10:50 PM [vite] page reload coverage/src/pages/Setup.tsx.html
2:10:50 PM [vite] page reload coverage/src/pages/SystemDiagnosticsCenter.tsx.html
2:10:50 PM [vite] page reload coverage/src/pages/index.html
2:10:50 PM [vite] page reload coverage/src/pages/settings/components/GeneralTab.tsx.html
2:10:50 PM [vite] page reload coverage/src/pages/settings/components/index.html
2:10:50 PM [vite] page reload coverage/src/providers/AppProviders.tsx.html
2:10:50 PM [vite] page reload coverage/src/providers/AuthProvider.tsx.html
2:10:50 PM [vite] page reload coverage/src/providers/AuthenticationProvider.tsx.html
2:10:50 PM [vite] page reload coverage/src/providers/LocaleProvider.tsx.html
2:10:50 PM [vite] page reload coverage/src/providers/NetworkStatusProvider.tsx.html
2:10:50 PM [vite] page reload coverage/src/providers/OfflineQueueContext.tsx.html
2:10:50 PM [vite] page reload coverage/src/providers/ToastProvider.tsx.html
2:10:50 PM [vite] page reload coverage/src/providers/WebSocketProvider.tsx.html
2:10:50 PM [vite] page reload coverage/src/providers/index.html
2:10:50 PM [vite] page reload coverage/src/services/CaseSyncEngine.ts.html
2:10:50 PM [vite] page reload coverage/src/services/EvidenceScorer.ts.html
2:10:50 PM [vite] page reload coverage/src/services/ai.ts.html
2:10:50 PM [vite] page reload coverage/src/services/alerts.ts.html
2:10:50 PM [vite] page reload coverage/src/services/api.ts.html
2:10:50 PM [vite] page reload coverage/src/services/approvalService.ts.html
2:10:50 PM [vite] page reload coverage/src/services/auth.ts.html
2:10:50 PM [vite] page reload coverage/src/services/cases.ts.html
2:10:50 PM [vite] page reload coverage/src/services/client.ts.html
2:10:50 PM [vite] page reload coverage/src/services/compliance.ts.html
2:10:50 PM [vite] page reload coverage/src/services/complianceMonitoring 2.ts.html
2:10:50 PM [vite] page reload coverage/src/services/complianceMonitoring.ts.html
2:10:50 PM [vite] page reload coverage/src/services/costOptimization.ts.html
2:10:50 PM [vite] page reload coverage/src/services/diagnosticsService.ts.html
2:10:50 PM [vite] page reload coverage/src/services/draftPreviewService.ts.html
2:10:50 PM [vite] page reload coverage/src/services/errorReporting.ts.html
2:10:50 PM [vite] page reload coverage/src/services/evidence.ts.html
2:10:50 PM [vite] page reload coverage/src/services/fileProcessing.ts.html
2:10:50 PM [vite] page reload coverage/src/services/graph.ts.html
2:10:50 PM [vite] page reload coverage/src/services/index.html
2:10:50 PM [vite] page reload coverage/src/services/integrations.ts.html
2:10:50 PM [vite] page reload coverage/src/services/intelligenceService.ts.html
2:10:50 PM [vite] page reload coverage/src/services/monitoring.ts.html
2:10:50 PM [vite] page reload coverage/src/services/notifications.ts.html
2:10:50 PM [vite] page reload coverage/src/services/onboarding.ts.html
2:10:50 PM [vite] page reload coverage/src/services/reconciliation.ts.html
2:10:50 PM [vite] page reload coverage/src/services/reporting.ts.html
2:10:50 PM [vite] page reload coverage/src/services/settings.ts.html
2:10:50 PM [vite] page reload coverage/src/services/socket.ts.html
2:10:50 PM [vite] page reload coverage/src/services/sync.ts.html
2:10:50 PM [vite] page reload coverage/src/services/syncOrchestrator.ts.html
2:10:50 PM [vite] page reload coverage/src/services/user.ts.html
2:10:50 PM [vite] page reload coverage/src/store/globalStore.ts.html
2:10:50 PM [vite] page reload coverage/src/store/index.html
2:10:50 PM [vite] page reload coverage/src/store/projectStore.ts.html
2:10:50 PM [vite] page reload coverage/src/store/reconciliationStore.ts.html
2:10:50 PM [vite] page reload coverage/src/store/useAuthStore.ts.html
2:10:50 PM [vite] page reload coverage/src/store/useIngestionStore.ts.html
2:10:50 PM [vite] page reload coverage/src/store/useUIStore.ts.html
2:10:50 PM [vite] page reload coverage/src/stores/index.html
2:10:50 PM [vite] page reload coverage/src/stores/useAuthStore.ts.html
2:10:50 PM [vite] page reload coverage/src/stores/useIngestionStore.ts.html
2:10:50 PM [vite] page reload coverage/src/stores/useUIStore.ts.html
2:10:50 PM [vite] page reload coverage/src/types/index.html
2:10:50 PM [vite] page reload coverage/src/types/locale.ts.html
2:10:50 PM [vite] page reload coverage/src/utils/antiDebug.ts.html
2:10:50 PM [vite] page reload coverage/src/utils/api.ts.html
2:10:50 PM [vite] page reload coverage/src/utils/csrfProtection.ts.html
2:10:50 PM [vite] page reload coverage/src/utils/electron.ts.html
2:10:50 PM [vite] page reload coverage/src/utils/electronStore.ts.html
2:10:50 PM [vite] page reload coverage/src/utils/errorHandler.ts.html
2:10:50 PM [vite] page reload coverage/src/utils/index.html
2:10:50 PM [vite] page reload coverage/src/utils/logger.ts.html
2:10:50 PM [vite] page reload coverage/src/utils/performanceMonitor.ts.html
2:10:50 PM [vite] page reload coverage/src/utils/secureLogger.ts.html
2:10:50 PM [vite] page reload coverage/src/utils/secureRandom.ts.html
2:10:50 PM [vite] page reload coverage/src/utils/secureTokenStorage.ts.html
2:10:50 PM [vite] page reload coverage/src/utils/validation.ts.html
2:10:50 PM [vite] page reload coverage/src/utils/verifyIntegrity.ts.html
2:10:50 PM [vite] page reload coverage/src/utils/webVitals.ts.html
2:10:50 PM [vite] page reload coverage-e2e/index.html
2:10:50 PM [vite] page reload coverage-e2e/lcov-report/index.html
2:10:50 PM [vite] page reload coverage-e2e/lcov-report/src/App.tsx.html
2:10:50 PM [vite] page reload coverage-e2e/lcov-report/src/components/ApprovalQueue.tsx.html
2:10:50 PM [vite] page reload coverage-e2e/lcov-report/src/components/CaseProgressBar.tsx.html
2:10:50 PM [vite] page reload coverage-e2e/lcov-report/src/components/CollaborativeEditor.tsx.html
2:10:50 PM [vite] page reload coverage-e2e/lcov-report/src/components/DigitalDossierGenerator.tsx.html
2:10:50 PM [vite] page reload coverage-e2e/lcov-report/src/components/ErrorBoundary.tsx.html
2:10:50 PM [vite] page reload coverage-e2e/lcov-report/src/components/ErrorMessage.tsx.html
2:10:50 PM [vite] page reload coverage-e2e/lcov-report/src/components/FriendlyWelcome.tsx.html
2:10:50 PM [vite] page reload coverage-e2e/lcov-report/src/components/InvestigationNotebook.tsx.html
2:10:50 PM [vite] page reload coverage-e2e/lcov-report/src/components/LoadingState.tsx.html
2:10:50 PM [vite] page reload coverage-e2e/lcov-report/src/components/MemoryMonitor.tsx.html
2:10:50 PM [vite] page reload coverage-e2e/lcov-report/src/components/NotificationContainer.tsx.html
2:10:50 PM [vite] page reload coverage-e2e/lcov-report/src/components/OfflineIndicator.tsx.html
2:10:50 PM [vite] page reload coverage-e2e/lcov-report/src/components/OnboardingWizard.tsx.html
2:10:50 PM [vite] page reload coverage-e2e/lcov-report/src/components/PageErrorBoundary.tsx.html
2:10:50 PM [vite] page reload coverage-e2e/lcov-report/src/components/RelationshipGraph.tsx.html
2:10:50 PM [vite] page reload coverage-e2e/lcov-report/src/components/RoleSelection.tsx.html
2:10:50 PM [vite] page reload coverage-e2e/lcov-report/src/components/RoleSelector.tsx.html
2:10:50 PM [vite] page reload coverage-e2e/lcov-report/src/components/TemporalPlayback.tsx.html
2:10:50 PM [vite] page reload coverage-e2e/lcov-report/src/components/WebSocketSync.tsx.html
2:10:50 PM [vite] page reload coverage-e2e/lcov-report/src/components/accessibility/AccessibilityChecker.tsx.html
2:10:50 PM [vite] page reload coverage-e2e/lcov-report/src/components/accessibility/AccessibilitySettings.tsx.html
2:10:50 PM [vite] page reload coverage-e2e/lcov-report/src/components/accessibility/index.html
2:10:50 PM [vite] page reload coverage-e2e/lcov-report/src/components/adjudication/AdjudicationLayout.tsx.html
2:10:50 PM [vite] page reload coverage-e2e/lcov-report/src/components/adjudication/AlertDetail.tsx.html
2:10:50 PM [vite] page reload coverage-e2e/lcov-report/src/components/adjudication/AlertList.tsx.html
2:10:50 PM [vite] page reload coverage-e2e/lcov-report/src/components/adjudication/AlertListItem.tsx.html
2:10:50 PM [vite] page reload coverage-e2e/lcov-report/src/components/adjudication/ContextTabs.tsx.html
2:10:50 PM [vite] page reload coverage-e2e/lcov-report/src/components/adjudication/DecisionPanel.tsx.html
2:10:50 PM [vite] page reload coverage-e2e/lcov-report/src/components/adjudication/index.html
2:10:50 PM [vite] page reload coverage-e2e/lcov-report/src/components/adjudication/tabs/AIReasoningTab.tsx.html
2:10:50 PM [vite] page reload coverage-e2e/lcov-report/src/components/adjudication/tabs/ContextTab.tsx.html
2:10:50 PM [vite] page reload coverage-e2e/lcov-report/src/components/adjudication/tabs/GraphTab.tsx.html
2:10:50 PM [vite] page reload coverage-e2e/lcov-report/src/components/adjudication/tabs/HistoryTab.tsx.html
2:10:50 PM [vite] page reload coverage-e2e/lcov-report/src/components/adjudication/tabs/index.html
2:10:50 PM [vite] page reload coverage-e2e/lcov-report/src/components/advanced/ai/AiPerformanceMonitor.tsx.html
2:10:50 PM [vite] page reload coverage-e2e/lcov-report/src/components/advanced/ai/MultimodalAnalyzer.tsx.html
2:10:50 PM [vite] page reload coverage-e2e/lcov-report/src/components/advanced/ai/RagSearchInterface.tsx.html
2:10:50 PM [vite] page reload coverage-e2e/lcov-report/src/components/advanced/ai/RedTeamDashboard.tsx.html
2:10:50 PM [vite] page reload coverage-e2e/lcov-report/src/components/advanced/ai/index.html
2:10:50 PM [vite] page reload coverage-e2e/lcov-report/src/components/ai/AIAssistant.tsx.html
2:10:50 PM [vite] page reload coverage-e2e/lcov-report/src/components/ai/AIIntelligenceDashboard.tsx.html
2:10:50 PM [vite] page reload coverage-e2e/lcov-report/src/components/ai/AdvancedComplianceDashboard.tsx.html
2:10:50 PM [vite] page reload coverage-e2e/lcov-report/src/components/ai/CodeReviewDashboard.tsx.html
2:10:50 PM [vite] page reload coverage-e2e/lcov-report/src/components/ai/PredictiveMaintenanceDashboard.tsx.html
2:10:50 PM [vite] page reload coverage-e2e/lcov-report/src/components/ai/index.html
2:10:50 PM [vite] page reload coverage-e2e/lcov-report/src/components/auth/LoginForm.tsx.html
2:10:50 PM [vite] page reload coverage-e2e/lcov-report/src/components/auth/index.html
2:10:50 PM [vite] page reload coverage-e2e/lcov-report/src/components/cases/CaseActions.tsx.html
2:10:50 PM [vite] page reload coverage-e2e/lcov-report/src/components/cases/CaseHeader.tsx.html
2:10:50 PM [vite] page reload coverage-e2e/lcov-report/src/components/cases/CaseKanban.tsx.html
2:10:50 PM [vite] page reload coverage-e2e/lcov-report/src/components/cases/CasePreviewDrawer.tsx.html
2:10:50 PM [vite] page reload coverage-e2e/lcov-report/src/components/cases/CaseTable.tsx.html
2:10:50 PM [vite] page reload coverage-e2e/lcov-report/src/components/cases/FacetedFilter.tsx.html
2:10:50 PM [vite] page reload coverage-e2e/lcov-report/src/components/cases/InvestigationWizard.tsx.html
2:10:50 PM [vite] page reload coverage-e2e/lcov-report/src/components/cases/NewInvestigationWizard.tsx.html
2:10:50 PM [vite] page reload coverage-e2e/lcov-report/src/components/cases/RichCaseCard.tsx.html
2:10:50 PM [vite] page reload coverage-e2e/lcov-report/src/components/cases/index.html
2:10:50 PM [vite] page reload coverage-e2e/lcov-report/src/components/collaboration/CollaborativeEditor.tsx.html
2:10:50 PM [vite] page reload coverage-e2e/lcov-report/src/components/collaboration/EvidenceBoard.tsx.html
2:10:50 PM [vite] page reload coverage-e2e/lcov-report/src/components/collaboration/HypothesisBoard.tsx.html
2:10:50 PM [vite] page reload coverage-e2e/lcov-report/src/components/collaboration/MensReaAnalyzer.tsx.html
2:10:50 PM [vite] page reload coverage-e2e/lcov-report/src/components/collaboration/index.html
2:10:50 PM [vite] page reload coverage-e2e/lcov-report/src/components/common/EmptyState.tsx.html
2:10:50 PM [vite] page reload coverage-e2e/lcov-report/src/components/common/ErrorBoundary.tsx.html
2:10:50 PM [vite] page reload coverage-e2e/lcov-report/src/components/common/EvidenceSpotlight.tsx.html
2:10:50 PM [vite] page reload coverage-e2e/lcov-report/src/components/common/JourneyProgress.tsx.html
2:10:50 PM [vite] page reload coverage-e2e/lcov-report/src/components/common/ProjectSwitcher.tsx.html
2:10:50 PM [vite] page reload coverage-e2e/lcov-report/src/components/common/RookieChecklist.tsx.html
2:10:50 PM [vite] page reload coverage-e2e/lcov-report/src/components/common/Spinner.tsx.html
2:10:50 PM [vite] page reload coverage-e2e/lcov-report/src/components/common/TourSpotlight.tsx.html
2:10:50 PM [vite] page reload coverage-e2e/lcov-report/src/components/common/WelcomeMessage.tsx.html
2:10:50 PM [vite] page reload coverage-e2e/lcov-report/src/components/common/index.html
2:10:50 PM [vite] page reload coverage-e2e/lcov-report/src/components/compliance/SARCreationWizard.tsx.html
2:10:50 PM [vite] page reload coverage-e2e/lcov-report/src/components/compliance/index.html
2:10:50 PM [vite] page reload coverage-e2e/lcov-report/src/components/dashboard/AIWatchtower.tsx.html
2:10:50 PM [vite] page reload coverage-e2e/lcov-report/src/components/dashboard/CostOptimizationWidget.tsx.html
2:10:50 PM [vite] page reload coverage-e2e/lcov-report/src/components/dashboard/LiveQueue.tsx.html
2:10:50 PM [vite] page reload coverage-e2e/lcov-report/src/components/dashboard/MetricCard.tsx.html
2:10:50 PM [vite] page reload coverage-e2e/lcov-report/src/components/dashboard/MetricSparkline.tsx.html
2:10:50 PM [vite] page reload coverage-e2e/lcov-report/src/components/dashboard/MovableDashboard.tsx.html
2:10:50 PM [vite] page reload coverage-e2e/lcov-report/src/components/dashboard/PredictiveDashboard.tsx.html
2:10:50 PM [vite] page reload coverage-e2e/lcov-report/src/components/dashboard/ProofVisualizationCard.tsx.html
2:10:50 PM [vite] page reload coverage-e2e/lcov-report/src/components/dashboard/RiskDistributionChart.tsx.html
2:10:50 PM [vite] page reload coverage-e2e/lcov-report/src/components/dashboard/ThreatMap.tsx.html
2:10:50 PM [vite] page reload coverage-e2e/lcov-report/src/components/dashboard/VolumeChart.tsx.html
2:10:50 PM [vite] page reload coverage-e2e/lcov-report/src/components/dashboard/index.html
2:10:50 PM [vite] page reload coverage-e2e/lcov-report/src/components/evidence/DocumentViewer.tsx.html
2:10:50 PM [vite] page reload coverage-e2e/lcov-report/src/components/evidence/EvidenceViewer.tsx.html
2:10:50 PM [vite] page reload coverage-e2e/lcov-report/src/components/evidence/FolderTree.tsx.html
2:10:50 PM [vite] page reload coverage-e2e/lcov-report/src/components/evidence/ForensicCanvas.tsx.html
2:10:50 PM [vite] page reload coverage-e2e/lcov-report/src/components/evidence/HypothesisBoard.tsx.html
2:10:50 PM [vite] page reload coverage-e2e/lcov-report/src/components/evidence/MensReaAnalyzer.tsx.html
2:10:50 PM [vite] page reload coverage-e2e/lcov-report/src/components/evidence/TamperDetector.tsx.html
2:10:50 PM [vite] page reload coverage-e2e/lcov-report/src/components/evidence/UploadWizard.tsx.html
2:10:50 PM [vite] page reload coverage-e2e/lcov-report/src/components/evidence/index.html
2:10:50 PM [vite] page reload coverage-e2e/lcov-report/src/components/forensics/EvidenceList.tsx.html
2:10:50 PM [vite] page reload coverage-e2e/lcov-report/src/components/forensics/EvidenceViewer.tsx.html
2:10:50 PM [vite] page reload coverage-e2e/lcov-report/src/components/forensics/ForensicsErrorState.tsx.html
2:10:50 PM [vite] page reload coverage-e2e/lcov-report/src/components/forensics/ForensicsLayout.tsx.html
2:10:50 PM [vite] page reload coverage-e2e/lcov-report/src/components/forensics/ForensicsSkeleton.tsx.html
2:10:50 PM [vite] page reload coverage-e2e/lcov-report/src/components/forensics/ForensicsToolbar.tsx.html
2:10:50 PM [vite] page reload coverage-e2e/lcov-report/src/components/forensics/PdfViewer.tsx.html
2:10:50 PM [vite] page reload coverage-e2e/lcov-report/src/components/forensics/index.html
2:10:50 PM [vite] page reload coverage-e2e/lcov-report/src/components/forensics/index.ts.html
2:10:50 PM [vite] page reload coverage-e2e/lcov-report/src/components/fraud/FraudRuleBuilder.tsx.html
2:10:50 PM [vite] page reload coverage-e2e/lcov-report/src/components/fraud/index.html
2:10:50 PM [vite] page reload coverage-e2e/lcov-report/src/components/graph/EntityGraph3DWebGL.tsx.html
2:10:50 PM [vite] page reload coverage-e2e/lcov-report/src/components/graph/index.html
2:10:50 PM [vite] page reload coverage-e2e/lcov-report/src/components/i18n/LanguageSwitcher.tsx.html
2:10:50 PM [vite] page reload coverage-e2e/lcov-report/src/components/i18n/index.html
2:10:50 PM [vite] page reload coverage-e2e/lcov-report/src/components/i18n/index.ts.html
2:10:50 PM [vite] page reload coverage-e2e/lcov-report/src/components/index.html
2:10:50 PM [vite] page reload coverage-e2e/lcov-report/src/components/ingestion/DataMapping.tsx.html
2:10:50 PM [vite] page reload coverage-e2e/lcov-report/src/components/ingestion/IngestionStepper.tsx.html
2:10:50 PM [vite] page reload coverage-e2e/lcov-report/src/components/ingestion/index.html
2:10:50 PM [vite] page reload coverage-e2e/lcov-report/src/components/integration/AnalyticsTab.tsx.html
2:10:50 PM [vite] page reload coverage-e2e/lcov-report/src/components/integration/EventBusTab.tsx.html
2:10:50 PM [vite] page reload coverage-e2e/lcov-report/src/components/integration/GraphQLTab.tsx.html
2:10:50 PM [vite] page reload coverage-e2e/lcov-report/src/components/integration/IntegrationsTab.tsx.html
2:10:50 PM [vite] page reload coverage-e2e/lcov-report/src/components/integration/MarketplaceTab.tsx.html
2:10:50 PM [vite] page reload coverage-e2e/lcov-report/src/components/integration/OverviewTab.tsx.html
2:10:50 PM [vite] page reload coverage-e2e/lcov-report/src/components/integration/index.html
2:10:50 PM [vite] page reload coverage-e2e/lcov-report/src/components/intelligence/AutoReportGenerator.tsx.html
2:10:50 PM [vite] page reload coverage-e2e/lcov-report/src/components/intelligence/CourtDocumentGenerator.tsx.html
2:10:50 PM [vite] page reload coverage-e2e/lcov-report/src/components/intelligence/PredictiveDashboard.tsx.html
2:10:50 PM [vite] page reload coverage-e2e/lcov-report/src/components/intelligence/index.html
2:10:50 PM [vite] page reload coverage-e2e/lcov-report/src/components/investigation/CanvasArea.tsx.html
2:10:50 PM [vite] page reload coverage-e2e/lcov-report/src/components/investigation/EntityForm.tsx.html
2:10:50 PM [vite] page reload coverage-e2e/lcov-report/src/components/investigation/EntityNode.tsx.html
2:10:50 PM [vite] page reload coverage-e2e/lcov-report/src/components/investigation/EntityRegistry.tsx.html
2:10:50 PM [vite] page reload coverage-e2e/lcov-report/src/components/investigation/EvidenceItem.tsx.html
2:10:50 PM [vite] page reload coverage-e2e/lcov-report/src/components/investigation/GraphCanvas.tsx.html
2:10:50 PM [vite] page reload coverage-e2e/lcov-report/src/components/investigation/InvestigationCanvas.tsx.html
2:10:50 PM [vite] page reload coverage-e2e/lcov-report/src/components/investigation/InvestigationSkeleton.tsx.html
2:10:50 PM [vite] page reload coverage-e2e/lcov-report/src/components/investigation/NodeInspector.tsx.html
2:10:50 PM [vite] page reload coverage-e2e/lcov-report/src/components/investigation/PathfindingVisualizer.tsx.html
2:10:50 PM [vite] page reload coverage-e2e/lcov-report/src/components/investigation/RelationshipForm.tsx.html
2:10:50 PM [vite] page reload coverage-e2e/lcov-report/src/components/investigation/ThreeDGraph.tsx.html
2:10:50 PM [vite] page reload coverage-e2e/lcov-report/src/components/investigation/index.html
2:10:50 PM [vite] page reload coverage-e2e/lcov-report/src/components/layout/AppLayout.tsx.html
2:10:50 PM [vite] page reload coverage-e2e/lcov-report/src/components/layout/Header.tsx.html
2:10:50 PM [vite] page reload coverage-e2e/lcov-report/src/components/layout/Sidebar.tsx.html
2:10:50 PM [vite] page reload coverage-e2e/lcov-report/src/components/layout/index.html
2:10:50 PM [vite] page reload coverage-e2e/lcov-report/src/components/monitoring/MonitoringDashboard.tsx.html
2:10:50 PM [vite] page reload coverage-e2e/lcov-report/src/components/monitoring/PerformanceDashboard.tsx.html
2:10:50 PM [vite] page reload coverage-e2e/lcov-report/src/components/monitoring/SystemOrchestrationDashboard.tsx.html
2:10:50 PM [vite] page reload coverage-e2e/lcov-report/src/components/monitoring/index.html
2:10:50 PM [vite] page reload coverage-e2e/lcov-report/src/components/performance/PerformanceDashboard.tsx.html
2:10:50 PM [vite] page reload coverage-e2e/lcov-report/src/components/performance/index.html
2:10:50 PM [vite] page reload coverage-e2e/lcov-report/src/components/recon/ExceptionQueue.tsx.html
2:10:50 PM [vite] page reload coverage-e2e/lcov-report/src/components/recon/MatchCanvas.tsx.html
2:10:50 PM [vite] page reload coverage-e2e/lcov-report/src/components/recon/TransactionCard.tsx.html
2:10:50 PM [vite] page reload coverage-e2e/lcov-report/src/components/recon/index.html
2:10:50 PM [vite] page reload coverage-e2e/lcov-report/src/components/reporting/AIWriter.tsx.html
2:10:50 PM [vite] page reload coverage-e2e/lcov-report/src/components/reporting/AutoReportGenerator.tsx.html
2:10:50 PM [vite] page reload coverage-e2e/lcov-report/src/components/reporting/ConclusionWizard.tsx.html
2:10:50 PM [vite] page reload coverage-e2e/lcov-report/src/components/reporting/DossierExport.tsx.html
2:10:50 PM [vite] page reload coverage-e2e/lcov-report/src/components/reporting/FinancialHealth.tsx.html
2:10:50 PM [vite] page reload coverage-e2e/lcov-report/src/components/reporting/KeyFindings.tsx.html
2:10:50 PM [vite] page reload coverage-e2e/lcov-report/src/components/reporting/ProjectTracker.tsx.html
2:10:50 PM [vite] page reload coverage-e2e/lcov-report/src/components/reporting/ReportBuilder.tsx.html
2:10:50 PM [vite] page reload coverage-e2e/lcov-report/src/components/reporting/SuccessBanner.tsx.html
2:10:50 PM [vite] page reload coverage-e2e/lcov-report/src/components/reporting/SummaryPreview.tsx.html
2:10:50 PM [vite] page reload coverage-e2e/lcov-report/src/components/reporting/index.html
2:10:50 PM [vite] page reload coverage-e2e/lcov-report/src/components/settings/AccessibilitySettings.tsx.html
2:10:50 PM [vite] page reload coverage-e2e/lcov-report/src/components/settings/AuditLogViewer.tsx.html
2:10:50 PM [vite] page reload coverage-e2e/lcov-report/src/components/settings/GeneralSettings.tsx.html
2:10:50 PM [vite] page reload coverage-e2e/lcov-report/src/components/settings/HealthGauges.tsx.html
2:10:50 PM [vite] page reload coverage-e2e/lcov-report/src/components/settings/NotificationSettings.tsx.html
2:10:50 PM [vite] page reload coverage-e2e/lcov-report/src/components/settings/PermissionMatrix.tsx.html
2:10:50 PM [vite] page reload coverage-e2e/lcov-report/src/components/settings/RuleBuilder.tsx.html
2:10:50 PM [vite] page reload coverage-e2e/lcov-report/src/components/settings/SecuritySettings.tsx.html
2:10:50 PM [vite] page reload coverage-e2e/lcov-report/src/components/settings/SettingsErrorState.tsx.html
2:10:50 PM [vite] page reload coverage-e2e/lcov-report/src/components/settings/SettingsHeader.tsx.html
2:10:50 PM [vite] page reload coverage-e2e/lcov-report/src/components/settings/SettingsLayout.tsx.html
2:10:50 PM [vite] page reload coverage-e2e/lcov-report/src/components/settings/SettingsNavigation.tsx.html
2:10:50 PM [vite] page reload coverage-e2e/lcov-report/src/components/settings/SettingsSkeleton.tsx.html
2:10:50 PM [vite] page reload coverage-e2e/lcov-report/src/components/settings/SystemSettings.tsx.html
2:10:50 PM [vite] page reload coverage-e2e/lcov-report/src/components/settings/i18n/LanguageSwitcher.tsx.html
2:10:50 PM [vite] page reload coverage-e2e/lcov-report/src/components/settings/i18n/index.html
2:10:50 PM [vite] page reload coverage-e2e/lcov-report/src/components/settings/index.html
2:10:50 PM [vite] page reload coverage-e2e/lcov-report/src/components/settings/index.ts.html
2:10:50 PM [vite] page reload coverage-e2e/lcov-report/src/components/ui/AIInsights.tsx.html
2:10:50 PM [vite] page reload coverage-e2e/lcov-report/src/components/ui/AccessibleButton.tsx.html
2:10:50 PM [vite] page reload coverage-e2e/lcov-report/src/components/ui/AccessibleForm.tsx.html
2:10:50 PM [vite] page reload coverage-e2e/lcov-report/src/components/ui/AccessibleModal.tsx.html
2:10:50 PM [vite] page reload coverage-e2e/lcov-report/src/components/ui/AgentStatusStream.tsx.html
2:10:50 PM [vite] page reload coverage-e2e/lcov-report/src/components/ui/Alert.tsx.html
2:10:50 PM [vite] page reload coverage-e2e/lcov-report/src/components/ui/Avatar.tsx.html
2:10:50 PM [vite] page reload coverage-e2e/lcov-report/src/components/ui/Badge.tsx.html
2:10:50 PM [vite] page reload coverage-e2e/lcov-report/src/components/ui/Button.tsx.html
2:10:50 PM [vite] page reload coverage-e2e/lcov-report/src/components/ui/Card.tsx.html
2:10:50 PM [vite] page reload coverage-e2e/lcov-report/src/components/ui/Checkbox.tsx.html
2:10:50 PM [vite] page reload coverage-e2e/lcov-report/src/components/ui/DataGrid.tsx.html
2:10:50 PM [vite] page reload coverage-e2e/lcov-report/src/components/ui/Dialog.tsx.html
2:10:50 PM [vite] page reload coverage-e2e/lcov-report/src/components/ui/DraftPreview.tsx.html
2:10:50 PM [vite] page reload coverage-e2e/lcov-report/src/components/ui/FileDropZone.tsx.html
2:10:50 PM [vite] page reload coverage-e2e/lcov-report/src/components/ui/Input.tsx.html
2:10:50 PM [vite] page reload coverage-e2e/lcov-report/src/components/ui/KeyboardShortcutsModal.tsx.html
2:10:50 PM [vite] page reload coverage-e2e/lcov-report/src/components/ui/Label.tsx.html
2:10:50 PM [vite] page reload coverage-e2e/lcov-report/src/components/ui/Pagination.tsx.html
2:10:50 PM [vite] page reload coverage-e2e/lcov-report/src/components/ui/Progress.tsx.html
2:10:50 PM [vite] page reload coverage-e2e/lcov-report/src/components/ui/ProgressBar.tsx.html
2:10:50 PM [vite] page reload coverage-e2e/lcov-report/src/components/ui/ProgressiveDisclosure.tsx.html
2:10:50 PM [vite] page reload coverage-e2e/lcov-report/src/components/ui/ResizablePanel.tsx.html
2:10:50 PM [vite] page reload coverage-e2e/lcov-report/src/components/ui/ScrollArea.tsx.html
2:10:50 PM [vite] page reload coverage-e2e/lcov-report/src/components/ui/Select.tsx.html
2:10:50 PM [vite] page reload coverage-e2e/lcov-report/src/components/ui/SemanticSearch.tsx.html
2:10:50 PM [vite] page reload coverage-e2e/lcov-report/src/components/ui/Separator.tsx.html
2:10:50 PM [vite] page reload coverage-e2e/lcov-report/src/components/ui/Skeleton.tsx.html
2:10:50 PM [vite] page reload coverage-e2e/lcov-report/src/components/ui/Slider.tsx.html
2:10:50 PM [vite] page reload coverage-e2e/lcov-report/src/components/ui/SplitView.tsx.html
2:10:50 PM [vite] page reload coverage-e2e/lcov-report/src/components/ui/StandardizedErrorDisplay.tsx.html
2:10:50 PM [vite] page reload coverage-e2e/lcov-report/src/components/ui/StatusIndicator.tsx.html
2:10:50 PM [vite] page reload coverage-e2e/lcov-report/src/components/ui/Switch.tsx.html
2:10:50 PM [vite] page reload coverage-e2e/lcov-report/src/components/ui/SyncStatus.tsx.html
2:10:50 PM [vite] page reload coverage-e2e/lcov-report/src/components/ui/Table.tsx.html
2:10:50 PM [vite] page reload coverage-e2e/lcov-report/src/components/ui/Tabs.tsx.html
2:10:50 PM [vite] page reload coverage-e2e/lcov-report/src/components/ui/Textarea.tsx.html
2:10:50 PM [vite] page reload coverage-e2e/lcov-report/src/components/ui/VirtualList.tsx.html
2:10:50 PM [vite] page reload coverage-e2e/lcov-report/src/components/ui/VirtualizedList.tsx.html
2:10:50 PM [vite] page reload coverage-e2e/lcov-report/src/components/ui/index.html
2:10:50 PM [vite] page reload coverage-e2e/lcov-report/src/components/visualizations/NetworkGraph.tsx.html
2:10:50 PM [vite] page reload coverage-e2e/lcov-report/src/components/visualizations/index.html
2:10:50 PM [vite] page reload coverage-e2e/lcov-report/src/config.ts.html
2:10:50 PM [vite] page reload coverage-e2e/lcov-report/src/context/AIContext.tsx.html
2:10:50 PM [vite] page reload coverage-e2e/lcov-report/src/context/AccessibilityContext.tsx.html
2:10:50 PM [vite] page reload coverage-e2e/lcov-report/src/context/AuthContext.ts.html
2:10:50 PM [vite] page reload coverage-e2e/lcov-report/src/context/NetworkStatusContext.ts.html
2:10:50 PM [vite] page reload coverage-e2e/lcov-report/src/context/OfflineQueueContext.ts.html
2:10:50 PM [vite] page reload coverage-e2e/lcov-report/src/context/TourContext.tsx.html
2:10:50 PM [vite] page reload coverage-e2e/lcov-report/src/context/index.html
2:10:50 PM [vite] page reload coverage-e2e/lcov-report/src/hooks/index.html
2:10:50 PM [vite] page reload coverage-e2e/lcov-report/src/hooks/use-toast.ts.html
2:10:50 PM [vite] page reload coverage-e2e/lcov-report/src/hooks/useAccessibility.ts.html
2:10:50 PM [vite] page reload coverage-e2e/lcov-report/src/hooks/useAlerts.ts.html
2:10:50 PM [vite] page reload coverage-e2e/lcov-report/src/hooks/useApiError.ts.html
2:10:50 PM [vite] page reload coverage-e2e/lcov-report/src/hooks/useApiWithRetry.ts.html
2:10:50 PM [vite] page reload coverage-e2e/lcov-report/src/hooks/useAuth.ts.html
2:10:50 PM [vite] page reload coverage-e2e/lcov-report/src/hooks/useCases.ts.html
2:10:50 PM [vite] page reload coverage-e2e/lcov-report/src/hooks/useCollaboration.ts.html
2:10:50 PM [vite] page reload coverage-e2e/lcov-report/src/hooks/useContextAwareAI.ts.html
2:10:50 PM [vite] page reload coverage-e2e/lcov-report/src/hooks/useDashboard.ts.html
2:10:50 PM [vite] page reload coverage-e2e/lcov-report/src/hooks/useDashboardMetrics.ts.html
2:10:50 PM [vite] page reload coverage-e2e/lcov-report/src/hooks/useEvidence.ts.html
2:10:50 PM [vite] page reload coverage-e2e/lcov-report/src/hooks/useFormValidation.ts.html
2:10:50 PM [vite] page reload coverage-e2e/lcov-report/src/hooks/useGraphData.ts.html
2:10:50 PM [vite] page reload coverage-e2e/lcov-report/src/hooks/useHttpClient.tsx.html
2:10:50 PM [vite] page reload coverage-e2e/lcov-report/src/hooks/useKeyboardNavigation.tsx.html
2:10:50 PM [vite] page reload coverage-e2e/lcov-report/src/hooks/useMemoryCleanup.ts.html
2:10:50 PM [vite] page reload coverage-e2e/lcov-report/src/hooks/useNetworkStatus.ts.html
2:10:50 PM [vite] page reload coverage-e2e/lcov-report/src/hooks/useOfflineQueue.ts.html
2:10:50 PM [vite] page reload coverage-e2e/lcov-report/src/hooks/usePerformanceMonitor.ts.html
2:10:50 PM [vite] page reload coverage-e2e/lcov-report/src/hooks/usePersistedState.ts.html
2:10:50 PM [vite] page reload coverage-e2e/lcov-report/src/hooks/useResizeObserver.ts.html
2:10:50 PM [vite] page reload coverage-e2e/lcov-report/src/hooks/useRoleBasedLayout.ts.html
2:10:50 PM [vite] page reload coverage-e2e/lcov-report/src/hooks/useSanitizedHTML.tsx.html
2:10:50 PM [vite] page reload coverage-e2e/lcov-report/src/hooks/useSettings.ts.html
2:10:50 PM [vite] page reload coverage-e2e/lcov-report/src/hooks/useTouchGestures.ts.html
2:10:50 PM [vite] page reload coverage-e2e/lcov-report/src/hooks/useWebSocketClient.tsx.html
2:10:50 PM [vite] page reload coverage-e2e/lcov-report/src/hooks/useWebSocketQueue.ts.html
2:10:50 PM [vite] page reload coverage-e2e/lcov-report/src/i18n/config.ts.html
2:10:50 PM [vite] page reload coverage-e2e/lcov-report/src/i18n/index.html
2:10:50 PM [vite] page reload coverage-e2e/lcov-report/src/index.html
2:10:50 PM [vite] page reload coverage-e2e/lcov-report/src/lib/AIFraudDetection.ts.html
2:10:50 PM [vite] page reload coverage-e2e/lcov-report/src/lib/LocalDataManager.ts.html
2:10:50 PM [vite] page reload coverage-e2e/lcov-report/src/lib/accessibility/aria-helpers.ts.html
2:10:50 PM [vite] page reload coverage-e2e/lcov-report/src/lib/accessibility/focus-management.ts.html
2:10:50 PM [vite] page reload coverage-e2e/lcov-report/src/lib/accessibility/index.html
2:10:50 PM [vite] page reload coverage-e2e/lcov-report/src/lib/accessibility/keyboard-navigation.ts.html
2:10:50 PM [vite] page reload coverage-e2e/lcov-report/src/lib/accessibility.ts.html
2:10:50 PM [vite] page reload coverage-e2e/lcov-report/src/lib/advancedAI.ts.html
2:10:50 PM [vite] page reload coverage-e2e/lcov-report/src/lib/advancedMonitoring.ts.html
2:10:50 PM [vite] page reload coverage-e2e/lcov-report/src/lib/advancedTesting.ts.html
2:10:50 PM [vite] page reload coverage-e2e/lcov-report/src/lib/api.ts.html
2:10:50 PM [vite] page reload coverage-e2e/lcov-report/src/lib/chaosEngineering.ts.html
2:10:50 PM [vite] page reload coverage-e2e/lcov-report/src/lib/circuitBreaker.ts.html
2:10:50 PM [vite] page reload coverage-e2e/lcov-report/src/lib/electron.ts.html
2:10:50 PM [vite] page reload coverage-e2e/lcov-report/src/lib/formatters.ts.html
2:10:50 PM [vite] page reload coverage-e2e/lcov-report/src/lib/index.html
2:10:50 PM [vite] page reload coverage-e2e/lcov-report/src/lib/keyboardShortcuts.ts.html
2:10:50 PM [vite] page reload coverage-e2e/lcov-report/src/lib/reliabilityManager.ts.html
2:10:50 PM [vite] page reload coverage-e2e/lcov-report/src/lib/testGenerator.ts.html
2:10:50 PM [vite] page reload coverage-e2e/lcov-report/src/lib/utils.ts.html
2:10:50 PM [vite] page reload coverage-e2e/lcov-report/src/main.tsx.html
2:10:50 PM [vite] page reload coverage-e2e/lcov-report/src/pages/AdjudicationQueue.tsx.html
2:10:50 PM [vite] page reload coverage-e2e/lcov-report/src/pages/AgentApprovals.tsx.html
2:10:50 PM [vite] page reload coverage-e2e/lcov-report/src/pages/AgentDrafts.tsx.html
2:10:50 PM [vite] page reload coverage-e2e/lcov-report/src/pages/Cases.tsx.html
2:10:50 PM [vite] page reload coverage-e2e/lcov-report/src/pages/CasesRefactored.tsx.html
2:10:50 PM [vite] page reload coverage-e2e/lcov-report/src/pages/ComplianceMonitoring.tsx.html
2:10:50 PM [vite] page reload coverage-e2e/lcov-report/src/pages/Dashboard.tsx.html
2:10:50 PM [vite] page reload coverage-e2e/lcov-report/src/pages/DesignSystemShowcase.tsx.html
2:10:50 PM [vite] page reload coverage-e2e/lcov-report/src/pages/EnhancedEvidenceLocker.tsx.html
2:10:50 PM [vite] page reload coverage-e2e/lcov-report/src/pages/Forensics.tsx.html
2:10:50 PM [vite] page reload coverage-e2e/lcov-report/src/pages/ForensicsRefactored.tsx.html
2:10:50 PM [vite] page reload coverage-e2e/lcov-report/src/pages/Ingestion.tsx.html
2:10:50 PM [vite] page reload coverage-e2e/lcov-report/src/pages/Investigation.tsx.html
2:10:50 PM [vite] page reload coverage-e2e/lcov-report/src/pages/Login.tsx.html
2:10:50 PM [vite] page reload coverage-e2e/lcov-report/src/pages/NetworkAnalysis.tsx.html
2:10:50 PM [vite] page reload coverage-e2e/lcov-report/src/pages/NotFound.tsx.html
2:10:50 PM [vite] page reload coverage-e2e/lcov-report/src/pages/PerformanceDashboard.tsx.html
2:10:50 PM [vite] page reload coverage-e2e/lcov-report/src/pages/ProjectSelection.tsx.html
2:10:50 PM [vite] page reload coverage-e2e/lcov-report/src/pages/ProofVisualizationRoute.tsx.html
2:10:50 PM [vite] page reload coverage-e2e/lcov-report/src/pages/Reconciliation.tsx.html
2:10:50 PM [vite] page reload coverage-e2e/lcov-report/src/pages/RegulatoryIntelligence.tsx.html
2:10:50 PM [vite] page reload coverage-e2e/lcov-report/src/pages/Reporting.tsx.html
2:10:50 PM [vite] page reload coverage-e2e/lcov-report/src/pages/SARCreation.tsx.html
2:10:50 PM [vite] page reload coverage-e2e/lcov-report/src/pages/Settings.tsx.html
2:10:50 PM [vite] page reload coverage-e2e/lcov-report/src/pages/Setup.tsx.html
2:10:50 PM [vite] page reload coverage-e2e/lcov-report/src/pages/SystemDiagnosticsCenter.tsx.html
2:10:50 PM [vite] page reload coverage-e2e/lcov-report/src/pages/index.html
2:10:50 PM [vite] page reload coverage-e2e/lcov-report/src/pages/settings/components/GeneralTab.tsx.html
2:10:50 PM [vite] page reload coverage-e2e/lcov-report/src/pages/settings/components/index.html
2:10:50 PM [vite] page reload coverage-e2e/lcov-report/src/providers/AppProviders.tsx.html
2:10:50 PM [vite] page reload coverage-e2e/lcov-report/src/providers/AuthProvider.tsx.html
2:10:50 PM [vite] page reload coverage-e2e/lcov-report/src/providers/AuthenticationProvider.tsx.html
2:10:50 PM [vite] page reload coverage-e2e/lcov-report/src/providers/LocaleProvider.tsx.html
2:10:50 PM [vite] page reload coverage-e2e/lcov-report/src/providers/NetworkStatusProvider.tsx.html
2:10:50 PM [vite] page reload coverage-e2e/lcov-report/src/providers/OfflineQueueContext.tsx.html
2:10:50 PM [vite] page reload coverage-e2e/lcov-report/src/providers/ToastProvider.tsx.html
2:10:50 PM [vite] page reload coverage-e2e/lcov-report/src/providers/WebSocketProvider.tsx.html
2:10:51 PM [vite] page reload coverage-e2e/lcov-report/src/providers/index.html
2:10:51 PM [vite] page reload coverage-e2e/lcov-report/src/services/CaseSyncEngine.ts.html
2:10:51 PM [vite] page reload coverage-e2e/lcov-report/src/services/EvidenceScorer.ts.html
2:10:51 PM [vite] page reload coverage-e2e/lcov-report/src/services/ai.ts.html
2:10:51 PM [vite] page reload coverage-e2e/lcov-report/src/services/alerts.ts.html
2:10:51 PM [vite] page reload coverage-e2e/lcov-report/src/services/approvalService.ts.html
2:10:51 PM [vite] page reload coverage-e2e/lcov-report/src/services/auth.ts.html
2:10:51 PM [vite] page reload coverage-e2e/lcov-report/src/services/cases.ts.html
2:10:51 PM [vite] page reload coverage-e2e/lcov-report/src/services/client.ts.html
2:10:51 PM [vite] page reload coverage-e2e/lcov-report/src/services/compliance.ts.html
2:10:51 PM [vite] page reload coverage-e2e/lcov-report/src/services/complianceMonitoring.ts.html
2:10:51 PM [vite] page reload coverage-e2e/lcov-report/src/services/costOptimization.ts.html
2:10:51 PM [vite] page reload coverage-e2e/lcov-report/src/services/diagnosticsService.ts.html
2:10:51 PM [vite] page reload coverage-e2e/lcov-report/src/services/draftPreviewService.ts.html
2:10:51 PM [vite] page reload coverage-e2e/lcov-report/src/services/errorReporting.ts.html
2:10:51 PM [vite] page reload coverage-e2e/lcov-report/src/services/evidence.ts.html
2:10:51 PM [vite] page reload coverage-e2e/lcov-report/src/services/fileProcessing.ts.html
2:10:51 PM [vite] page reload coverage-e2e/lcov-report/src/services/graph.ts.html
2:10:51 PM [vite] page reload coverage-e2e/lcov-report/src/services/index.html
2:10:51 PM [vite] page reload coverage-e2e/lcov-report/src/services/integrations.ts.html
2:10:51 PM [vite] page reload coverage-e2e/lcov-report/src/services/intelligenceService.ts.html
2:10:51 PM [vite] page reload coverage-e2e/lcov-report/src/services/monitoring.ts.html
2:10:51 PM [vite] page reload coverage-e2e/lcov-report/src/services/notifications.ts.html
2:10:51 PM [vite] page reload coverage-e2e/lcov-report/src/services/onboarding.ts.html
2:10:51 PM [vite] page reload coverage-e2e/lcov-report/src/services/reconciliation.ts.html
2:10:51 PM [vite] page reload coverage-e2e/lcov-report/src/services/reporting.ts.html
2:10:51 PM [vite] page reload coverage-e2e/lcov-report/src/services/settings.ts.html
2:10:51 PM [vite] page reload coverage-e2e/lcov-report/src/services/socket.ts.html
2:10:51 PM [vite] page reload coverage-e2e/lcov-report/src/services/sync.ts.html
2:10:51 PM [vite] page reload coverage-e2e/lcov-report/src/services/syncOrchestrator.ts.html
2:10:51 PM [vite] page reload coverage-e2e/lcov-report/src/services/user.ts.html
2:10:51 PM [vite] page reload coverage-e2e/lcov-report/src/store/globalStore.ts.html
2:10:51 PM [vite] page reload coverage-e2e/lcov-report/src/store/index.html
2:10:51 PM [vite] page reload coverage-e2e/lcov-report/src/store/projectStore.ts.html
2:10:51 PM [vite] page reload coverage-e2e/lcov-report/src/store/reconciliationStore.ts.html
2:10:51 PM [vite] page reload coverage-e2e/lcov-report/src/store/useAuthStore.ts.html
2:10:51 PM [vite] page reload coverage-e2e/lcov-report/src/store/useIngestionStore.ts.html
2:10:51 PM [vite] page reload coverage-e2e/lcov-report/src/store/useUIStore.ts.html
2:10:51 PM [vite] page reload coverage-e2e/lcov-report/src/types/declarations.d.ts.html
2:10:51 PM [vite] page reload coverage-e2e/lcov-report/src/types/electron.d.ts.html
2:10:51 PM [vite] page reload coverage-e2e/lcov-report/src/types/index.html
2:10:51 PM [vite] page reload coverage-e2e/lcov-report/src/types/locale.ts.html
2:10:51 PM [vite] page reload coverage-e2e/lcov-report/src/types/react-pdf-highlighter-extended.d.ts.html
2:10:51 PM [vite] page reload coverage-e2e/lcov-report/src/utils/antiDebug.ts.html
2:10:51 PM [vite] page reload coverage-e2e/lcov-report/src/utils/csrfProtection.ts.html
2:10:51 PM [vite] page reload coverage-e2e/lcov-report/src/utils/electron.ts.html
2:10:51 PM [vite] page reload coverage-e2e/lcov-report/src/utils/electronStore.ts.html
2:10:51 PM [vite] page reload coverage-e2e/lcov-report/src/utils/errorHandler.ts.html
2:10:51 PM [vite] page reload coverage-e2e/lcov-report/src/utils/index.html
2:10:51 PM [vite] page reload coverage-e2e/lcov-report/src/utils/logger.ts.html
2:10:51 PM [vite] page reload coverage-e2e/lcov-report/src/utils/performanceMonitor.ts.html
2:10:51 PM [vite] page reload coverage-e2e/lcov-report/src/utils/secureLogger.ts.html
2:10:51 PM [vite] page reload coverage-e2e/lcov-report/src/utils/secureRandom.ts.html
2:10:51 PM [vite] page reload coverage-e2e/lcov-report/src/utils/secureTokenStorage.ts.html
2:10:51 PM [vite] page reload coverage-e2e/lcov-report/src/utils/validation.ts.html
2:10:51 PM [vite] page reload coverage-e2e/lcov-report/src/utils/verifyIntegrity.ts.html
2:10:51 PM [vite] page reload coverage-e2e/lcov-report/src/utils/webVitals.ts.html
2:10:51 PM [vite] page reload coverage-e2e/lcov-report/src/vite-env.d.ts.html
2:10:51 PM [vite] page reload coverage-e2e/src/App.tsx.html
2:10:51 PM [vite] page reload coverage-e2e/src/components/ApprovalQueue.tsx.html
2:10:51 PM [vite] page reload coverage-e2e/src/components/CaseProgressBar.tsx.html
2:10:51 PM [vite] page reload coverage-e2e/src/components/CollaborativeEditor.tsx.html
2:10:51 PM [vite] page reload coverage-e2e/src/components/DigitalDossierGenerator.tsx.html
2:10:51 PM [vite] page reload coverage-e2e/src/components/ErrorBoundary.tsx.html
2:10:51 PM [vite] page reload coverage-e2e/src/components/ErrorMessage.tsx.html
2:10:51 PM [vite] page reload coverage-e2e/src/components/FriendlyWelcome.tsx.html
2:10:51 PM [vite] page reload coverage-e2e/src/components/InvestigationNotebook.tsx.html
2:10:51 PM [vite] page reload coverage-e2e/src/components/LoadingState.tsx.html
2:10:51 PM [vite] page reload coverage-e2e/src/components/MemoryMonitor.tsx.html
2:10:51 PM [vite] page reload coverage-e2e/src/components/NotificationContainer.tsx.html
2:10:51 PM [vite] page reload coverage-e2e/src/components/OfflineIndicator.tsx.html
2:10:51 PM [vite] page reload coverage-e2e/src/components/OnboardingWizard.tsx.html
2:10:51 PM [vite] page reload coverage-e2e/src/components/PageErrorBoundary.tsx.html
2:10:51 PM [vite] page reload coverage-e2e/src/components/RelationshipGraph.tsx.html
2:10:51 PM [vite] page reload coverage-e2e/src/components/RoleSelection.tsx.html
2:10:51 PM [vite] page reload coverage-e2e/src/components/RoleSelector.tsx.html
2:10:51 PM [vite] page reload coverage-e2e/src/components/TemporalPlayback.tsx.html
2:10:51 PM [vite] page reload coverage-e2e/src/components/WebSocketSync.tsx.html
2:10:51 PM [vite] page reload coverage-e2e/src/components/accessibility/AccessibilityChecker.tsx.html
2:10:51 PM [vite] page reload coverage-e2e/src/components/accessibility/AccessibilitySettings.tsx.html
2:10:51 PM [vite] page reload coverage-e2e/src/components/accessibility/index.html
2:10:51 PM [vite] page reload coverage-e2e/src/components/adjudication/AdjudicationLayout.tsx.html
2:10:51 PM [vite] page reload coverage-e2e/src/components/adjudication/AlertDetail.tsx.html
2:10:51 PM [vite] page reload coverage-e2e/src/components/adjudication/AlertList.tsx.html
2:10:51 PM [vite] page reload coverage-e2e/src/components/adjudication/AlertListItem.tsx.html
2:10:51 PM [vite] page reload coverage-e2e/src/components/adjudication/ContextTabs.tsx.html
2:10:51 PM [vite] page reload coverage-e2e/src/components/adjudication/DecisionPanel.tsx.html
2:10:51 PM [vite] page reload coverage-e2e/src/components/adjudication/index.html
2:10:51 PM [vite] page reload coverage-e2e/src/components/adjudication/tabs/AIReasoningTab.tsx.html
2:10:51 PM [vite] page reload coverage-e2e/src/components/adjudication/tabs/ContextTab.tsx.html
2:10:51 PM [vite] page reload coverage-e2e/src/components/adjudication/tabs/GraphTab.tsx.html
2:10:51 PM [vite] page reload coverage-e2e/src/components/adjudication/tabs/HistoryTab.tsx.html
2:10:51 PM [vite] page reload coverage-e2e/src/components/adjudication/tabs/index.html
2:10:51 PM [vite] page reload coverage-e2e/src/components/advanced/ai/AiPerformanceMonitor.tsx.html
2:10:51 PM [vite] page reload coverage-e2e/src/components/advanced/ai/MultimodalAnalyzer.tsx.html
2:10:51 PM [vite] page reload coverage-e2e/src/components/advanced/ai/RagSearchInterface.tsx.html
2:10:51 PM [vite] page reload coverage-e2e/src/components/advanced/ai/RedTeamDashboard.tsx.html
2:10:51 PM [vite] page reload coverage-e2e/src/components/advanced/ai/index.html
2:10:51 PM [vite] page reload coverage-e2e/src/components/ai/AIAssistant.tsx.html
2:10:51 PM [vite] page reload coverage-e2e/src/components/ai/AIIntelligenceDashboard.tsx.html
2:10:51 PM [vite] page reload coverage-e2e/src/components/ai/AdvancedComplianceDashboard.tsx.html
2:10:51 PM [vite] page reload coverage-e2e/src/components/ai/CodeReviewDashboard.tsx.html
2:10:51 PM [vite] page reload coverage-e2e/src/components/ai/PredictiveMaintenanceDashboard.tsx.html
2:10:51 PM [vite] page reload coverage-e2e/src/components/ai/index.html
2:10:51 PM [vite] page reload coverage-e2e/src/components/auth/LoginForm.tsx.html
2:10:51 PM [vite] page reload coverage-e2e/src/components/auth/index.html
2:10:51 PM [vite] page reload coverage-e2e/src/components/cases/CaseActions.tsx.html
2:10:51 PM [vite] page reload coverage-e2e/src/components/cases/CaseHeader.tsx.html
2:10:51 PM [vite] page reload coverage-e2e/src/components/cases/CaseKanban.tsx.html
2:10:51 PM [vite] page reload coverage-e2e/src/components/cases/CasePreviewDrawer.tsx.html
2:10:51 PM [vite] page reload coverage-e2e/src/components/cases/CaseTable.tsx.html
2:10:51 PM [vite] page reload coverage-e2e/src/components/cases/FacetedFilter.tsx.html
2:10:51 PM [vite] page reload coverage-e2e/src/components/cases/InvestigationWizard.tsx.html
2:10:51 PM [vite] page reload coverage-e2e/src/components/cases/NewInvestigationWizard.tsx.html
2:10:51 PM [vite] page reload coverage-e2e/src/components/cases/RichCaseCard.tsx.html
2:10:51 PM [vite] page reload coverage-e2e/src/components/cases/index.html
2:10:51 PM [vite] page reload coverage-e2e/src/components/collaboration/CollaborativeEditor.tsx.html
2:10:51 PM [vite] page reload coverage-e2e/src/components/collaboration/EvidenceBoard.tsx.html
2:10:51 PM [vite] page reload coverage-e2e/src/components/collaboration/HypothesisBoard.tsx.html
2:10:51 PM [vite] page reload coverage-e2e/src/components/collaboration/MensReaAnalyzer.tsx.html
2:10:51 PM [vite] page reload coverage-e2e/src/components/collaboration/index.html
2:10:51 PM [vite] page reload coverage-e2e/src/components/common/EmptyState.tsx.html
2:10:51 PM [vite] page reload coverage-e2e/src/components/common/ErrorBoundary.tsx.html
2:10:51 PM [vite] page reload coverage-e2e/src/components/common/EvidenceSpotlight.tsx.html
2:10:51 PM [vite] page reload coverage-e2e/src/components/common/JourneyProgress.tsx.html
2:10:51 PM [vite] page reload coverage-e2e/src/components/common/ProjectSwitcher.tsx.html
2:10:51 PM [vite] page reload coverage-e2e/src/components/common/RookieChecklist.tsx.html
2:10:51 PM [vite] page reload coverage-e2e/src/components/common/Spinner.tsx.html
2:10:51 PM [vite] page reload coverage-e2e/src/components/common/TourSpotlight.tsx.html
2:10:51 PM [vite] page reload coverage-e2e/src/components/common/WelcomeMessage.tsx.html
2:10:51 PM [vite] page reload coverage-e2e/src/components/common/index.html
2:10:51 PM [vite] page reload coverage-e2e/src/components/compliance/SARCreationWizard.tsx.html
2:10:51 PM [vite] page reload coverage-e2e/src/components/compliance/index.html
2:10:51 PM [vite] page reload coverage-e2e/src/components/dashboard/AIWatchtower.tsx.html
2:10:51 PM [vite] page reload coverage-e2e/src/components/dashboard/CostOptimizationWidget.tsx.html
2:10:51 PM [vite] page reload coverage-e2e/src/components/dashboard/LiveQueue.tsx.html
2:10:51 PM [vite] page reload coverage-e2e/src/components/dashboard/MetricCard.tsx.html
2:10:51 PM [vite] page reload coverage-e2e/src/components/dashboard/MetricSparkline.tsx.html
2:10:51 PM [vite] page reload coverage-e2e/src/components/dashboard/MovableDashboard.tsx.html
2:10:51 PM [vite] page reload coverage-e2e/src/components/dashboard/PredictiveDashboard.tsx.html
2:10:51 PM [vite] page reload coverage-e2e/src/components/dashboard/ProofVisualizationCard.tsx.html
2:10:51 PM [vite] page reload coverage-e2e/src/components/dashboard/RiskDistributionChart.tsx.html
2:10:51 PM [vite] page reload coverage-e2e/src/components/dashboard/ThreatMap.tsx.html
2:10:51 PM [vite] page reload coverage-e2e/src/components/dashboard/VolumeChart.tsx.html
2:10:51 PM [vite] page reload coverage-e2e/src/components/dashboard/index.html
2:10:51 PM [vite] page reload coverage-e2e/src/components/evidence/DocumentViewer.tsx.html
2:10:51 PM [vite] page reload coverage-e2e/src/components/evidence/EvidenceViewer.tsx.html
2:10:51 PM [vite] page reload coverage-e2e/src/components/evidence/FolderTree.tsx.html
2:10:51 PM [vite] page reload coverage-e2e/src/components/evidence/ForensicCanvas.tsx.html
2:10:51 PM [vite] page reload coverage-e2e/src/components/evidence/HypothesisBoard.tsx.html
2:10:51 PM [vite] page reload coverage-e2e/src/components/evidence/MensReaAnalyzer.tsx.html
2:10:51 PM [vite] page reload coverage-e2e/src/components/evidence/TamperDetector.tsx.html
2:10:51 PM [vite] page reload coverage-e2e/src/components/evidence/UploadWizard.tsx.html
2:10:51 PM [vite] page reload coverage-e2e/src/components/evidence/index.html
2:10:51 PM [vite] page reload coverage-e2e/src/components/forensics/EvidenceList.tsx.html
2:10:51 PM [vite] page reload coverage-e2e/src/components/forensics/EvidenceViewer.tsx.html
2:10:51 PM [vite] page reload coverage-e2e/src/components/forensics/ForensicsErrorState.tsx.html
2:10:51 PM [vite] page reload coverage-e2e/src/components/forensics/ForensicsLayout.tsx.html
2:10:51 PM [vite] page reload coverage-e2e/src/components/forensics/ForensicsSkeleton.tsx.html
2:10:51 PM [vite] page reload coverage-e2e/src/components/forensics/ForensicsToolbar.tsx.html
2:10:51 PM [vite] page reload coverage-e2e/src/components/forensics/PdfViewer.tsx.html
2:10:51 PM [vite] page reload coverage-e2e/src/components/forensics/index.html
2:10:51 PM [vite] page reload coverage-e2e/src/components/forensics/index.ts.html
2:10:51 PM [vite] page reload coverage-e2e/src/components/fraud/FraudRuleBuilder.tsx.html
2:10:51 PM [vite] page reload coverage-e2e/src/components/fraud/index.html
2:10:51 PM [vite] page reload coverage-e2e/src/components/graph/EntityGraph3DWebGL.tsx.html
2:10:51 PM [vite] page reload coverage-e2e/src/components/graph/index.html
2:10:51 PM [vite] page reload coverage-e2e/src/components/i18n/LanguageSwitcher.tsx.html
2:10:51 PM [vite] page reload coverage-e2e/src/components/i18n/index.html
2:10:51 PM [vite] page reload coverage-e2e/src/components/i18n/index.ts.html
2:10:51 PM [vite] page reload coverage-e2e/src/components/index.html
2:10:51 PM [vite] page reload coverage-e2e/src/components/ingestion/DataMapping.tsx.html
2:10:51 PM [vite] page reload coverage-e2e/src/components/ingestion/IngestionStepper.tsx.html
2:10:51 PM [vite] page reload coverage-e2e/src/components/ingestion/index.html
2:10:51 PM [vite] page reload coverage-e2e/src/components/integration/AnalyticsTab.tsx.html
2:10:51 PM [vite] page reload coverage-e2e/src/components/integration/EventBusTab.tsx.html
2:10:51 PM [vite] page reload coverage-e2e/src/components/integration/GraphQLTab.tsx.html
2:10:51 PM [vite] page reload coverage-e2e/src/components/integration/IntegrationsTab.tsx.html
2:10:51 PM [vite] page reload coverage-e2e/src/components/integration/MarketplaceTab.tsx.html
2:10:51 PM [vite] page reload coverage-e2e/src/components/integration/OverviewTab.tsx.html
2:10:51 PM [vite] page reload coverage-e2e/src/components/integration/index.html
2:10:51 PM [vite] page reload coverage-e2e/src/components/intelligence/AutoReportGenerator.tsx.html
2:10:51 PM [vite] page reload coverage-e2e/src/components/intelligence/CourtDocumentGenerator.tsx.html
2:10:51 PM [vite] page reload coverage-e2e/src/components/intelligence/PredictiveDashboard.tsx.html
2:10:51 PM [vite] page reload coverage-e2e/src/components/intelligence/index.html
2:10:51 PM [vite] page reload coverage-e2e/src/components/investigation/CanvasArea.tsx.html
2:10:51 PM [vite] page reload coverage-e2e/src/components/investigation/EntityForm.tsx.html
2:10:51 PM [vite] page reload coverage-e2e/src/components/investigation/EntityNode.tsx.html
2:10:51 PM [vite] page reload coverage-e2e/src/components/investigation/EntityRegistry.tsx.html
2:10:51 PM [vite] page reload coverage-e2e/src/components/investigation/EvidenceItem.tsx.html
2:10:51 PM [vite] page reload coverage-e2e/src/components/investigation/GraphCanvas.tsx.html
2:10:51 PM [vite] page reload coverage-e2e/src/components/investigation/InvestigationCanvas.tsx.html
2:10:51 PM [vite] page reload coverage-e2e/src/components/investigation/InvestigationSkeleton.tsx.html
2:10:51 PM [vite] page reload coverage-e2e/src/components/investigation/NodeInspector.tsx.html
2:10:51 PM [vite] page reload coverage-e2e/src/components/investigation/PathfindingVisualizer.tsx.html
2:10:51 PM [vite] page reload coverage-e2e/src/components/investigation/RelationshipForm.tsx.html
2:10:51 PM [vite] page reload coverage-e2e/src/components/investigation/ThreeDGraph.tsx.html
2:10:51 PM [vite] page reload coverage-e2e/src/components/investigation/index.html
2:10:51 PM [vite] page reload coverage-e2e/src/components/layout/AppLayout.tsx.html
2:10:51 PM [vite] page reload coverage-e2e/src/components/layout/Header.tsx.html
2:10:51 PM [vite] page reload coverage-e2e/src/components/layout/Sidebar.tsx.html
2:10:51 PM [vite] page reload coverage-e2e/src/components/layout/index.html
2:10:51 PM [vite] page reload coverage-e2e/src/components/monitoring/MonitoringDashboard.tsx.html
2:10:51 PM [vite] page reload coverage-e2e/src/components/monitoring/PerformanceDashboard.tsx.html
2:10:51 PM [vite] page reload coverage-e2e/src/components/monitoring/SystemOrchestrationDashboard.tsx.html
2:10:51 PM [vite] page reload coverage-e2e/src/components/monitoring/index.html
2:10:51 PM [vite] page reload coverage-e2e/src/components/performance/PerformanceDashboard.tsx.html
2:10:51 PM [vite] page reload coverage-e2e/src/components/performance/index.html
2:10:51 PM [vite] page reload coverage-e2e/src/components/recon/ExceptionQueue.tsx.html
2:10:51 PM [vite] page reload coverage-e2e/src/components/recon/MatchCanvas.tsx.html
2:10:51 PM [vite] page reload coverage-e2e/src/components/recon/TransactionCard.tsx.html
2:10:51 PM [vite] page reload coverage-e2e/src/components/recon/index.html
2:10:51 PM [vite] page reload coverage-e2e/src/components/reporting/AIWriter.tsx.html
2:10:51 PM [vite] page reload coverage-e2e/src/components/reporting/AutoReportGenerator.tsx.html
2:10:51 PM [vite] page reload coverage-e2e/src/components/reporting/ConclusionWizard.tsx.html
2:10:51 PM [vite] page reload coverage-e2e/src/components/reporting/DossierExport.tsx.html
2:10:51 PM [vite] page reload coverage-e2e/src/components/reporting/FinancialHealth.tsx.html
2:10:51 PM [vite] page reload coverage-e2e/src/components/reporting/KeyFindings.tsx.html
2:10:51 PM [vite] page reload coverage-e2e/src/components/reporting/ProjectTracker.tsx.html
2:10:51 PM [vite] page reload coverage-e2e/src/components/reporting/ReportBuilder.tsx.html
2:10:51 PM [vite] page reload coverage-e2e/src/components/reporting/SuccessBanner.tsx.html
2:10:51 PM [vite] page reload coverage-e2e/src/components/reporting/SummaryPreview.tsx.html
2:10:51 PM [vite] page reload coverage-e2e/src/components/reporting/index.html
2:10:51 PM [vite] page reload coverage-e2e/src/components/settings/AccessibilitySettings.tsx.html
2:10:51 PM [vite] page reload coverage-e2e/src/components/settings/AuditLogViewer.tsx.html
2:10:51 PM [vite] page reload coverage-e2e/src/components/settings/GeneralSettings.tsx.html
2:10:51 PM [vite] page reload coverage-e2e/src/components/settings/HealthGauges.tsx.html
2:10:51 PM [vite] page reload coverage-e2e/src/components/settings/NotificationSettings.tsx.html
2:10:51 PM [vite] page reload coverage-e2e/src/components/settings/PermissionMatrix.tsx.html
2:10:51 PM [vite] page reload coverage-e2e/src/components/settings/RuleBuilder.tsx.html
2:10:51 PM [vite] page reload coverage-e2e/src/components/settings/SecuritySettings.tsx.html
2:10:51 PM [vite] page reload coverage-e2e/src/components/settings/SettingsErrorState.tsx.html
2:10:51 PM [vite] page reload coverage-e2e/src/components/settings/SettingsHeader.tsx.html
2:10:51 PM [vite] page reload coverage-e2e/src/components/settings/SettingsLayout.tsx.html
2:10:51 PM [vite] page reload coverage-e2e/src/components/settings/SettingsNavigation.tsx.html
2:10:51 PM [vite] page reload coverage-e2e/src/components/settings/SettingsSkeleton.tsx.html
2:10:51 PM [vite] page reload coverage-e2e/src/components/settings/SystemSettings.tsx.html
2:10:51 PM [vite] page reload coverage-e2e/src/components/settings/i18n/LanguageSwitcher.tsx.html
2:10:51 PM [vite] page reload coverage-e2e/src/components/settings/i18n/index.html
2:10:51 PM [vite] page reload coverage-e2e/src/components/settings/index.html
2:10:51 PM [vite] page reload coverage-e2e/src/components/settings/index.ts.html
2:10:51 PM [vite] page reload coverage-e2e/src/components/ui/AIInsights.tsx.html
2:10:51 PM [vite] page reload coverage-e2e/src/components/ui/AccessibleButton.tsx.html
2:10:51 PM [vite] page reload coverage-e2e/src/components/ui/AccessibleForm.tsx.html
2:10:51 PM [vite] page reload coverage-e2e/src/components/ui/AccessibleModal.tsx.html
2:10:51 PM [vite] page reload coverage-e2e/src/components/ui/AgentStatusStream.tsx.html
2:10:51 PM [vite] page reload coverage-e2e/src/components/ui/Alert.tsx.html
2:10:51 PM [vite] page reload coverage-e2e/src/components/ui/Avatar.tsx.html
2:10:51 PM [vite] page reload coverage-e2e/src/components/ui/Badge.tsx.html
2:10:51 PM [vite] page reload coverage-e2e/src/components/ui/Button.tsx.html
2:10:51 PM [vite] page reload coverage-e2e/src/components/ui/Card.tsx.html
2:10:51 PM [vite] page reload coverage-e2e/src/components/ui/Checkbox.tsx.html
2:10:51 PM [vite] page reload coverage-e2e/src/components/ui/DataGrid.tsx.html
2:10:51 PM [vite] page reload coverage-e2e/src/components/ui/Dialog.tsx.html
2:10:51 PM [vite] page reload coverage-e2e/src/components/ui/DraftPreview.tsx.html
2:10:51 PM [vite] page reload coverage-e2e/src/components/ui/FileDropZone.tsx.html
2:10:51 PM [vite] page reload coverage-e2e/src/components/ui/Input.tsx.html
2:10:51 PM [vite] page reload coverage-e2e/src/components/ui/KeyboardShortcutsModal.tsx.html
2:10:51 PM [vite] page reload coverage-e2e/src/components/ui/Label.tsx.html
2:10:51 PM [vite] page reload coverage-e2e/src/components/ui/Pagination.tsx.html
2:10:51 PM [vite] page reload coverage-e2e/src/components/ui/Progress.tsx.html
2:10:51 PM [vite] page reload coverage-e2e/src/components/ui/ProgressBar.tsx.html
2:10:51 PM [vite] page reload coverage-e2e/src/components/ui/ProgressiveDisclosure.tsx.html
2:10:51 PM [vite] page reload coverage-e2e/src/components/ui/ResizablePanel.tsx.html
2:10:51 PM [vite] page reload coverage-e2e/src/components/ui/ScrollArea.tsx.html
2:10:51 PM [vite] page reload coverage-e2e/src/components/ui/Select.tsx.html
2:10:51 PM [vite] page reload coverage-e2e/src/components/ui/SemanticSearch.tsx.html
2:10:51 PM [vite] page reload coverage-e2e/src/components/ui/Separator.tsx.html
2:10:51 PM [vite] page reload coverage-e2e/src/components/ui/Skeleton.tsx.html
2:10:51 PM [vite] page reload coverage-e2e/src/components/ui/Slider.tsx.html
2:10:51 PM [vite] page reload coverage-e2e/src/components/ui/SplitView.tsx.html
2:10:51 PM [vite] page reload coverage-e2e/src/components/ui/StandardizedErrorDisplay.tsx.html
2:10:51 PM [vite] page reload coverage-e2e/src/components/ui/StatusIndicator.tsx.html
2:10:51 PM [vite] page reload coverage-e2e/src/components/ui/Switch.tsx.html
2:10:51 PM [vite] page reload coverage-e2e/src/components/ui/SyncStatus.tsx.html
2:10:51 PM [vite] page reload coverage-e2e/src/components/ui/Table.tsx.html
2:10:51 PM [vite] page reload coverage-e2e/src/components/ui/Tabs.tsx.html
2:10:51 PM [vite] page reload coverage-e2e/src/components/ui/Textarea.tsx.html
2:10:51 PM [vite] page reload coverage-e2e/src/components/ui/VirtualList.tsx.html
2:10:51 PM [vite] page reload coverage-e2e/src/components/ui/VirtualizedList.tsx.html
2:10:51 PM [vite] page reload coverage-e2e/src/components/ui/index.html
2:10:51 PM [vite] page reload coverage-e2e/src/components/visualizations/NetworkGraph.tsx.html
2:10:51 PM [vite] page reload coverage-e2e/src/components/visualizations/index.html
2:10:51 PM [vite] page reload coverage-e2e/src/config.ts.html
2:10:51 PM [vite] page reload coverage-e2e/src/context/AIContext.tsx.html
2:10:51 PM [vite] page reload coverage-e2e/src/context/AccessibilityContext.tsx.html
2:10:51 PM [vite] page reload coverage-e2e/src/context/AuthContext.ts.html
2:10:51 PM [vite] page reload coverage-e2e/src/context/NetworkStatusContext.ts.html
2:10:51 PM [vite] page reload coverage-e2e/src/context/OfflineQueueContext.ts.html
2:10:51 PM [vite] page reload coverage-e2e/src/context/TourContext.tsx.html
2:10:51 PM [vite] page reload coverage-e2e/src/context/index.html
2:10:51 PM [vite] page reload coverage-e2e/src/hooks/index.html
2:10:51 PM [vite] page reload coverage-e2e/src/hooks/use-toast.ts.html
2:10:51 PM [vite] page reload coverage-e2e/src/hooks/useAccessibility.ts.html
2:10:51 PM [vite] page reload coverage-e2e/src/hooks/useAlerts.ts.html
2:10:51 PM [vite] page reload coverage-e2e/src/hooks/useApiError.ts.html
2:10:51 PM [vite] page reload coverage-e2e/src/hooks/useApiWithRetry.ts.html
2:10:51 PM [vite] page reload coverage-e2e/src/hooks/useAuth.ts.html
2:10:51 PM [vite] page reload coverage-e2e/src/hooks/useCases.ts.html
2:10:51 PM [vite] page reload coverage-e2e/src/hooks/useCollaboration.ts.html
2:10:51 PM [vite] page reload coverage-e2e/src/hooks/useContextAwareAI.ts.html
2:10:51 PM [vite] page reload coverage-e2e/src/hooks/useDashboard.ts.html
2:10:51 PM [vite] page reload coverage-e2e/src/hooks/useDashboardMetrics.ts.html
2:10:51 PM [vite] page reload coverage-e2e/src/hooks/useEvidence.ts.html
2:10:51 PM [vite] page reload coverage-e2e/src/hooks/useFormValidation.ts.html
2:10:51 PM [vite] page reload coverage-e2e/src/hooks/useGraphData.ts.html
2:10:51 PM [vite] page reload coverage-e2e/src/hooks/useHttpClient.tsx.html
2:10:51 PM [vite] page reload coverage-e2e/src/hooks/useKeyboardNavigation.tsx.html
2:10:51 PM [vite] page reload coverage-e2e/src/hooks/useMemoryCleanup.ts.html
2:10:51 PM [vite] page reload coverage-e2e/src/hooks/useNetworkStatus.ts.html
2:10:51 PM [vite] page reload coverage-e2e/src/hooks/useOfflineQueue.ts.html
2:10:51 PM [vite] page reload coverage-e2e/src/hooks/usePerformanceMonitor.ts.html
2:10:51 PM [vite] page reload coverage-e2e/src/hooks/usePersistedState.ts.html
2:10:51 PM [vite] page reload coverage-e2e/src/hooks/useResizeObserver.ts.html
2:10:51 PM [vite] page reload coverage-e2e/src/hooks/useRoleBasedLayout.ts.html
2:10:51 PM [vite] page reload coverage-e2e/src/hooks/useSanitizedHTML.tsx.html
2:10:51 PM [vite] page reload coverage-e2e/src/hooks/useSettings.ts.html
2:10:51 PM [vite] page reload coverage-e2e/src/hooks/useTouchGestures.ts.html
2:10:51 PM [vite] page reload coverage-e2e/src/hooks/useWebSocketClient.tsx.html
2:10:51 PM [vite] page reload coverage-e2e/src/hooks/useWebSocketQueue.ts.html
2:10:51 PM [vite] page reload coverage-e2e/src/i18n/config.ts.html
2:10:51 PM [vite] page reload coverage-e2e/src/i18n/index.html
2:10:51 PM [vite] page reload coverage-e2e/src/index.html
2:10:51 PM [vite] page reload coverage-e2e/src/lib/AIFraudDetection.ts.html
2:10:51 PM [vite] page reload coverage-e2e/src/lib/LocalDataManager.ts.html
2:10:51 PM [vite] page reload coverage-e2e/src/lib/accessibility/aria-helpers.ts.html
2:10:51 PM [vite] page reload coverage-e2e/src/lib/accessibility/focus-management.ts.html
2:10:51 PM [vite] page reload coverage-e2e/src/lib/accessibility/index.html
2:10:51 PM [vite] page reload coverage-e2e/src/lib/accessibility/keyboard-navigation.ts.html
2:10:51 PM [vite] page reload coverage-e2e/src/lib/accessibility.ts.html
2:10:51 PM [vite] page reload coverage-e2e/src/lib/advancedAI.ts.html
2:10:51 PM [vite] page reload coverage-e2e/src/lib/advancedMonitoring.ts.html
2:10:51 PM [vite] page reload coverage-e2e/src/lib/advancedTesting.ts.html
2:10:51 PM [vite] page reload coverage-e2e/src/lib/api.ts.html
2:10:51 PM [vite] page reload coverage-e2e/src/lib/chaosEngineering.ts.html
2:10:51 PM [vite] page reload coverage-e2e/src/lib/circuitBreaker.ts.html
2:10:51 PM [vite] page reload coverage-e2e/src/lib/electron.ts.html
2:10:51 PM [vite] page reload coverage-e2e/src/lib/formatters.ts.html
2:10:51 PM [vite] page reload coverage-e2e/src/lib/index.html
2:10:51 PM [vite] page reload coverage-e2e/src/lib/keyboardShortcuts.ts.html
2:10:51 PM [vite] page reload coverage-e2e/src/lib/reliabilityManager.ts.html
2:10:51 PM [vite] page reload coverage-e2e/src/lib/testGenerator.ts.html
2:10:51 PM [vite] page reload coverage-e2e/src/lib/utils.ts.html
2:10:51 PM [vite] page reload coverage-e2e/src/main.tsx.html
2:10:51 PM [vite] page reload coverage-e2e/src/pages/AdjudicationQueue.tsx.html
2:10:51 PM [vite] page reload coverage-e2e/src/pages/AgentApprovals.tsx.html
2:10:51 PM [vite] page reload coverage-e2e/src/pages/AgentDrafts.tsx.html
2:10:51 PM [vite] page reload coverage-e2e/src/pages/Cases.tsx.html
2:10:51 PM [vite] page reload coverage-e2e/src/pages/CasesRefactored.tsx.html
2:10:51 PM [vite] page reload coverage-e2e/src/pages/ComplianceMonitoring.tsx.html
2:10:51 PM [vite] page reload coverage-e2e/src/pages/Dashboard.tsx.html
2:10:51 PM [vite] page reload coverage-e2e/src/pages/DesignSystemShowcase.tsx.html
2:10:51 PM [vite] page reload coverage-e2e/src/pages/EnhancedEvidenceLocker.tsx.html
2:10:51 PM [vite] page reload coverage-e2e/src/pages/Forensics.tsx.html
2:10:51 PM [vite] page reload coverage-e2e/src/pages/ForensicsRefactored.tsx.html
2:10:51 PM [vite] page reload coverage-e2e/src/pages/Ingestion.tsx.html
2:10:51 PM [vite] page reload coverage-e2e/src/pages/Investigation.tsx.html
2:10:51 PM [vite] page reload coverage-e2e/src/pages/Login.tsx.html
2:10:51 PM [vite] page reload coverage-e2e/src/pages/NetworkAnalysis.tsx.html
2:10:51 PM [vite] page reload coverage-e2e/src/pages/NotFound.tsx.html
2:10:51 PM [vite] page reload coverage-e2e/src/pages/PerformanceDashboard.tsx.html
2:10:51 PM [vite] page reload coverage-e2e/src/pages/ProjectSelection.tsx.html
2:10:51 PM [vite] page reload coverage-e2e/src/pages/ProofVisualizationRoute.tsx.html
2:10:51 PM [vite] page reload coverage-e2e/src/pages/Reconciliation.tsx.html
2:10:51 PM [vite] page reload coverage-e2e/src/pages/RegulatoryIntelligence.tsx.html
2:10:51 PM [vite] page reload coverage-e2e/src/pages/Reporting.tsx.html
2:10:51 PM [vite] page reload coverage-e2e/src/pages/SARCreation.tsx.html
2:10:51 PM [vite] page reload coverage-e2e/src/pages/Settings.tsx.html
2:10:51 PM [vite] page reload coverage-e2e/src/pages/Setup.tsx.html
2:10:51 PM [vite] page reload coverage-e2e/src/pages/SystemDiagnosticsCenter.tsx.html
2:10:51 PM [vite] page reload coverage-e2e/src/pages/index.html
2:10:51 PM [vite] page reload coverage-e2e/src/pages/settings/components/GeneralTab.tsx.html
2:10:51 PM [vite] page reload coverage-e2e/src/pages/settings/components/index.html
2:10:51 PM [vite] page reload coverage-e2e/src/providers/AppProviders.tsx.html
2:10:51 PM [vite] page reload coverage-e2e/src/providers/AuthProvider.tsx.html
2:10:51 PM [vite] page reload coverage-e2e/src/providers/AuthenticationProvider.tsx.html
2:10:51 PM [vite] page reload coverage-e2e/src/providers/LocaleProvider.tsx.html
2:10:51 PM [vite] page reload coverage-e2e/src/providers/NetworkStatusProvider.tsx.html
2:10:51 PM [vite] page reload coverage-e2e/src/providers/OfflineQueueContext.tsx.html
2:10:51 PM [vite] page reload coverage-e2e/src/providers/ToastProvider.tsx.html
2:10:51 PM [vite] page reload coverage-e2e/src/providers/WebSocketProvider.tsx.html
2:10:51 PM [vite] page reload coverage-e2e/src/providers/index.html
2:10:51 PM [vite] page reload coverage-e2e/src/services/CaseSyncEngine.ts.html
2:10:51 PM [vite] page reload coverage-e2e/src/services/EvidenceScorer.ts.html
2:10:51 PM [vite] page reload coverage-e2e/src/services/ai.ts.html
2:10:51 PM [vite] page reload coverage-e2e/src/services/alerts.ts.html
2:10:51 PM [vite] page reload coverage-e2e/src/services/approvalService.ts.html
2:10:51 PM [vite] page reload coverage-e2e/src/services/auth.ts.html
2:10:51 PM [vite] page reload coverage-e2e/src/services/cases.ts.html
2:10:51 PM [vite] page reload coverage-e2e/src/services/client.ts.html
2:10:51 PM [vite] page reload coverage-e2e/src/services/compliance.ts.html
2:10:51 PM [vite] page reload coverage-e2e/src/services/complianceMonitoring.ts.html
2:10:51 PM [vite] page reload coverage-e2e/src/services/costOptimization.ts.html
2:10:51 PM [vite] page reload coverage-e2e/src/services/diagnosticsService.ts.html
2:10:51 PM [vite] page reload coverage-e2e/src/services/draftPreviewService.ts.html
2:10:51 PM [vite] page reload coverage-e2e/src/services/errorReporting.ts.html
2:10:51 PM [vite] page reload coverage-e2e/src/services/evidence.ts.html
2:10:51 PM [vite] page reload coverage-e2e/src/services/fileProcessing.ts.html
2:10:51 PM [vite] page reload coverage-e2e/src/services/graph.ts.html
2:10:51 PM [vite] page reload coverage-e2e/src/services/index.html
2:10:51 PM [vite] page reload coverage-e2e/src/services/integrations.ts.html
2:10:51 PM [vite] page reload coverage-e2e/src/services/intelligenceService.ts.html
2:10:51 PM [vite] page reload coverage-e2e/src/services/monitoring.ts.html
2:10:51 PM [vite] page reload coverage-e2e/src/services/notifications.ts.html
2:10:51 PM [vite] page reload coverage-e2e/src/services/onboarding.ts.html
2:10:51 PM [vite] page reload coverage-e2e/src/services/reconciliation.ts.html
2:10:51 PM [vite] page reload coverage-e2e/src/services/reporting.ts.html
2:10:51 PM [vite] page reload coverage-e2e/src/services/settings.ts.html
2:10:51 PM [vite] page reload coverage-e2e/src/services/socket.ts.html
2:10:51 PM [vite] page reload coverage-e2e/src/services/sync.ts.html
2:10:51 PM [vite] page reload coverage-e2e/src/services/syncOrchestrator.ts.html
2:10:51 PM [vite] page reload coverage-e2e/src/services/user.ts.html
2:10:51 PM [vite] page reload coverage-e2e/src/store/globalStore.ts.html
2:10:51 PM [vite] page reload coverage-e2e/src/store/index.html
2:10:51 PM [vite] page reload coverage-e2e/src/store/projectStore.ts.html
2:10:51 PM [vite] page reload coverage-e2e/src/store/reconciliationStore.ts.html
2:10:51 PM [vite] page reload coverage-e2e/src/store/useAuthStore.ts.html
2:10:51 PM [vite] page reload coverage-e2e/src/store/useIngestionStore.ts.html
2:10:51 PM [vite] page reload coverage-e2e/src/store/useUIStore.ts.html
2:10:51 PM [vite] page reload coverage-e2e/src/types/declarations.d.ts.html
2:10:51 PM [vite] page reload coverage-e2e/src/types/electron.d.ts.html
2:10:51 PM [vite] page reload coverage-e2e/src/types/index.html
2:10:51 PM [vite] page reload coverage-e2e/src/types/locale.ts.html
2:10:51 PM [vite] page reload coverage-e2e/src/types/react-pdf-highlighter-extended.d.ts.html
2:10:51 PM [vite] page reload coverage-e2e/src/utils/antiDebug.ts.html
2:10:51 PM [vite] page reload coverage-e2e/src/utils/csrfProtection.ts.html
2:10:51 PM [vite] page reload coverage-e2e/src/utils/electron.ts.html
2:10:51 PM [vite] page reload coverage-e2e/src/utils/electronStore.ts.html
2:10:51 PM [vite] page reload coverage-e2e/src/utils/errorHandler.ts.html
2:10:51 PM [vite] page reload coverage-e2e/src/utils/index.html
2:10:51 PM [vite] page reload coverage-e2e/src/utils/logger.ts.html
2:10:51 PM [vite] page reload coverage-e2e/src/utils/performanceMonitor.ts.html
2:10:51 PM [vite] page reload coverage-e2e/src/utils/secureLogger.ts.html
2:10:51 PM [vite] page reload coverage-e2e/src/utils/secureRandom.ts.html
2:10:51 PM [vite] page reload coverage-e2e/src/utils/secureTokenStorage.ts.html
2:10:51 PM [vite] page reload coverage-e2e/src/utils/validation.ts.html
2:10:51 PM [vite] page reload coverage-e2e/src/utils/verifyIntegrity.ts.html
2:10:51 PM [vite] page reload coverage-e2e/src/utils/webVitals.ts.html
2:10:51 PM [vite] page reload coverage-e2e/src/vite-env.d.ts.html
2:10:51 PM [vite] page reload index.html
2:10:51 PM [vite] server restarted.
2:24:10 PM [vite] page reload coverage/index.html
2:24:10 PM [vite] page reload coverage/src/App.tsx.html
2:24:10 PM [vite] page reload coverage/src/config.ts.html
2:24:10 PM [vite] page reload coverage/src/index.html
2:24:10 PM [vite] page reload coverage/src/utils/antiDebug.ts.html
2:24:10 PM [vite] page reload coverage/src/utils/api.ts.html
2:24:10 PM [vite] page reload coverage/src/utils/csrfProtection.ts.html
2:24:10 PM [vite] page reload coverage/src/utils/electron.ts.html
2:24:10 PM [vite] page reload coverage/src/utils/electronStore.ts.html
2:24:10 PM [vite] page reload coverage/src/utils/errorHandler.ts.html
2:24:10 PM [vite] page reload coverage/src/utils/index.html
2:24:10 PM [vite] page reload coverage/src/utils/logger.ts.html
2:24:10 PM [vite] page reload coverage/src/utils/performanceMonitor.ts.html
2:24:10 PM [vite] page reload coverage/src/utils/secureLogger.ts.html
2:24:10 PM [vite] page reload coverage/src/utils/secureRandom.ts.html
2:24:10 PM [vite] page reload coverage/src/utils/secureTokenStorage.ts.html
2:24:10 PM [vite] page reload coverage/src/utils/validation.ts.html
2:24:10 PM [vite] page reload coverage/src/utils/verifyIntegrity.ts.html
2:24:10 PM [vite] page reload coverage/src/utils/webVitals.ts.html
2:24:10 PM [vite] page reload coverage/src/types/index.html
2:24:10 PM [vite] page reload coverage/src/types/locale.ts.html
2:24:10 PM [vite] page reload coverage/src/stores/index.html
2:24:10 PM [vite] page reload coverage/src/stores/useAuthStore.ts.html
2:24:10 PM [vite] page reload coverage/src/stores/useIngestionStore.ts.html
2:24:10 PM [vite] page reload coverage/src/stores/useUIStore.ts.html
2:24:10 PM [vite] page reload coverage/src/store/globalStore.ts.html
2:24:10 PM [vite] page reload coverage/src/store/index.html
2:24:10 PM [vite] page reload coverage/src/store/projectStore.ts.html
2:24:10 PM [vite] page reload coverage/src/store/reconciliationStore.ts.html
2:24:10 PM [vite] page reload coverage/src/store/useAuthStore.ts.html
2:24:10 PM [vite] page reload coverage/src/store/useIngestionStore.ts.html
2:24:10 PM [vite] page reload coverage/src/store/useUIStore.ts.html
2:24:10 PM [vite] page reload coverage/src/services/CaseSyncEngine.ts.html
2:24:10 PM [vite] page reload coverage/src/services/EvidenceScorer.ts.html
2:24:10 PM [vite] page reload coverage/src/services/ai.ts.html
2:24:10 PM [vite] page reload coverage/src/services/alerts.ts.html
2:24:10 PM [vite] page reload coverage/src/services/api.ts.html
2:24:10 PM [vite] page reload coverage/src/services/approvalService.ts.html
2:24:10 PM [vite] page reload coverage/src/services/auth.ts.html
2:24:10 PM [vite] page reload coverage/src/services/cases.ts.html
2:24:10 PM [vite] page reload coverage/src/services/client.ts.html
2:24:10 PM [vite] page reload coverage/src/services/compliance.ts.html
2:24:10 PM [vite] page reload coverage/src/services/complianceMonitoring 2.ts.html
2:24:10 PM [vite] page reload coverage/src/services/complianceMonitoring.ts.html
2:24:10 PM [vite] page reload coverage/src/services/costOptimization.ts.html
2:24:10 PM [vite] page reload coverage/src/services/diagnosticsService.ts.html
2:24:10 PM [vite] page reload coverage/src/services/draftPreviewService.ts.html
2:24:10 PM [vite] page reload coverage/src/services/errorReporting.ts.html
2:24:10 PM [vite] page reload coverage/src/services/evidence.ts.html
2:24:10 PM [vite] page reload coverage/src/services/fileProcessing.ts.html
2:24:10 PM [vite] page reload coverage/src/services/graph.ts.html
2:24:10 PM [vite] page reload coverage/src/services/index.html
2:24:10 PM [vite] page reload coverage/src/services/integrations.ts.html
2:24:10 PM [vite] page reload coverage/src/services/intelligenceService.ts.html
2:24:10 PM [vite] page reload coverage/src/services/monitoring.ts.html
2:24:10 PM [vite] page reload coverage/src/services/notifications.ts.html
2:24:10 PM [vite] page reload coverage/src/services/onboarding.ts.html
2:24:10 PM [vite] page reload coverage/src/services/reconciliation.ts.html
2:24:10 PM [vite] page reload coverage/src/services/reporting.ts.html
2:24:10 PM [vite] page reload coverage/src/services/settings.ts.html
2:24:10 PM [vite] page reload coverage/src/services/socket.ts.html
2:24:10 PM [vite] page reload coverage/src/services/sync.ts.html
2:24:10 PM [vite] page reload coverage/src/services/syncOrchestrator.ts.html
2:24:10 PM [vite] page reload coverage/src/services/user.ts.html
2:24:10 PM [vite] page reload coverage/src/providers/AppProviders.tsx.html
2:24:10 PM [vite] page reload coverage/src/providers/AuthProvider.tsx.html
2:24:10 PM [vite] page reload coverage/src/providers/AuthenticationProvider.tsx.html
2:24:10 PM [vite] page reload coverage/src/providers/LocaleProvider.tsx.html
2:24:10 PM [vite] page reload coverage/src/providers/NetworkStatusProvider.tsx.html
2:24:10 PM [vite] page reload coverage/src/providers/OfflineQueueContext.tsx.html
2:24:10 PM [vite] page reload coverage/src/providers/ToastProvider.tsx.html
2:24:10 PM [vite] page reload coverage/src/providers/WebSocketProvider.tsx.html
2:24:10 PM [vite] page reload coverage/src/providers/index.html
2:24:10 PM [vite] page reload coverage/src/pages/AdjudicationQueue.tsx.html
2:24:10 PM [vite] page reload coverage/src/pages/AdvancedAiHub.tsx.html
2:24:10 PM [vite] page reload coverage/src/pages/AgentApprovals.tsx.html
2:24:10 PM [vite] page reload coverage/src/pages/AgentDrafts.tsx.html
2:24:10 PM [vite] page reload coverage/src/pages/Cases.tsx.html
2:24:10 PM [vite] page reload coverage/src/pages/CasesRefactored.tsx.html
2:24:10 PM [vite] page reload coverage/src/pages/ComplianceMonitoring.tsx.html
2:24:10 PM [vite] page reload coverage/src/pages/Dashboard.tsx.html
2:24:10 PM [vite] page reload coverage/src/pages/DesignSystemShowcase.tsx.html
2:24:10 PM [vite] page reload coverage/src/pages/EnhancedDashboard.tsx.html
2:24:10 PM [vite] page reload coverage/src/pages/EnhancedEvidenceLocker.tsx.html
2:24:10 PM [vite] page reload coverage/src/pages/Forensics.tsx.html
2:24:10 PM [vite] page reload coverage/src/pages/ForensicsRefactored.tsx.html
2:24:10 PM [vite] page reload coverage/src/pages/Ingestion.tsx.html
2:24:10 PM [vite] page reload coverage/src/pages/IntegrationHub.tsx.html
2:24:10 PM [vite] page reload coverage/src/pages/Investigation.tsx.html
2:24:10 PM [vite] page reload coverage/src/pages/Login.tsx.html
2:24:10 PM [vite] page reload coverage/src/pages/NetworkAnalysis.tsx.html
2:24:10 PM [vite] page reload coverage/src/pages/NotFound.tsx.html
2:24:10 PM [vite] page reload coverage/src/pages/PerformanceDashboard.tsx.html
2:24:10 PM [vite] page reload coverage/src/pages/ProjectSelection.tsx.html
2:24:10 PM [vite] page reload coverage/src/pages/ProofVisualizationRoute.tsx.html
2:24:10 PM [vite] page reload coverage/src/pages/Reconciliation.tsx.html
2:24:10 PM [vite] page reload coverage/src/pages/RegulatoryIntelligence.tsx.html
2:24:10 PM [vite] page reload coverage/src/pages/Reporting.tsx.html
2:24:10 PM [vite] page reload coverage/src/pages/SARCreation.tsx.html
2:24:10 PM [vite] page reload coverage/src/pages/Settings.tsx.html
2:24:10 PM [vite] page reload coverage/src/pages/Setup.tsx.html
2:24:10 PM [vite] page reload coverage/src/pages/SystemDiagnosticsCenter.tsx.html
2:24:10 PM [vite] page reload coverage/src/pages/index.html
2:24:10 PM [vite] page reload coverage/src/pages/settings/components/GeneralTab.tsx.html
2:24:10 PM [vite] page reload coverage/src/pages/settings/components/index.html
2:24:10 PM [vite] page reload coverage/src/lib/AIFraudDetection.ts.html
2:24:10 PM [vite] page reload coverage/src/lib/LocalDataManager.ts.html
2:24:10 PM [vite] page reload coverage/src/lib/accessibility.ts.html
2:24:10 PM [vite] page reload coverage/src/lib/advancedAI 2.ts.html
2:24:10 PM [vite] page reload coverage/src/lib/advancedAI.ts.html
2:24:10 PM [vite] page reload coverage/src/lib/advancedMonitoring.ts.html
2:24:10 PM [vite] page reload coverage/src/lib/advancedTesting.ts.html
2:24:10 PM [vite] page reload coverage/src/lib/api.ts.html
2:24:10 PM [vite] page reload coverage/src/lib/chaosEngineering.ts.html
2:24:10 PM [vite] page reload coverage/src/lib/circuitBreaker.ts.html
2:24:10 PM [vite] page reload coverage/src/lib/electron.ts.html
2:24:10 PM [vite] page reload coverage/src/lib/formatters.ts.html
2:24:10 PM [vite] page reload coverage/src/lib/index.html
2:24:10 PM [vite] page reload coverage/src/lib/keyboardShortcuts.ts.html
2:24:10 PM [vite] page reload coverage/src/lib/reliabilityManager.ts.html
2:24:10 PM [vite] page reload coverage/src/lib/testGenerator.ts.html
2:24:10 PM [vite] page reload coverage/src/lib/utils.ts.html
2:24:10 PM [vite] page reload coverage/src/lib/accessibility/aria-helpers.ts.html
2:24:10 PM [vite] page reload coverage/src/lib/accessibility/focus-management.ts.html
2:24:10 PM [vite] page reload coverage/src/lib/accessibility/index.html
2:24:10 PM [vite] page reload coverage/src/lib/accessibility/keyboard-navigation.ts.html
2:24:10 PM [vite] page reload coverage/src/i18n/config.ts.html
2:24:10 PM [vite] page reload coverage/src/i18n/index.html
2:24:10 PM [vite] page reload coverage/src/i18n/index.ts.html
2:24:10 PM [vite] page reload coverage/src/hooks/index.html
2:24:10 PM [vite] page reload coverage/src/hooks/use-toast.ts.html
2:24:10 PM [vite] page reload coverage/src/hooks/useAccessibility.ts.html
2:24:10 PM [vite] page reload coverage/src/hooks/useAlerts.ts.html
2:24:10 PM [vite] page reload coverage/src/hooks/useApiError.ts.html
2:24:10 PM [vite] page reload coverage/src/hooks/useApiWithRetry.ts.html
2:24:10 PM [vite] page reload coverage/src/hooks/useAuth.ts.html
2:24:10 PM [vite] page reload coverage/src/hooks/useCases 2.ts.html
2:24:10 PM [vite] page reload coverage/src/hooks/useCases.ts.html
2:24:10 PM [vite] page reload coverage/src/hooks/useCollaboration.ts.html
2:24:10 PM [vite] page reload coverage/src/hooks/useContextAwareAI.ts.html
2:24:10 PM [vite] page reload coverage/src/hooks/useDashboard.ts.html
2:24:10 PM [vite] page reload coverage/src/hooks/useDashboardMetrics.ts.html
2:24:10 PM [vite] page reload coverage/src/hooks/useEvidence.ts.html
2:24:10 PM [vite] page reload coverage/src/hooks/useFormValidation.ts.html
2:24:10 PM [vite] page reload coverage/src/hooks/useGraphData.ts.html
2:24:10 PM [vite] page reload coverage/src/hooks/useHttpClient.tsx.html
2:24:10 PM [vite] page reload coverage/src/hooks/useKeyboardNavigation.tsx.html
2:24:10 PM [vite] page reload coverage/src/hooks/useMemoryCleanup.ts.html
2:24:10 PM [vite] page reload coverage/src/hooks/useNetworkStatus.ts.html
2:24:10 PM [vite] page reload coverage/src/hooks/useOfflineQueue.ts.html
2:24:10 PM [vite] page reload coverage/src/hooks/usePerformanceMonitor.ts.html
2:24:10 PM [vite] page reload coverage/src/hooks/usePersistedState.ts.html
2:24:10 PM [vite] page reload coverage/src/hooks/useResizeObserver.ts.html
2:24:10 PM [vite] page reload coverage/src/hooks/useRoleBasedLayout.ts.html
2:24:10 PM [vite] page reload coverage/src/hooks/useSanitizedHTML.tsx.html
2:24:10 PM [vite] page reload coverage/src/hooks/useSettings.ts.html
2:24:10 PM [vite] page reload coverage/src/hooks/useTouchGestures.ts.html
2:24:10 PM [vite] page reload coverage/src/hooks/useWebSocketClient.tsx.html
2:24:10 PM [vite] page reload coverage/src/hooks/useWebSocketQueue.ts.html
2:24:10 PM [vite] page reload coverage/src/context/AIContext.tsx.html
2:24:10 PM [vite] page reload coverage/src/context/AccessibilityContext.tsx.html
2:24:10 PM [vite] page reload coverage/src/context/AuthContext.ts.html
2:24:10 PM [vite] page reload coverage/src/context/NetworkStatusContext.ts.html
2:24:10 PM [vite] page reload coverage/src/context/OfflineQueueContext.ts.html
2:24:10 PM [vite] page reload coverage/src/context/TourContext.tsx.html
2:24:10 PM [vite] page reload coverage/src/context/index.html
2:24:10 PM [vite] page reload coverage/src/components/ApprovalQueue.tsx.html
2:24:10 PM [vite] page reload coverage/src/components/CaseProgressBar.tsx.html
2:24:10 PM [vite] page reload coverage/src/components/CollaborativeEditor.tsx.html
2:24:10 PM [vite] page reload coverage/src/components/DigitalDossierGenerator.tsx.html
2:24:10 PM [vite] page reload coverage/src/components/ErrorBoundary.tsx.html
2:24:10 PM [vite] page reload coverage/src/components/ErrorMessage.tsx.html
2:24:10 PM [vite] page reload coverage/src/components/FriendlyWelcome.tsx.html
2:24:10 PM [vite] page reload coverage/src/components/FrienlyWelcome.tsx.html
2:24:10 PM [vite] page reload coverage/src/components/InvestigationNotebook.tsx.html
2:24:10 PM [vite] page reload coverage/src/components/LoadingState.tsx.html
2:24:10 PM [vite] page reload coverage/src/components/MemoryMonitor.tsx.html
2:24:10 PM [vite] page reload coverage/src/components/NotificationContainer.tsx.html
2:24:10 PM [vite] page reload coverage/src/components/OfflineIndicator.tsx.html
2:24:10 PM [vite] page reload coverage/src/components/OnboardingTour.tsx.html
2:24:10 PM [vite] page reload coverage/src/components/OnboardingWizard.tsx.html
2:24:10 PM [vite] page reload coverage/src/components/PageErrorBoundary.tsx.html
2:24:10 PM [vite] page reload coverage/src/components/RelationshipGraph.tsx.html
2:24:10 PM [vite] page reload coverage/src/components/RoleSelection.tsx.html
2:24:10 PM [vite] page reload coverage/src/components/RoleSelector.tsx.html
2:24:10 PM [vite] page reload coverage/src/components/RookieChecklist.tsx.html
2:24:10 PM [vite] page reload coverage/src/components/TemporalPlayback.tsx.html
2:24:10 PM [vite] page reload coverage/src/components/UpdateManager.tsx.html
2:24:10 PM [vite] page reload coverage/src/components/WebSocketSync.tsx.html
2:24:10 PM [vite] page reload coverage/src/components/index.html
2:24:10 PM [vite] page reload coverage/src/components/visualizations/BehavioralHeatmap.tsx.html
2:24:10 PM [vite] page reload coverage/src/components/visualizations/CorrelationMatrix.tsx.html
2:24:10 PM [vite] page reload coverage/src/components/visualizations/EntityGraph3D.tsx.html
2:24:10 PM [vite] page reload coverage/src/components/visualizations/NetworkGraph.tsx.html
2:24:10 PM [vite] page reload coverage/src/components/visualizations/NetworkGraph3D.tsx.html
2:24:10 PM [vite] page reload coverage/src/components/visualizations/TemporalFlowVisualizer.tsx.html
2:24:10 PM [vite] page reload coverage/src/components/visualizations/index.html
2:24:10 PM [vite] page reload coverage/src/components/visualization/AIInsightPanel.tsx.html
2:24:10 PM [vite] page reload coverage/src/components/visualization/index.html
2:24:10 PM [vite] page reload coverage/src/components/ui/AIInsights.tsx.html
2:24:10 PM [vite] page reload coverage/src/components/ui/AccessibleButton.tsx.html
2:24:10 PM [vite] page reload coverage/src/components/ui/AccessibleForm.tsx.html
2:24:10 PM [vite] page reload coverage/src/components/ui/AccessibleModal.tsx.html
2:24:10 PM [vite] page reload coverage/src/components/ui/AgentStatusStream.tsx.html
2:24:10 PM [vite] page reload coverage/src/components/ui/DataGrid.tsx.html
2:24:10 PM [vite] page reload coverage/src/components/ui/DraftPreview.tsx.html
2:24:10 PM [vite] page reload coverage/src/components/ui/DragDrop.tsx.html
2:24:10 PM [vite] page reload coverage/src/components/ui/FileDropZone.tsx.html
2:24:10 PM [vite] page reload coverage/src/components/ui/Input.tsx.html
2:24:10 PM [vite] page reload coverage/src/components/ui/KeyboardShortcutsModal.tsx.html
2:24:10 PM [vite] page reload coverage/src/components/ui/MultiModalUpload.tsx.html
2:24:10 PM [vite] page reload coverage/src/components/ui/Pagination.tsx.html
2:24:10 PM [vite] page reload coverage/src/components/ui/ProgressBar.tsx.html
2:24:10 PM [vite] page reload coverage/src/components/ui/ProgressiveDisclosure.tsx.html
2:24:10 PM [vite] page reload coverage/src/components/ui/ResizablePanel.tsx.html
2:24:10 PM [vite] page reload coverage/src/components/ui/ScrollArea.tsx.html
2:24:10 PM [vite] page reload coverage/src/components/ui/SemanticSearch.tsx.html
2:24:10 PM [vite] page reload coverage/src/components/ui/Skeleton.tsx.html
2:24:10 PM [vite] page reload coverage/src/components/ui/SplitView.tsx.html
2:24:10 PM [vite] page reload coverage/src/components/ui/StandardizedErrorDisplay.tsx.html
2:24:10 PM [vite] page reload coverage/src/components/ui/StatusIndicator.tsx.html
2:24:10 PM [vite] page reload coverage/src/components/ui/SyncStatus.tsx.html
2:24:10 PM [vite] page reload coverage/src/components/ui/Table.tsx.html
2:24:10 PM [vite] page reload coverage/src/components/ui/VirtualList.tsx.html
2:24:10 PM [vite] page reload coverage/src/components/ui/VirtualizedList.tsx.html
2:24:10 PM [vite] page reload coverage/src/components/ui/WindowControls.tsx.html
2:24:10 PM [vite] page reload coverage/src/components/ui/alert.tsx.html
2:24:10 PM [vite] page reload coverage/src/components/ui/avatar.tsx.html
2:24:10 PM [vite] page reload coverage/src/components/ui/badge.tsx.html
2:24:10 PM [vite] page reload coverage/src/components/ui/button.tsx.html
2:24:10 PM [vite] page reload coverage/src/components/ui/card.tsx.html
2:24:10 PM [vite] page reload coverage/src/components/ui/checkbox.tsx.html
2:24:10 PM [vite] page reload coverage/src/components/ui/dialog.tsx.html
2:24:10 PM [vite] page reload coverage/src/components/ui/index.html
2:24:10 PM [vite] page reload coverage/src/components/ui/label.tsx.html
2:24:10 PM [vite] page reload coverage/src/components/ui/progress.tsx.html
2:24:10 PM [vite] page reload coverage/src/components/ui/scroll-area.tsx.html
2:24:10 PM [vite] page reload coverage/src/components/ui/select.tsx.html
2:24:10 PM [vite] page reload coverage/src/components/ui/separator.tsx.html
2:24:10 PM [vite] page reload coverage/src/components/ui/slider.tsx.html
2:24:10 PM [vite] page reload coverage/src/components/ui/switch.tsx.html
2:24:10 PM [vite] page reload coverage/src/components/ui/tabs.tsx.html
2:24:10 PM [vite] page reload coverage/src/components/ui/textarea.tsx.html
2:24:10 PM [vite] page reload coverage/src/components/settings/AccessibilitySettings.tsx.html
2:24:10 PM [vite] page reload coverage/src/components/settings/AuditLogViewer.tsx.html
2:24:10 PM [vite] page reload coverage/src/components/settings/GeneralSettings.tsx.html
2:24:10 PM [vite] page reload coverage/src/components/settings/HealthGauges.tsx.html
2:24:10 PM [vite] page reload coverage/src/components/settings/NotificationSettings.tsx.html
2:24:10 PM [vite] page reload coverage/src/components/settings/PermissionMatrix.tsx.html
2:24:10 PM [vite] page reload coverage/src/components/settings/RuleBuilder.tsx.html
2:24:10 PM [vite] page reload coverage/src/components/settings/SecuritySettings.tsx.html
2:24:10 PM [vite] page reload coverage/src/components/settings/SettingsErrorState.tsx.html
2:24:10 PM [vite] page reload coverage/src/components/settings/SettingsHeader.tsx.html
2:24:10 PM [vite] page reload coverage/src/components/settings/SettingsLayout.tsx.html
2:24:10 PM [vite] page reload coverage/src/components/settings/SettingsNavigation.tsx.html
2:24:10 PM [vite] page reload coverage/src/components/settings/SettingsSkeleton.tsx.html
2:24:10 PM [vite] page reload coverage/src/components/settings/SystemSettings.tsx.html
2:24:10 PM [vite] page reload coverage/src/components/settings/index.html
2:24:10 PM [vite] page reload coverage/src/components/settings/index.ts.html
2:24:10 PM [vite] page reload coverage/src/components/settings/i18n/LanguageSwitcher.tsx.html
2:24:10 PM [vite] page reload coverage/src/components/settings/i18n/index.html
2:24:10 PM [vite] page reload coverage/src/components/reporting/AIWriter.tsx.html
2:24:10 PM [vite] page reload coverage/src/components/reporting/AutoReportGenerator.tsx.html
2:24:10 PM [vite] page reload coverage/src/components/reporting/ConclusionWizard.tsx.html
2:24:10 PM [vite] page reload coverage/src/components/reporting/DossierExport.tsx.html
2:24:10 PM [vite] page reload coverage/src/components/reporting/FinancialHealth.tsx.html
2:24:10 PM [vite] page reload coverage/src/components/reporting/KeyFindings.tsx.html
2:24:10 PM [vite] page reload coverage/src/components/reporting/ProjectTracker.tsx.html
2:24:10 PM [vite] page reload coverage/src/components/reporting/ReportBuilder.tsx.html
2:24:10 PM [vite] page reload coverage/src/components/reporting/SuccessBanner.tsx.html
2:24:10 PM [vite] page reload coverage/src/components/reporting/SummaryPreview.tsx.html
2:24:10 PM [vite] page reload coverage/src/components/reporting/index.html
2:24:10 PM [vite] page reload coverage/src/components/recon/ExceptionQueue.tsx.html
2:24:10 PM [vite] page reload coverage/src/components/recon/MatchCanvas.tsx.html
2:24:10 PM [vite] page reload coverage/src/components/recon/TransactionCard.tsx.html
2:24:10 PM [vite] page reload coverage/src/components/recon/index.html
2:24:10 PM [vite] page reload coverage/src/components/performance/PerformanceDashboard.tsx.html
2:24:10 PM [vite] page reload coverage/src/components/performance/index.html
2:24:10 PM [vite] page reload coverage/src/components/monitoring/MonitoringDashboard.tsx.html
2:24:10 PM [vite] page reload coverage/src/components/monitoring/PerformanceDashboard.tsx.html
2:24:10 PM [vite] page reload coverage/src/components/monitoring/SystemOrchestrationDashboard.tsx.html
2:24:10 PM [vite] page reload coverage/src/components/monitoring/index.html
2:24:10 PM [vite] page reload coverage/src/components/layout/AppLayout.tsx.html
2:24:10 PM [vite] page reload coverage/src/components/layout/Header.tsx.html
2:24:10 PM [vite] page reload coverage/src/components/layout/Sidebar.tsx.html
2:24:10 PM [vite] page reload coverage/src/components/layout/index.html
2:24:10 PM [vite] page reload coverage/src/components/investigation/CanvasArea.tsx.html
2:24:10 PM [vite] page reload coverage/src/components/investigation/EntityForm.tsx.html
2:24:10 PM [vite] page reload coverage/src/components/investigation/EntityNode.tsx.html
2:24:10 PM [vite] page reload coverage/src/components/investigation/EntityRegistry.tsx.html
2:24:10 PM [vite] page reload coverage/src/components/investigation/EvidenceItem.tsx.html
2:24:10 PM [vite] page reload coverage/src/components/investigation/GraphCanvas.tsx.html
2:24:10 PM [vite] page reload coverage/src/components/investigation/InvestigationCanvas.tsx.html
2:24:10 PM [vite] page reload coverage/src/components/investigation/InvestigationSkeleton.tsx.html
2:24:10 PM [vite] page reload coverage/src/components/investigation/NodeInspector.tsx.html
2:24:10 PM [vite] page reload coverage/src/components/investigation/PathfindingVisualizer.tsx.html
2:24:10 PM [vite] page reload coverage/src/components/investigation/RelationshipForm.tsx.html
2:24:10 PM [vite] page reload coverage/src/components/investigation/ThreeDGraph.tsx.html
2:24:10 PM [vite] page reload coverage/src/components/investigation/index.html
2:24:10 PM [vite] page reload coverage/src/components/intelligence/AutoReportGenerator.tsx.html
2:24:10 PM [vite] page reload coverage/src/components/intelligence/CourtDocumentGenerator.tsx.html
2:24:10 PM [vite] page reload coverage/src/components/intelligence/PredictiveDashboard.tsx.html
2:24:10 PM [vite] page reload coverage/src/components/intelligence/index.html
2:24:10 PM [vite] page reload coverage/src/components/integration/AnalyticsTab.tsx.html
2:24:10 PM [vite] page reload coverage/src/components/integration/EventBusTab.tsx.html
2:24:10 PM [vite] page reload coverage/src/components/integration/GraphQLTab.tsx.html
2:24:10 PM [vite] page reload coverage/src/components/integration/IntegrationsTab.tsx.html
2:24:10 PM [vite] page reload coverage/src/components/integration/MarketplaceTab.tsx.html
2:24:10 PM [vite] page reload coverage/src/components/integration/OverviewTab.tsx.html
2:24:10 PM [vite] page reload coverage/src/components/integration/index.html
2:24:10 PM [vite] page reload coverage/src/components/ingestion/DataMapping.tsx.html
2:24:10 PM [vite] page reload coverage/src/components/ingestion/IngestionStepper.tsx.html
2:24:10 PM [vite] page reload coverage/src/components/ingestion/index.html
2:24:10 PM [vite] page reload coverage/src/components/i18n/LanguageSwitcher.tsx.html
2:24:10 PM [vite] page reload coverage/src/components/i18n/index.html
2:24:10 PM [vite] page reload coverage/src/components/i18n/index.ts.html
2:24:10 PM [vite] page reload coverage/src/components/graph/EntityGraph3DWebGL.tsx.html
2:24:10 PM [vite] page reload coverage/src/components/graph/index.html
2:24:10 PM [vite] page reload coverage/src/components/fraud/FraudRuleBuilder.tsx.html
2:24:10 PM [vite] page reload coverage/src/components/fraud/index.html
2:24:10 PM [vite] page reload coverage/src/components/forensics/EvidenceList.tsx.html
2:24:10 PM [vite] page reload coverage/src/components/forensics/EvidenceViewer.tsx.html
2:24:10 PM [vite] page reload coverage/src/components/forensics/ForensicsErrorState.tsx.html
2:24:10 PM [vite] page reload coverage/src/components/forensics/ForensicsLayout.tsx.html
2:24:10 PM [vite] page reload coverage/src/components/forensics/ForensicsSkeleton.tsx.html
2:24:10 PM [vite] page reload coverage/src/components/forensics/ForensicsToolbar.tsx.html
2:24:10 PM [vite] page reload coverage/src/components/forensics/PdfViewer.tsx.html
2:24:10 PM [vite] page reload coverage/src/components/forensics/index.html
2:24:10 PM [vite] page reload coverage/src/components/forensics/index.ts.html
2:24:10 PM [vite] page reload coverage/src/components/evidence/DocumentViewer.tsx.html
2:24:10 PM [vite] page reload coverage/src/components/evidence/EvidenceViewer.tsx.html
2:24:10 PM [vite] page reload coverage/src/components/evidence/FolderTree.tsx.html
2:24:10 PM [vite] page reload coverage/src/components/evidence/ForensicCanvas.tsx.html
2:24:10 PM [vite] page reload coverage/src/components/evidence/HypothesisBoard.tsx.html
2:24:10 PM [vite] page reload coverage/src/components/evidence/MensReaAnalyzer.tsx.html
2:24:10 PM [vite] page reload coverage/src/components/evidence/TamperDetector.tsx.html
2:24:10 PM [vite] page reload coverage/src/components/evidence/UploadWizard.tsx.html
2:24:10 PM [vite] page reload coverage/src/components/evidence/index.html
2:24:10 PM [vite] page reload coverage/src/components/dashboard/AIWatchtower.tsx.html
2:24:10 PM [vite] page reload coverage/src/components/dashboard/CostOptimizationWidget.tsx.html
2:24:10 PM [vite] page reload coverage/src/components/dashboard/LiveQueue.tsx.html
2:24:10 PM [vite] page reload coverage/src/components/dashboard/MetricCard.tsx.html
2:24:10 PM [vite] page reload coverage/src/components/dashboard/MetricSparkline.tsx.html
2:24:10 PM [vite] page reload coverage/src/components/dashboard/MovableDashboard.tsx.html
2:24:10 PM [vite] page reload coverage/src/components/dashboard/PredictiveDashboard.tsx.html
2:24:10 PM [vite] page reload coverage/src/components/dashboard/ProofVisualizationCard.tsx.html
2:24:10 PM [vite] page reload coverage/src/components/dashboard/RiskDistributionChart.tsx.html
2:24:10 PM [vite] page reload coverage/src/components/dashboard/ThreatMap.tsx.html
2:24:10 PM [vite] page reload coverage/src/components/dashboard/VolumeChart.tsx.html
2:24:10 PM [vite] page reload coverage/src/components/dashboard/index.html
2:24:10 PM [vite] page reload coverage/src/components/compliance/SARCreationWizard.tsx.html
2:24:10 PM [vite] page reload coverage/src/components/compliance/index.html
2:24:10 PM [vite] page reload coverage/src/components/common/EmptyState.tsx.html
2:24:10 PM [vite] page reload coverage/src/components/common/ErrorBoundary.tsx.html
2:24:10 PM [vite] page reload coverage/src/components/common/EvidenceSpotlight.tsx.html
2:24:10 PM [vite] page reload coverage/src/components/common/JourneyProgress.tsx.html
2:24:10 PM [vite] page reload coverage/src/components/common/ProjectSwitcher.tsx.html
2:24:10 PM [vite] page reload coverage/src/components/common/RookieChecklist.tsx.html
2:24:10 PM [vite] page reload coverage/src/components/common/Spinner.tsx.html
2:24:10 PM [vite] page reload coverage/src/components/common/TourSpotlight.tsx.html
2:24:10 PM [vite] page reload coverage/src/components/common/WelcomeMessage.tsx.html
2:24:10 PM [vite] page reload coverage/src/components/common/index.html
2:24:10 PM [vite] page reload coverage/src/components/collaboration/CollaborativeEditor.tsx.html
2:24:10 PM [vite] page reload coverage/src/components/collaboration/EvidenceBoard.tsx.html
2:24:10 PM [vite] page reload coverage/src/components/collaboration/HypothesisBoard.tsx.html
2:24:10 PM [vite] page reload coverage/src/components/collaboration/MensReaAnalyzer.tsx.html
2:24:10 PM [vite] page reload coverage/src/components/collaboration/index.html
2:24:10 PM [vite] page reload coverage/src/components/cases/CaseActions.tsx.html
2:24:10 PM [vite] page reload coverage/src/components/cases/CaseHeader.tsx.html
2:24:10 PM [vite] page reload coverage/src/components/cases/CaseKanban.tsx.html
2:24:10 PM [vite] page reload coverage/src/components/cases/CasePreviewDrawer.tsx.html
2:24:10 PM [vite] page reload coverage/src/components/cases/CaseTable.tsx.html
2:24:10 PM [vite] page reload coverage/src/components/cases/FacetedFilter.tsx.html
2:24:10 PM [vite] page reload coverage/src/components/cases/InvestigationWizard.tsx.html
2:24:10 PM [vite] page reload coverage/src/components/cases/NewInvestigationWizard.tsx.html
2:24:10 PM [vite] page reload coverage/src/components/cases/RichCaseCard.tsx.html
2:24:10 PM [vite] page reload coverage/src/components/cases/index.html
2:24:10 PM [vite] page reload coverage/src/components/auth/LoginForm.tsx.html
2:24:10 PM [vite] page reload coverage/src/components/auth/index.html
2:24:10 PM [vite] page reload coverage/src/components/ai/AIAssistant.tsx.html
2:24:10 PM [vite] page reload coverage/src/components/ai/AIIntelligenceDashboard.tsx.html
2:24:10 PM [vite] page reload coverage/src/components/ai/AdvancedComplianceDashboard.tsx.html
2:24:10 PM [vite] page reload coverage/src/components/ai/CodeReviewDashboard.tsx.html
2:24:10 PM [vite] page reload coverage/src/components/ai/PredictiveMaintenanceDashboard.tsx.html
2:24:10 PM [vite] page reload coverage/src/components/ai/index.html
2:24:10 PM [vite] page reload coverage/src/components/advanced/ai/AiPerformanceMonitor.tsx.html
2:24:10 PM [vite] page reload coverage/src/components/advanced/ai/MultimodalAnalyzer.tsx.html
2:24:10 PM [vite] page reload coverage/src/components/advanced/ai/RagSearchInterface.tsx.html
2:24:10 PM [vite] page reload coverage/src/components/advanced/ai/RedTeamDashboard.tsx.html
2:24:10 PM [vite] page reload coverage/src/components/advanced/ai/index.html
2:24:10 PM [vite] page reload coverage/src/components/adjudication/AdjudicationLayout.tsx.html
2:24:10 PM [vite] page reload coverage/src/components/adjudication/AlertDetail.tsx.html
2:24:10 PM [vite] page reload coverage/src/components/adjudication/AlertList.tsx.html
2:24:10 PM [vite] page reload coverage/src/components/adjudication/AlertListItem.tsx.html
2:24:10 PM [vite] page reload coverage/src/components/adjudication/ContextTabs.tsx.html
2:24:10 PM [vite] page reload coverage/src/components/adjudication/DecisionPanel.tsx.html
2:24:10 PM [vite] page reload coverage/src/components/adjudication/index.html
2:24:10 PM [vite] page reload coverage/src/components/adjudication/tabs/AIReasoningTab.tsx.html
2:24:10 PM [vite] page reload coverage/src/components/adjudication/tabs/ContextTab.tsx.html
2:24:10 PM [vite] page reload coverage/src/components/adjudication/tabs/GraphTab.tsx.html
2:24:10 PM [vite] page reload coverage/src/components/adjudication/tabs/HistoryTab.tsx.html
2:24:10 PM [vite] page reload coverage/src/components/adjudication/tabs/index.html
2:24:10 PM [vite] page reload coverage/src/components/accessibility/AccessibilityChecker.tsx.html
2:24:10 PM [vite] page reload coverage/src/components/accessibility/AccessibilitySettings.tsx.html
2:24:10 PM [vite] page reload coverage/src/components/accessibility/index.html
2:24:10 PM [vite] page reload coverage/lcov-report/index.html
2:24:10 PM [vite] page reload coverage/lcov-report/src/App.tsx.html
2:24:10 PM [vite] page reload coverage/lcov-report/src/config.ts.html
2:24:10 PM [vite] page reload coverage/lcov-report/src/index.html
2:24:10 PM [vite] page reload coverage/lcov-report/src/utils/antiDebug.ts.html
2:24:10 PM [vite] page reload coverage/lcov-report/src/utils/api.ts.html
2:24:10 PM [vite] page reload coverage/lcov-report/src/utils/csrfProtection.ts.html
2:24:10 PM [vite] page reload coverage/lcov-report/src/utils/electron.ts.html
2:24:10 PM [vite] page reload coverage/lcov-report/src/utils/electronStore.ts.html
2:24:10 PM [vite] page reload coverage/lcov-report/src/utils/errorHandler.ts.html
2:24:10 PM [vite] page reload coverage/lcov-report/src/utils/index.html
2:24:10 PM [vite] page reload coverage/lcov-report/src/utils/logger.ts.html
2:24:10 PM [vite] page reload coverage/lcov-report/src/utils/performanceMonitor.ts.html
2:24:10 PM [vite] page reload coverage/lcov-report/src/utils/secureLogger.ts.html
2:24:10 PM [vite] page reload coverage/lcov-report/src/utils/secureRandom.ts.html
2:24:10 PM [vite] page reload coverage/lcov-report/src/utils/secureTokenStorage.ts.html
2:24:10 PM [vite] page reload coverage/lcov-report/src/utils/validation.ts.html
2:24:10 PM [vite] page reload coverage/lcov-report/src/utils/verifyIntegrity.ts.html
2:24:10 PM [vite] page reload coverage/lcov-report/src/utils/webVitals.ts.html
2:24:10 PM [vite] page reload coverage/lcov-report/src/types/index.html
2:24:10 PM [vite] page reload coverage/lcov-report/src/types/locale.ts.html
2:24:10 PM [vite] page reload coverage/lcov-report/src/stores/index.html
2:24:10 PM [vite] page reload coverage/lcov-report/src/stores/useAuthStore.ts.html
2:24:10 PM [vite] page reload coverage/lcov-report/src/stores/useIngestionStore.ts.html
2:24:10 PM [vite] page reload coverage/lcov-report/src/stores/useUIStore.ts.html
2:24:10 PM [vite] page reload coverage/lcov-report/src/store/globalStore.ts.html
2:24:10 PM [vite] page reload coverage/lcov-report/src/store/index.html
2:24:10 PM [vite] page reload coverage/lcov-report/src/store/projectStore.ts.html
2:24:10 PM [vite] page reload coverage/lcov-report/src/store/reconciliationStore.ts.html
2:24:10 PM [vite] page reload coverage/lcov-report/src/store/useAuthStore.ts.html
2:24:10 PM [vite] page reload coverage/lcov-report/src/store/useIngestionStore.ts.html
2:24:10 PM [vite] page reload coverage/lcov-report/src/store/useUIStore.ts.html
2:24:10 PM [vite] page reload coverage/lcov-report/src/services/CaseSyncEngine.ts.html
2:24:10 PM [vite] page reload coverage/lcov-report/src/services/EvidenceScorer.ts.html
2:24:10 PM [vite] page reload coverage/lcov-report/src/services/ai.ts.html
2:24:10 PM [vite] page reload coverage/lcov-report/src/services/alerts.ts.html
2:24:10 PM [vite] page reload coverage/lcov-report/src/services/api.ts.html
2:24:10 PM [vite] page reload coverage/lcov-report/src/services/approvalService.ts.html
2:24:10 PM [vite] page reload coverage/lcov-report/src/services/auth.ts.html
2:24:10 PM [vite] page reload coverage/lcov-report/src/services/cases.ts.html
2:24:10 PM [vite] page reload coverage/lcov-report/src/services/client.ts.html
2:24:10 PM [vite] page reload coverage/lcov-report/src/services/compliance.ts.html
2:24:10 PM [vite] page reload coverage/lcov-report/src/services/complianceMonitoring 2.ts.html
2:24:10 PM [vite] page reload coverage/lcov-report/src/services/complianceMonitoring.ts.html
2:24:10 PM [vite] page reload coverage/lcov-report/src/services/costOptimization.ts.html
2:24:10 PM [vite] page reload coverage/lcov-report/src/services/diagnosticsService.ts.html
2:24:10 PM [vite] page reload coverage/lcov-report/src/services/draftPreviewService.ts.html
2:24:10 PM [vite] page reload coverage/lcov-report/src/services/errorReporting.ts.html
2:24:10 PM [vite] page reload coverage/lcov-report/src/services/evidence.ts.html
2:24:10 PM [vite] page reload coverage/lcov-report/src/services/fileProcessing.ts.html
2:24:10 PM [vite] page reload coverage/lcov-report/src/services/graph.ts.html
2:24:10 PM [vite] page reload coverage/lcov-report/src/services/index.html
2:24:10 PM [vite] page reload coverage/lcov-report/src/services/integrations.ts.html
2:24:10 PM [vite] page reload coverage/lcov-report/src/services/intelligenceService.ts.html
2:24:10 PM [vite] page reload coverage/lcov-report/src/services/monitoring.ts.html
2:24:10 PM [vite] page reload coverage/lcov-report/src/services/notifications.ts.html
2:24:10 PM [vite] page reload coverage/lcov-report/src/services/onboarding.ts.html
2:24:10 PM [vite] page reload coverage/lcov-report/src/services/reconciliation.ts.html
2:24:10 PM [vite] page reload coverage/lcov-report/src/services/reporting.ts.html
2:24:10 PM [vite] page reload coverage/lcov-report/src/services/settings.ts.html
2:24:10 PM [vite] page reload coverage/lcov-report/src/services/socket.ts.html
2:24:10 PM [vite] page reload coverage/lcov-report/src/services/sync.ts.html
2:24:10 PM [vite] page reload coverage/lcov-report/src/services/syncOrchestrator.ts.html
2:24:10 PM [vite] page reload coverage/lcov-report/src/services/user.ts.html
2:24:10 PM [vite] page reload coverage/lcov-report/src/providers/AppProviders.tsx.html
2:24:10 PM [vite] page reload coverage/lcov-report/src/providers/AuthProvider.tsx.html
2:24:10 PM [vite] page reload coverage/lcov-report/src/providers/AuthenticationProvider.tsx.html
2:24:10 PM [vite] page reload coverage/lcov-report/src/providers/LocaleProvider.tsx.html
2:24:10 PM [vite] page reload coverage/lcov-report/src/providers/NetworkStatusProvider.tsx.html
2:24:10 PM [vite] page reload coverage/lcov-report/src/providers/OfflineQueueContext.tsx.html
2:24:10 PM [vite] page reload coverage/lcov-report/src/providers/ToastProvider.tsx.html
2:24:10 PM [vite] page reload coverage/lcov-report/src/providers/WebSocketProvider.tsx.html
2:24:10 PM [vite] page reload coverage/lcov-report/src/providers/index.html
2:24:10 PM [vite] page reload coverage/lcov-report/src/pages/AdjudicationQueue.tsx.html
2:24:10 PM [vite] page reload coverage/lcov-report/src/pages/AdvancedAiHub.tsx.html
2:24:10 PM [vite] page reload coverage/lcov-report/src/pages/AgentApprovals.tsx.html
2:24:10 PM [vite] page reload coverage/lcov-report/src/pages/AgentDrafts.tsx.html
2:24:10 PM [vite] page reload coverage/lcov-report/src/pages/Cases.tsx.html
2:24:10 PM [vite] page reload coverage/lcov-report/src/pages/CasesRefactored.tsx.html
2:24:10 PM [vite] page reload coverage/lcov-report/src/pages/ComplianceMonitoring.tsx.html
2:24:10 PM [vite] page reload coverage/lcov-report/src/pages/Dashboard.tsx.html
2:24:10 PM [vite] page reload coverage/lcov-report/src/pages/DesignSystemShowcase.tsx.html
2:24:10 PM [vite] page reload coverage/lcov-report/src/pages/EnhancedDashboard.tsx.html
2:24:10 PM [vite] page reload coverage/lcov-report/src/pages/EnhancedEvidenceLocker.tsx.html
2:24:10 PM [vite] page reload coverage/lcov-report/src/pages/Forensics.tsx.html
2:24:10 PM [vite] page reload coverage/lcov-report/src/pages/ForensicsRefactored.tsx.html
2:24:10 PM [vite] page reload coverage/lcov-report/src/pages/Ingestion.tsx.html
2:24:10 PM [vite] page reload coverage/lcov-report/src/pages/IntegrationHub.tsx.html
2:24:10 PM [vite] page reload coverage/lcov-report/src/pages/Investigation.tsx.html
2:24:10 PM [vite] page reload coverage/lcov-report/src/pages/Login.tsx.html
2:24:10 PM [vite] page reload coverage/lcov-report/src/pages/NetworkAnalysis.tsx.html
2:24:10 PM [vite] page reload coverage/lcov-report/src/pages/NotFound.tsx.html
2:24:10 PM [vite] page reload coverage/lcov-report/src/pages/PerformanceDashboard.tsx.html
2:24:10 PM [vite] page reload coverage/lcov-report/src/pages/ProjectSelection.tsx.html
2:24:10 PM [vite] page reload coverage/lcov-report/src/pages/ProofVisualizationRoute.tsx.html
2:24:10 PM [vite] page reload coverage/lcov-report/src/pages/Reconciliation.tsx.html
2:24:10 PM [vite] page reload coverage/lcov-report/src/pages/RegulatoryIntelligence.tsx.html
2:24:10 PM [vite] page reload coverage/lcov-report/src/pages/Reporting.tsx.html
2:24:10 PM [vite] page reload coverage/lcov-report/src/pages/SARCreation.tsx.html
2:24:10 PM [vite] page reload coverage/lcov-report/src/pages/Settings.tsx.html
2:24:10 PM [vite] page reload coverage/lcov-report/src/pages/Setup.tsx.html
2:24:10 PM [vite] page reload coverage/lcov-report/src/pages/SystemDiagnosticsCenter.tsx.html
2:24:10 PM [vite] page reload coverage/lcov-report/src/pages/index.html
2:24:10 PM [vite] page reload coverage/lcov-report/src/pages/settings/components/GeneralTab.tsx.html
2:24:10 PM [vite] page reload coverage/lcov-report/src/pages/settings/components/index.html
2:24:10 PM [vite] page reload coverage/lcov-report/src/lib/AIFraudDetection.ts.html
2:24:10 PM [vite] page reload coverage/lcov-report/src/lib/LocalDataManager.ts.html
2:24:10 PM [vite] page reload coverage/lcov-report/src/lib/accessibility.ts.html
2:24:10 PM [vite] page reload coverage/lcov-report/src/lib/advancedAI 2.ts.html
2:24:10 PM [vite] page reload coverage/lcov-report/src/lib/advancedAI.ts.html
2:24:10 PM [vite] page reload coverage/lcov-report/src/lib/advancedMonitoring.ts.html
2:24:10 PM [vite] page reload coverage/lcov-report/src/lib/advancedTesting.ts.html
2:24:10 PM [vite] page reload coverage/lcov-report/src/lib/api.ts.html
2:24:10 PM [vite] page reload coverage/lcov-report/src/lib/chaosEngineering.ts.html
2:24:10 PM [vite] page reload coverage/lcov-report/src/lib/circuitBreaker.ts.html
2:24:10 PM [vite] page reload coverage/lcov-report/src/lib/electron.ts.html
2:24:10 PM [vite] page reload coverage/lcov-report/src/lib/formatters.ts.html
2:24:10 PM [vite] page reload coverage/lcov-report/src/lib/index.html
2:24:10 PM [vite] page reload coverage/lcov-report/src/lib/keyboardShortcuts.ts.html
2:24:10 PM [vite] page reload coverage/lcov-report/src/lib/reliabilityManager.ts.html
2:24:10 PM [vite] page reload coverage/lcov-report/src/lib/testGenerator.ts.html
2:24:10 PM [vite] page reload coverage/lcov-report/src/lib/utils.ts.html
2:24:10 PM [vite] page reload coverage/lcov-report/src/lib/accessibility/aria-helpers.ts.html
2:24:10 PM [vite] page reload coverage/lcov-report/src/lib/accessibility/focus-management.ts.html
2:24:10 PM [vite] page reload coverage/lcov-report/src/lib/accessibility/index.html
2:24:10 PM [vite] page reload coverage/lcov-report/src/lib/accessibility/keyboard-navigation.ts.html
2:24:10 PM [vite] page reload coverage/lcov-report/src/i18n/config.ts.html
2:24:10 PM [vite] page reload coverage/lcov-report/src/i18n/index.html
2:24:10 PM [vite] page reload coverage/lcov-report/src/i18n/index.ts.html
2:24:10 PM [vite] page reload coverage/lcov-report/src/hooks/index.html
2:24:10 PM [vite] page reload coverage/lcov-report/src/hooks/use-toast.ts.html
2:24:10 PM [vite] page reload coverage/lcov-report/src/hooks/useAccessibility.ts.html
2:24:10 PM [vite] page reload coverage/lcov-report/src/hooks/useAlerts.ts.html
2:24:10 PM [vite] page reload coverage/lcov-report/src/hooks/useApiError.ts.html
2:24:10 PM [vite] page reload coverage/lcov-report/src/hooks/useApiWithRetry.ts.html
2:24:10 PM [vite] page reload coverage/lcov-report/src/hooks/useAuth.ts.html
2:24:10 PM [vite] page reload coverage/lcov-report/src/hooks/useCases 2.ts.html
2:24:10 PM [vite] page reload coverage/lcov-report/src/hooks/useCases.ts.html
2:24:10 PM [vite] page reload coverage/lcov-report/src/hooks/useCollaboration.ts.html
2:24:10 PM [vite] page reload coverage/lcov-report/src/hooks/useContextAwareAI.ts.html
2:24:10 PM [vite] page reload coverage/lcov-report/src/hooks/useDashboard.ts.html
2:24:10 PM [vite] page reload coverage/lcov-report/src/hooks/useDashboardMetrics.ts.html
2:24:10 PM [vite] page reload coverage/lcov-report/src/hooks/useEvidence.ts.html
2:24:10 PM [vite] page reload coverage/lcov-report/src/hooks/useFormValidation.ts.html
2:24:10 PM [vite] page reload coverage/lcov-report/src/hooks/useGraphData.ts.html
2:24:10 PM [vite] page reload coverage/lcov-report/src/hooks/useHttpClient.tsx.html
2:24:10 PM [vite] page reload coverage/lcov-report/src/hooks/useKeyboardNavigation.tsx.html
2:24:10 PM [vite] page reload coverage/lcov-report/src/hooks/useMemoryCleanup.ts.html
2:24:10 PM [vite] page reload coverage/lcov-report/src/hooks/useNetworkStatus.ts.html
2:24:10 PM [vite] page reload coverage/lcov-report/src/hooks/useOfflineQueue.ts.html
2:24:10 PM [vite] page reload coverage/lcov-report/src/hooks/usePerformanceMonitor.ts.html
2:24:10 PM [vite] page reload coverage/lcov-report/src/hooks/usePersistedState.ts.html
2:24:10 PM [vite] page reload coverage/lcov-report/src/hooks/useResizeObserver.ts.html
2:24:10 PM [vite] page reload coverage/lcov-report/src/hooks/useRoleBasedLayout.ts.html
2:24:10 PM [vite] page reload coverage/lcov-report/src/hooks/useSanitizedHTML.tsx.html
2:24:10 PM [vite] page reload coverage/lcov-report/src/hooks/useSettings.ts.html
2:24:10 PM [vite] page reload coverage/lcov-report/src/hooks/useTouchGestures.ts.html
2:24:10 PM [vite] page reload coverage/lcov-report/src/hooks/useWebSocketClient.tsx.html
2:24:10 PM [vite] page reload coverage/lcov-report/src/hooks/useWebSocketQueue.ts.html
2:24:10 PM [vite] page reload coverage/lcov-report/src/context/AIContext.tsx.html
2:24:10 PM [vite] page reload coverage/lcov-report/src/context/AccessibilityContext.tsx.html
2:24:10 PM [vite] page reload coverage/lcov-report/src/context/AuthContext.ts.html
2:24:10 PM [vite] page reload coverage/lcov-report/src/context/NetworkStatusContext.ts.html
2:24:10 PM [vite] page reload coverage/lcov-report/src/context/OfflineQueueContext.ts.html
2:24:10 PM [vite] page reload coverage/lcov-report/src/context/TourContext.tsx.html
2:24:10 PM [vite] page reload coverage/lcov-report/src/context/index.html
2:24:10 PM [vite] page reload coverage/lcov-report/src/components/ApprovalQueue.tsx.html
2:24:10 PM [vite] page reload coverage/lcov-report/src/components/CaseProgressBar.tsx.html
2:24:10 PM [vite] page reload coverage/lcov-report/src/components/CollaborativeEditor.tsx.html
2:24:10 PM [vite] page reload coverage/lcov-report/src/components/DigitalDossierGenerator.tsx.html
2:24:10 PM [vite] page reload coverage/lcov-report/src/components/ErrorBoundary.tsx.html
2:24:10 PM [vite] page reload coverage/lcov-report/src/components/ErrorMessage.tsx.html
2:24:10 PM [vite] page reload coverage/lcov-report/src/components/FriendlyWelcome.tsx.html
2:24:10 PM [vite] page reload coverage/lcov-report/src/components/FrienlyWelcome.tsx.html
2:24:10 PM [vite] page reload coverage/lcov-report/src/components/InvestigationNotebook.tsx.html
2:24:10 PM [vite] page reload coverage/lcov-report/src/components/LoadingState.tsx.html
2:24:10 PM [vite] page reload coverage/lcov-report/src/components/MemoryMonitor.tsx.html
2:24:10 PM [vite] page reload coverage/lcov-report/src/components/NotificationContainer.tsx.html
2:24:10 PM [vite] page reload coverage/lcov-report/src/components/OfflineIndicator.tsx.html
2:24:10 PM [vite] page reload coverage/lcov-report/src/components/OnboardingTour.tsx.html
2:24:10 PM [vite] page reload coverage/lcov-report/src/components/OnboardingWizard.tsx.html
2:24:10 PM [vite] page reload coverage/lcov-report/src/components/PageErrorBoundary.tsx.html
2:24:10 PM [vite] page reload coverage/lcov-report/src/components/RelationshipGraph.tsx.html
2:24:10 PM [vite] page reload coverage/lcov-report/src/components/RoleSelection.tsx.html
2:24:10 PM [vite] page reload coverage/lcov-report/src/components/RoleSelector.tsx.html
2:24:10 PM [vite] page reload coverage/lcov-report/src/components/RookieChecklist.tsx.html
2:24:10 PM [vite] page reload coverage/lcov-report/src/components/TemporalPlayback.tsx.html
2:24:10 PM [vite] page reload coverage/lcov-report/src/components/UpdateManager.tsx.html
2:24:10 PM [vite] page reload coverage/lcov-report/src/components/WebSocketSync.tsx.html
2:24:10 PM [vite] page reload coverage/lcov-report/src/components/index.html
2:24:10 PM [vite] page reload coverage/lcov-report/src/components/visualizations/BehavioralHeatmap.tsx.html
2:24:10 PM [vite] page reload coverage/lcov-report/src/components/visualizations/CorrelationMatrix.tsx.html
2:24:10 PM [vite] page reload coverage/lcov-report/src/components/visualizations/EntityGraph3D.tsx.html
2:24:10 PM [vite] page reload coverage/lcov-report/src/components/visualizations/NetworkGraph.tsx.html
2:24:10 PM [vite] page reload coverage/lcov-report/src/components/visualizations/NetworkGraph3D.tsx.html
2:24:10 PM [vite] page reload coverage/lcov-report/src/components/visualizations/TemporalFlowVisualizer.tsx.html
2:24:10 PM [vite] page reload coverage/lcov-report/src/components/visualizations/index.html
2:24:10 PM [vite] page reload coverage/lcov-report/src/components/visualization/AIInsightPanel.tsx.html
2:24:10 PM [vite] page reload coverage/lcov-report/src/components/visualization/index.html
2:24:10 PM [vite] page reload coverage/lcov-report/src/components/ui/AIInsights.tsx.html
2:24:10 PM [vite] page reload coverage/lcov-report/src/components/ui/AccessibleButton.tsx.html
2:24:10 PM [vite] page reload coverage/lcov-report/src/components/ui/AccessibleForm.tsx.html
2:24:10 PM [vite] page reload coverage/lcov-report/src/components/ui/AccessibleModal.tsx.html
2:24:10 PM [vite] page reload coverage/lcov-report/src/components/ui/AgentStatusStream.tsx.html
2:24:10 PM [vite] page reload coverage/lcov-report/src/components/ui/DataGrid.tsx.html
2:24:10 PM [vite] page reload coverage/lcov-report/src/components/ui/DraftPreview.tsx.html
2:24:10 PM [vite] page reload coverage/lcov-report/src/components/ui/DragDrop.tsx.html
2:24:10 PM [vite] page reload coverage/lcov-report/src/components/ui/FileDropZone.tsx.html
2:24:10 PM [vite] page reload coverage/lcov-report/src/components/ui/Input.tsx.html
2:24:10 PM [vite] page reload coverage/lcov-report/src/components/ui/KeyboardShortcutsModal.tsx.html
2:24:10 PM [vite] page reload coverage/lcov-report/src/components/ui/MultiModalUpload.tsx.html
2:24:10 PM [vite] page reload coverage/lcov-report/src/components/ui/Pagination.tsx.html
2:24:10 PM [vite] page reload coverage/lcov-report/src/components/ui/ProgressBar.tsx.html
2:24:10 PM [vite] page reload coverage/lcov-report/src/components/ui/ProgressiveDisclosure.tsx.html
2:24:10 PM [vite] page reload coverage/lcov-report/src/components/ui/ResizablePanel.tsx.html
2:24:10 PM [vite] page reload coverage/lcov-report/src/components/ui/ScrollArea.tsx.html
2:24:10 PM [vite] page reload coverage/lcov-report/src/components/ui/SemanticSearch.tsx.html
2:24:10 PM [vite] page reload coverage/lcov-report/src/components/ui/Skeleton.tsx.html
2:24:10 PM [vite] page reload coverage/lcov-report/src/components/ui/SplitView.tsx.html
2:24:10 PM [vite] page reload coverage/lcov-report/src/components/ui/StandardizedErrorDisplay.tsx.html
2:24:10 PM [vite] page reload coverage/lcov-report/src/components/ui/StatusIndicator.tsx.html
2:24:10 PM [vite] page reload coverage/lcov-report/src/components/ui/SyncStatus.tsx.html
2:24:10 PM [vite] page reload coverage/lcov-report/src/components/ui/Table.tsx.html
2:24:10 PM [vite] page reload coverage/lcov-report/src/components/ui/VirtualList.tsx.html
2:24:10 PM [vite] page reload coverage/lcov-report/src/components/ui/VirtualizedList.tsx.html
2:24:10 PM [vite] page reload coverage/lcov-report/src/components/ui/WindowControls.tsx.html
2:24:10 PM [vite] page reload coverage/lcov-report/src/components/ui/alert.tsx.html
2:24:10 PM [vite] page reload coverage/lcov-report/src/components/ui/avatar.tsx.html
2:24:10 PM [vite] page reload coverage/lcov-report/src/components/ui/badge.tsx.html
2:24:10 PM [vite] page reload coverage/lcov-report/src/components/ui/button.tsx.html
2:24:10 PM [vite] page reload coverage/lcov-report/src/components/ui/card.tsx.html
2:24:10 PM [vite] page reload coverage/lcov-report/src/components/ui/checkbox.tsx.html
2:24:10 PM [vite] page reload coverage/lcov-report/src/components/ui/dialog.tsx.html
2:24:10 PM [vite] page reload coverage/lcov-report/src/components/ui/index.html
2:24:10 PM [vite] page reload coverage/lcov-report/src/components/ui/label.tsx.html
2:24:10 PM [vite] page reload coverage/lcov-report/src/components/ui/progress.tsx.html
2:24:10 PM [vite] page reload coverage/lcov-report/src/components/ui/scroll-area.tsx.html
2:24:10 PM [vite] page reload coverage/lcov-report/src/components/ui/select.tsx.html
2:24:10 PM [vite] page reload coverage/lcov-report/src/components/ui/separator.tsx.html
2:24:10 PM [vite] page reload coverage/lcov-report/src/components/ui/slider.tsx.html
2:24:10 PM [vite] page reload coverage/lcov-report/src/components/ui/switch.tsx.html
2:24:10 PM [vite] page reload coverage/lcov-report/src/components/ui/tabs.tsx.html
2:24:10 PM [vite] page reload coverage/lcov-report/src/components/ui/textarea.tsx.html
2:24:10 PM [vite] page reload coverage/lcov-report/src/components/settings/AccessibilitySettings.tsx.html
2:24:10 PM [vite] page reload coverage/lcov-report/src/components/settings/AuditLogViewer.tsx.html
2:24:10 PM [vite] page reload coverage/lcov-report/src/components/settings/GeneralSettings.tsx.html
2:24:10 PM [vite] page reload coverage/lcov-report/src/components/settings/HealthGauges.tsx.html
2:24:10 PM [vite] page reload coverage/lcov-report/src/components/settings/NotificationSettings.tsx.html
2:24:10 PM [vite] page reload coverage/lcov-report/src/components/settings/PermissionMatrix.tsx.html
2:24:10 PM [vite] page reload coverage/lcov-report/src/components/settings/RuleBuilder.tsx.html
2:24:10 PM [vite] page reload coverage/lcov-report/src/components/settings/SecuritySettings.tsx.html
2:24:10 PM [vite] page reload coverage/lcov-report/src/components/settings/SettingsErrorState.tsx.html
2:24:10 PM [vite] page reload coverage/lcov-report/src/components/settings/SettingsHeader.tsx.html
2:24:10 PM [vite] page reload coverage/lcov-report/src/components/settings/SettingsLayout.tsx.html
2:24:10 PM [vite] page reload coverage/lcov-report/src/components/settings/SettingsNavigation.tsx.html
2:24:10 PM [vite] page reload coverage/lcov-report/src/components/settings/SettingsSkeleton.tsx.html
2:24:10 PM [vite] page reload coverage/lcov-report/src/components/settings/SystemSettings.tsx.html
2:24:10 PM [vite] page reload coverage/lcov-report/src/components/settings/index.html
2:24:10 PM [vite] page reload coverage/lcov-report/src/components/settings/index.ts.html
2:24:10 PM [vite] page reload index.html
2:24:10 PM [vite] page reload coverage/lcov-report/src/components/settings/i18n/LanguageSwitcher.tsx.html
2:24:10 PM [vite] page reload coverage/lcov-report/src/components/settings/i18n/index.html
2:24:10 PM [vite] page reload coverage/lcov-report/src/components/reporting/AIWriter.tsx.html
2:24:10 PM [vite] page reload coverage/lcov-report/src/components/reporting/AutoReportGenerator.tsx.html
2:24:10 PM [vite] page reload coverage/lcov-report/src/components/reporting/ConclusionWizard.tsx.html
2:24:10 PM [vite] page reload coverage/lcov-report/src/components/reporting/DossierExport.tsx.html
2:24:10 PM [vite] page reload coverage/lcov-report/src/components/reporting/FinancialHealth.tsx.html
2:24:10 PM [vite] page reload coverage/lcov-report/src/components/reporting/KeyFindings.tsx.html
2:24:10 PM [vite] page reload coverage/lcov-report/src/components/reporting/ProjectTracker.tsx.html
2:24:10 PM [vite] page reload coverage/lcov-report/src/components/reporting/ReportBuilder.tsx.html
2:24:10 PM [vite] page reload coverage/lcov-report/src/components/reporting/SuccessBanner.tsx.html
2:24:10 PM [vite] page reload coverage/lcov-report/src/components/reporting/SummaryPreview.tsx.html
2:24:10 PM [vite] page reload coverage/lcov-report/src/components/reporting/index.html
2:24:10 PM [vite] page reload coverage/lcov-report/src/components/recon/ExceptionQueue.tsx.html
2:24:10 PM [vite] page reload coverage/lcov-report/src/components/recon/MatchCanvas.tsx.html
2:24:10 PM [vite] page reload coverage/lcov-report/src/components/recon/TransactionCard.tsx.html
2:24:10 PM [vite] page reload coverage/lcov-report/src/components/recon/index.html
2:24:10 PM [vite] page reload coverage/lcov-report/src/components/performance/PerformanceDashboard.tsx.html
2:24:10 PM [vite] page reload coverage/lcov-report/src/components/performance/index.html
2:24:10 PM [vite] page reload coverage/lcov-report/src/components/monitoring/MonitoringDashboard.tsx.html
2:24:10 PM [vite] page reload coverage/lcov-report/src/components/monitoring/PerformanceDashboard.tsx.html
2:24:10 PM [vite] page reload coverage/lcov-report/src/components/monitoring/SystemOrchestrationDashboard.tsx.html
2:24:10 PM [vite] page reload coverage/lcov-report/src/components/monitoring/index.html
2:24:10 PM [vite] page reload coverage/lcov-report/src/components/layout/AppLayout.tsx.html
2:24:10 PM [vite] page reload coverage/lcov-report/src/components/layout/Header.tsx.html
2:24:10 PM [vite] page reload coverage/lcov-report/src/components/layout/Sidebar.tsx.html
2:24:10 PM [vite] page reload coverage/lcov-report/src/components/layout/index.html
2:24:10 PM [vite] page reload coverage/lcov-report/src/components/investigation/CanvasArea.tsx.html
2:24:10 PM [vite] page reload coverage/lcov-report/src/components/investigation/EntityForm.tsx.html
2:24:10 PM [vite] page reload coverage/lcov-report/src/components/investigation/EntityNode.tsx.html
2:24:10 PM [vite] page reload coverage/lcov-report/src/components/investigation/EntityRegistry.tsx.html
2:24:10 PM [vite] page reload coverage/lcov-report/src/components/investigation/EvidenceItem.tsx.html
2:24:10 PM [vite] page reload coverage/lcov-report/src/components/investigation/GraphCanvas.tsx.html
2:24:10 PM [vite] page reload coverage/lcov-report/src/components/investigation/InvestigationCanvas.tsx.html
2:24:10 PM [vite] page reload coverage/lcov-report/src/components/investigation/InvestigationSkeleton.tsx.html
2:24:10 PM [vite] page reload coverage/lcov-report/src/components/investigation/NodeInspector.tsx.html
2:24:10 PM [vite] page reload coverage/lcov-report/src/components/investigation/PathfindingVisualizer.tsx.html
2:24:10 PM [vite] page reload coverage/lcov-report/src/components/investigation/RelationshipForm.tsx.html
2:24:10 PM [vite] page reload coverage/lcov-report/src/components/investigation/ThreeDGraph.tsx.html
2:24:10 PM [vite] page reload coverage/lcov-report/src/components/investigation/index.html
2:24:10 PM [vite] page reload coverage/lcov-report/src/components/intelligence/AutoReportGenerator.tsx.html
2:24:10 PM [vite] page reload coverage/lcov-report/src/components/intelligence/CourtDocumentGenerator.tsx.html
2:24:10 PM [vite] page reload coverage/lcov-report/src/components/intelligence/PredictiveDashboard.tsx.html
2:24:10 PM [vite] page reload coverage/lcov-report/src/components/intelligence/index.html
2:24:10 PM [vite] page reload coverage/lcov-report/src/components/integration/AnalyticsTab.tsx.html
2:24:10 PM [vite] page reload coverage/lcov-report/src/components/integration/EventBusTab.tsx.html
2:24:10 PM [vite] page reload coverage/lcov-report/src/components/integration/GraphQLTab.tsx.html
2:24:10 PM [vite] page reload coverage/lcov-report/src/components/integration/IntegrationsTab.tsx.html
2:24:10 PM [vite] page reload coverage/lcov-report/src/components/integration/MarketplaceTab.tsx.html
2:24:10 PM [vite] page reload coverage/lcov-report/src/components/integration/OverviewTab.tsx.html
2:24:10 PM [vite] page reload coverage/lcov-report/src/components/integration/index.html
2:24:10 PM [vite] page reload coverage/lcov-report/src/components/ingestion/DataMapping.tsx.html
2:24:10 PM [vite] page reload coverage/lcov-report/src/components/ingestion/IngestionStepper.tsx.html
2:24:10 PM [vite] page reload coverage/lcov-report/src/components/ingestion/index.html
2:24:10 PM [vite] page reload coverage/lcov-report/src/components/i18n/LanguageSwitcher.tsx.html
2:24:10 PM [vite] page reload coverage/lcov-report/src/components/i18n/index.html
2:24:10 PM [vite] page reload coverage/lcov-report/src/components/i18n/index.ts.html
2:24:10 PM [vite] page reload coverage/lcov-report/src/components/graph/EntityGraph3DWebGL.tsx.html
2:24:10 PM [vite] page reload coverage/lcov-report/src/components/graph/index.html
2:24:10 PM [vite] page reload coverage/lcov-report/src/components/fraud/FraudRuleBuilder.tsx.html
2:24:10 PM [vite] page reload coverage/lcov-report/src/components/fraud/index.html
2:24:10 PM [vite] page reload coverage/lcov-report/src/components/forensics/EvidenceList.tsx.html
2:24:10 PM [vite] page reload coverage/lcov-report/src/components/forensics/EvidenceViewer.tsx.html
2:24:10 PM [vite] page reload coverage/lcov-report/src/components/forensics/ForensicsErrorState.tsx.html
2:24:10 PM [vite] page reload coverage/lcov-report/src/components/forensics/ForensicsLayout.tsx.html
2:24:10 PM [vite] page reload coverage/lcov-report/src/components/forensics/ForensicsSkeleton.tsx.html
2:24:10 PM [vite] page reload coverage/lcov-report/src/components/forensics/ForensicsToolbar.tsx.html
2:24:10 PM [vite] page reload coverage/lcov-report/src/components/forensics/PdfViewer.tsx.html
2:24:10 PM [vite] page reload coverage/lcov-report/src/components/forensics/index.html
2:24:10 PM [vite] page reload coverage/lcov-report/src/components/forensics/index.ts.html
2:24:10 PM [vite] page reload coverage/lcov-report/src/components/evidence/DocumentViewer.tsx.html
2:24:10 PM [vite] page reload coverage/lcov-report/src/components/evidence/EvidenceViewer.tsx.html
2:24:10 PM [vite] page reload coverage/lcov-report/src/components/evidence/FolderTree.tsx.html
2:24:10 PM [vite] page reload coverage/lcov-report/src/components/evidence/ForensicCanvas.tsx.html
2:24:10 PM [vite] page reload coverage/lcov-report/src/components/evidence/HypothesisBoard.tsx.html
2:24:10 PM [vite] page reload coverage/lcov-report/src/components/evidence/MensReaAnalyzer.tsx.html
2:24:10 PM [vite] page reload coverage/lcov-report/src/components/evidence/TamperDetector.tsx.html
2:24:10 PM [vite] page reload coverage/lcov-report/src/components/evidence/UploadWizard.tsx.html
2:24:10 PM [vite] page reload coverage/lcov-report/src/components/evidence/index.html
2:24:10 PM [vite] page reload coverage/lcov-report/src/components/dashboard/AIWatchtower.tsx.html
2:24:10 PM [vite] page reload coverage/lcov-report/src/components/dashboard/CostOptimizationWidget.tsx.html
2:24:10 PM [vite] page reload coverage/lcov-report/src/components/dashboard/LiveQueue.tsx.html
2:24:10 PM [vite] page reload coverage/lcov-report/src/components/dashboard/MetricCard.tsx.html
2:24:10 PM [vite] page reload coverage/lcov-report/src/components/dashboard/MetricSparkline.tsx.html
2:24:10 PM [vite] page reload coverage/lcov-report/src/components/dashboard/MovableDashboard.tsx.html
2:24:10 PM [vite] page reload coverage/lcov-report/src/components/dashboard/PredictiveDashboard.tsx.html
2:24:10 PM [vite] page reload coverage/lcov-report/src/components/dashboard/ProofVisualizationCard.tsx.html
2:24:10 PM [vite] page reload coverage/lcov-report/src/components/dashboard/RiskDistributionChart.tsx.html
2:24:10 PM [vite] page reload coverage/lcov-report/src/components/dashboard/ThreatMap.tsx.html
2:24:10 PM [vite] page reload coverage/lcov-report/src/components/dashboard/VolumeChart.tsx.html
2:24:10 PM [vite] page reload coverage/lcov-report/src/components/dashboard/index.html
2:24:10 PM [vite] page reload coverage/lcov-report/src/components/compliance/SARCreationWizard.tsx.html
2:24:10 PM [vite] page reload coverage/lcov-report/src/components/compliance/index.html
2:24:10 PM [vite] page reload coverage/lcov-report/src/components/common/EmptyState.tsx.html
2:24:10 PM [vite] page reload coverage/lcov-report/src/components/common/ErrorBoundary.tsx.html
2:24:10 PM [vite] page reload coverage/lcov-report/src/components/common/EvidenceSpotlight.tsx.html
2:24:10 PM [vite] page reload coverage/lcov-report/src/components/common/JourneyProgress.tsx.html
2:24:10 PM [vite] page reload coverage/lcov-report/src/components/common/ProjectSwitcher.tsx.html
2:24:10 PM [vite] page reload coverage/lcov-report/src/components/common/RookieChecklist.tsx.html
2:24:10 PM [vite] page reload coverage/lcov-report/src/components/common/Spinner.tsx.html
2:24:10 PM [vite] page reload coverage/lcov-report/src/components/common/TourSpotlight.tsx.html
2:24:10 PM [vite] page reload coverage/lcov-report/src/components/common/WelcomeMessage.tsx.html
2:24:10 PM [vite] page reload coverage/lcov-report/src/components/common/index.html
2:24:10 PM [vite] page reload coverage/lcov-report/src/components/collaboration/CollaborativeEditor.tsx.html
2:24:10 PM [vite] page reload coverage/lcov-report/src/components/collaboration/EvidenceBoard.tsx.html
2:24:10 PM [vite] page reload coverage/lcov-report/src/components/collaboration/HypothesisBoard.tsx.html
2:24:10 PM [vite] page reload coverage/lcov-report/src/components/collaboration/MensReaAnalyzer.tsx.html
2:24:10 PM [vite] page reload coverage/lcov-report/src/components/collaboration/index.html
2:24:10 PM [vite] page reload coverage/lcov-report/src/components/cases/CaseActions.tsx.html
2:24:10 PM [vite] page reload coverage/lcov-report/src/components/cases/CaseHeader.tsx.html
2:24:10 PM [vite] page reload coverage/lcov-report/src/components/cases/CaseKanban.tsx.html
2:24:10 PM [vite] page reload coverage/lcov-report/src/components/cases/CasePreviewDrawer.tsx.html
2:24:10 PM [vite] page reload coverage/lcov-report/src/components/cases/CaseTable.tsx.html
2:24:10 PM [vite] page reload coverage/lcov-report/src/components/cases/FacetedFilter.tsx.html
2:24:10 PM [vite] page reload coverage/lcov-report/src/components/cases/InvestigationWizard.tsx.html
2:24:10 PM [vite] page reload coverage/lcov-report/src/components/cases/NewInvestigationWizard.tsx.html
2:24:10 PM [vite] page reload coverage/lcov-report/src/components/cases/RichCaseCard.tsx.html
2:24:10 PM [vite] page reload coverage/lcov-report/src/components/cases/index.html
2:24:10 PM [vite] page reload coverage/lcov-report/src/components/auth/LoginForm.tsx.html
2:24:10 PM [vite] page reload coverage/lcov-report/src/components/auth/index.html
2:24:10 PM [vite] page reload coverage/lcov-report/src/components/ai/AIAssistant.tsx.html
2:24:10 PM [vite] page reload coverage/lcov-report/src/components/ai/AIIntelligenceDashboard.tsx.html
2:24:10 PM [vite] page reload coverage/lcov-report/src/components/ai/AdvancedComplianceDashboard.tsx.html
2:24:10 PM [vite] page reload coverage/lcov-report/src/components/ai/CodeReviewDashboard.tsx.html
2:24:10 PM [vite] page reload coverage/lcov-report/src/components/ai/PredictiveMaintenanceDashboard.tsx.html
2:24:10 PM [vite] page reload coverage/lcov-report/src/components/ai/index.html
2:24:10 PM [vite] page reload coverage/lcov-report/src/components/advanced/ai/AiPerformanceMonitor.tsx.html
2:24:10 PM [vite] page reload coverage/lcov-report/src/components/advanced/ai/MultimodalAnalyzer.tsx.html
2:24:10 PM [vite] page reload coverage/lcov-report/src/components/advanced/ai/RagSearchInterface.tsx.html
2:24:10 PM [vite] page reload coverage/lcov-report/src/components/advanced/ai/RedTeamDashboard.tsx.html
2:24:10 PM [vite] page reload coverage/lcov-report/src/components/advanced/ai/index.html
2:24:10 PM [vite] page reload coverage/lcov-report/src/components/adjudication/AdjudicationLayout.tsx.html
2:24:10 PM [vite] page reload coverage/lcov-report/src/components/adjudication/AlertDetail.tsx.html
2:24:10 PM [vite] page reload coverage/lcov-report/src/components/adjudication/AlertList.tsx.html
2:24:10 PM [vite] page reload coverage/lcov-report/src/components/adjudication/AlertListItem.tsx.html
2:24:10 PM [vite] page reload coverage/lcov-report/src/components/adjudication/ContextTabs.tsx.html
2:24:10 PM [vite] page reload coverage/lcov-report/src/components/adjudication/DecisionPanel.tsx.html
2:24:10 PM [vite] page reload coverage/lcov-report/src/components/adjudication/index.html
2:24:10 PM [vite] page reload coverage/lcov-report/src/components/adjudication/tabs/AIReasoningTab.tsx.html
2:24:10 PM [vite] page reload coverage/lcov-report/src/components/adjudication/tabs/ContextTab.tsx.html
2:24:10 PM [vite] page reload coverage/lcov-report/src/components/adjudication/tabs/GraphTab.tsx.html
2:24:10 PM [vite] page reload coverage/lcov-report/src/components/adjudication/tabs/HistoryTab.tsx.html
2:24:10 PM [vite] page reload coverage/lcov-report/src/components/adjudication/tabs/index.html
2:24:10 PM [vite] page reload coverage/lcov-report/src/components/accessibility/AccessibilityChecker.tsx.html
2:24:10 PM [vite] page reload coverage/lcov-report/src/components/accessibility/AccessibilitySettings.tsx.html
2:24:10 PM [vite] page reload coverage/lcov-report/src/components/accessibility/index.html
2:24:15 PM [vite] page reload coverage-e2e/src/utils/index.html
2:24:15 PM [vite] page reload coverage-e2e/src/types/declarations.d.ts.html
2:24:15 PM [vite] page reload coverage-e2e/src/types/electron.d.ts.html
2:24:15 PM [vite] page reload coverage-e2e/src/types/index.html
2:24:15 PM [vite] page reload coverage-e2e/src/types/locale.ts.html
2:24:15 PM [vite] page reload coverage-e2e/src/types/react-pdf-highlighter-extended.d.ts.html
2:24:15 PM [vite] page reload coverage-e2e/src/store/globalStore.ts.html
2:24:15 PM [vite] page reload coverage-e2e/src/store/index.html
2:24:15 PM [vite] page reload coverage-e2e/src/store/projectStore.ts.html
2:24:15 PM [vite] page reload coverage-e2e/src/store/reconciliationStore.ts.html
2:24:15 PM [vite] page reload coverage-e2e/src/store/useAuthStore.ts.html
2:24:15 PM [vite] page reload coverage-e2e/src/store/useIngestionStore.ts.html
2:24:15 PM [vite] page reload coverage-e2e/src/store/useUIStore.ts.html
2:24:15 PM [vite] page reload coverage-e2e/src/services/CaseSyncEngine.ts.html
2:24:15 PM [vite] page reload coverage-e2e/src/services/EvidenceScorer.ts.html
2:24:15 PM [vite] page reload coverage-e2e/src/services/ai.ts.html
2:24:15 PM [vite] page reload coverage-e2e/src/services/alerts.ts.html
2:24:15 PM [vite] page reload coverage-e2e/src/services/approvalService.ts.html
2:24:15 PM [vite] page reload coverage-e2e/src/services/auth.ts.html
2:24:15 PM [vite] page reload coverage-e2e/src/services/cases.ts.html
2:24:15 PM [vite] page reload coverage-e2e/src/services/client.ts.html
2:24:15 PM [vite] page reload coverage-e2e/src/services/compliance.ts.html
2:24:15 PM [vite] page reload coverage-e2e/src/services/complianceMonitoring.ts.html
2:24:15 PM [vite] page reload coverage-e2e/src/services/costOptimization.ts.html
2:24:15 PM [vite] page reload coverage-e2e/src/services/diagnosticsService.ts.html
2:24:15 PM [vite] page reload coverage-e2e/src/services/draftPreviewService.ts.html
2:24:15 PM [vite] page reload coverage-e2e/src/services/errorReporting.ts.html
2:24:15 PM [vite] page reload coverage-e2e/src/services/evidence.ts.html
2:24:15 PM [vite] page reload coverage-e2e/src/services/fileProcessing.ts.html
2:24:15 PM [vite] page reload coverage-e2e/src/services/graph.ts.html
2:24:15 PM [vite] page reload coverage-e2e/src/services/index.html
2:24:15 PM [vite] page reload coverage-e2e/src/services/integrations.ts.html
2:24:15 PM [vite] page reload coverage-e2e/src/services/intelligenceService.ts.html
2:24:15 PM [vite] page reload coverage-e2e/src/services/monitoring.ts.html
2:24:15 PM [vite] page reload coverage-e2e/src/services/notifications.ts.html
2:24:15 PM [vite] page reload coverage-e2e/src/services/onboarding.ts.html
2:24:15 PM [vite] page reload coverage-e2e/src/services/reconciliation.ts.html
2:24:15 PM [vite] page reload coverage-e2e/src/services/reporting.ts.html
2:24:15 PM [vite] page reload coverage-e2e/src/services/settings.ts.html
2:24:15 PM [vite] page reload coverage-e2e/src/services/socket.ts.html
2:24:15 PM [vite] page reload coverage-e2e/src/services/sync.ts.html
2:24:15 PM [vite] page reload coverage-e2e/src/services/syncOrchestrator.ts.html
2:24:15 PM [vite] page reload coverage-e2e/src/services/user.ts.html
2:24:15 PM [vite] page reload coverage-e2e/src/providers/AppProviders.tsx.html
2:24:15 PM [vite] page reload coverage-e2e/src/providers/AuthProvider.tsx.html
2:24:15 PM [vite] page reload coverage-e2e/src/providers/AuthenticationProvider.tsx.html
2:24:15 PM [vite] page reload coverage-e2e/src/providers/LocaleProvider.tsx.html
2:24:15 PM [vite] page reload coverage-e2e/src/providers/NetworkStatusProvider.tsx.html
2:24:15 PM [vite] page reload coverage-e2e/src/providers/OfflineQueueContext.tsx.html
2:24:15 PM [vite] page reload coverage-e2e/src/providers/ToastProvider.tsx.html
2:24:15 PM [vite] page reload coverage-e2e/src/providers/WebSocketProvider.tsx.html
2:24:15 PM [vite] page reload coverage-e2e/src/providers/index.html
2:24:15 PM [vite] page reload coverage-e2e/src/pages/AdjudicationQueue.tsx.html
2:24:15 PM [vite] page reload coverage-e2e/src/pages/AgentApprovals.tsx.html
2:24:15 PM [vite] page reload coverage-e2e/src/pages/AgentDrafts.tsx.html
2:24:15 PM [vite] page reload coverage-e2e/src/pages/Cases.tsx.html
2:24:15 PM [vite] page reload coverage-e2e/src/pages/CasesRefactored.tsx.html
2:24:15 PM [vite] page reload coverage-e2e/src/pages/ComplianceMonitoring.tsx.html
2:24:15 PM [vite] page reload coverage-e2e/src/pages/Dashboard.tsx.html
2:24:15 PM [vite] page reload coverage-e2e/src/pages/DesignSystemShowcase.tsx.html
2:24:15 PM [vite] page reload coverage-e2e/src/pages/EnhancedEvidenceLocker.tsx.html
2:24:15 PM [vite] page reload coverage-e2e/src/pages/Forensics.tsx.html
2:24:15 PM [vite] page reload coverage-e2e/src/pages/ForensicsRefactored.tsx.html
2:24:15 PM [vite] page reload coverage-e2e/src/pages/Ingestion.tsx.html
2:24:15 PM [vite] page reload coverage-e2e/src/pages/Investigation.tsx.html
2:24:15 PM [vite] page reload coverage-e2e/src/pages/Login.tsx.html
2:24:15 PM [vite] page reload coverage-e2e/src/pages/NetworkAnalysis.tsx.html
2:24:15 PM [vite] page reload coverage-e2e/src/pages/NotFound.tsx.html
2:24:15 PM [vite] page reload coverage-e2e/src/pages/PerformanceDashboard.tsx.html
2:24:15 PM [vite] page reload coverage-e2e/src/pages/ProjectSelection.tsx.html
2:24:15 PM [vite] page reload coverage-e2e/src/pages/ProofVisualizationRoute.tsx.html
2:24:15 PM [vite] page reload coverage-e2e/src/pages/Reconciliation.tsx.html
2:24:15 PM [vite] page reload coverage-e2e/src/pages/RegulatoryIntelligence.tsx.html
2:24:15 PM [vite] page reload coverage-e2e/src/pages/Reporting.tsx.html
2:24:15 PM [vite] page reload coverage-e2e/src/pages/SARCreation.tsx.html
2:24:15 PM [vite] page reload coverage-e2e/src/pages/Settings.tsx.html
2:24:15 PM [vite] page reload coverage-e2e/src/pages/Setup.tsx.html
2:24:15 PM [vite] page reload coverage-e2e/src/pages/SystemDiagnosticsCenter.tsx.html
2:24:15 PM [vite] page reload coverage-e2e/src/pages/index.html
2:24:15 PM [vite] page reload coverage-e2e/src/pages/settings/components/GeneralTab.tsx.html
2:24:15 PM [vite] page reload coverage-e2e/src/pages/settings/components/index.html
2:24:15 PM [vite] page reload coverage-e2e/src/lib/AIFraudDetection.ts.html
2:24:15 PM [vite] page reload coverage-e2e/src/lib/LocalDataManager.ts.html
2:24:15 PM [vite] page reload coverage-e2e/src/lib/accessibility.ts.html
2:24:15 PM [vite] page reload coverage-e2e/src/lib/advancedAI.ts.html
2:24:15 PM [vite] page reload coverage-e2e/src/lib/advancedMonitoring.ts.html
2:24:15 PM [vite] page reload coverage-e2e/src/lib/advancedTesting.ts.html
2:24:15 PM [vite] page reload coverage-e2e/src/lib/api.ts.html
2:24:15 PM [vite] page reload coverage-e2e/src/lib/chaosEngineering.ts.html
2:24:15 PM [vite] page reload coverage-e2e/src/lib/circuitBreaker.ts.html
2:24:15 PM [vite] page reload coverage-e2e/src/lib/electron.ts.html
2:24:15 PM [vite] page reload coverage-e2e/src/lib/formatters.ts.html
2:24:15 PM [vite] page reload coverage-e2e/src/lib/index.html
2:24:15 PM [vite] page reload coverage-e2e/src/lib/keyboardShortcuts.ts.html
2:24:15 PM [vite] page reload coverage-e2e/src/lib/reliabilityManager.ts.html
2:24:15 PM [vite] page reload coverage-e2e/src/lib/testGenerator.ts.html
2:24:15 PM [vite] page reload coverage-e2e/src/lib/utils.ts.html
2:24:15 PM [vite] page reload coverage-e2e/src/lib/accessibility/aria-helpers.ts.html
2:24:15 PM [vite] page reload coverage-e2e/src/lib/accessibility/focus-management.ts.html
2:24:15 PM [vite] page reload coverage-e2e/src/lib/accessibility/index.html
2:24:15 PM [vite] page reload coverage-e2e/src/lib/accessibility/keyboard-navigation.ts.html
2:24:15 PM [vite] page reload coverage-e2e/src/i18n/config.ts.html
2:24:15 PM [vite] page reload coverage-e2e/src/i18n/index.html
2:24:15 PM [vite] page reload coverage-e2e/src/hooks/index.html
2:24:15 PM [vite] page reload coverage-e2e/src/hooks/use-toast.ts.html
2:24:15 PM [vite] page reload coverage-e2e/src/hooks/useAccessibility.ts.html
2:24:15 PM [vite] page reload coverage-e2e/src/hooks/useAlerts.ts.html
2:24:15 PM [vite] page reload coverage-e2e/src/hooks/useApiError.ts.html
2:24:15 PM [vite] page reload coverage-e2e/src/hooks/useApiWithRetry.ts.html
2:24:15 PM [vite] page reload coverage-e2e/src/hooks/useAuth.ts.html
2:24:15 PM [vite] page reload coverage-e2e/src/hooks/useCases.ts.html
2:24:15 PM [vite] page reload coverage-e2e/src/hooks/useCollaboration.ts.html
2:24:15 PM [vite] page reload coverage-e2e/src/hooks/useContextAwareAI.ts.html
2:24:15 PM [vite] page reload coverage-e2e/src/hooks/useDashboard.ts.html
2:24:15 PM [vite] page reload coverage-e2e/src/hooks/useDashboardMetrics.ts.html
2:24:15 PM [vite] page reload coverage-e2e/src/hooks/useEvidence.ts.html
2:24:15 PM [vite] page reload coverage-e2e/src/hooks/useFormValidation.ts.html
2:24:15 PM [vite] page reload coverage-e2e/src/hooks/useGraphData.ts.html
2:24:15 PM [vite] page reload coverage-e2e/src/hooks/useHttpClient.tsx.html
2:24:15 PM [vite] page reload coverage-e2e/src/hooks/useKeyboardNavigation.tsx.html
2:24:15 PM [vite] page reload coverage-e2e/src/hooks/useMemoryCleanup.ts.html
2:24:15 PM [vite] page reload coverage-e2e/src/hooks/useNetworkStatus.ts.html
2:24:15 PM [vite] page reload coverage-e2e/src/hooks/useOfflineQueue.ts.html
2:24:15 PM [vite] page reload coverage-e2e/src/hooks/usePerformanceMonitor.ts.html
2:24:15 PM [vite] page reload coverage-e2e/src/hooks/usePersistedState.ts.html
2:24:15 PM [vite] page reload coverage-e2e/src/hooks/useResizeObserver.ts.html
2:24:15 PM [vite] page reload coverage-e2e/src/hooks/useRoleBasedLayout.ts.html
2:24:15 PM [vite] page reload coverage-e2e/src/hooks/useSanitizedHTML.tsx.html
2:24:15 PM [vite] page reload coverage-e2e/src/hooks/useSettings.ts.html
2:24:15 PM [vite] page reload coverage-e2e/src/hooks/useTouchGestures.ts.html
2:24:15 PM [vite] page reload coverage-e2e/src/hooks/useWebSocketClient.tsx.html
2:24:15 PM [vite] page reload coverage-e2e/src/hooks/useWebSocketQueue.ts.html
2:24:15 PM [vite] page reload coverage-e2e/src/context/AIContext.tsx.html
2:24:15 PM [vite] page reload coverage-e2e/src/context/AccessibilityContext.tsx.html
2:24:15 PM [vite] page reload coverage-e2e/src/context/AuthContext.ts.html
2:24:15 PM [vite] page reload coverage-e2e/src/context/NetworkStatusContext.ts.html
2:24:15 PM [vite] page reload coverage-e2e/src/context/OfflineQueueContext.ts.html
2:24:15 PM [vite] page reload coverage-e2e/src/context/TourContext.tsx.html
2:24:15 PM [vite] page reload coverage-e2e/src/context/index.html
2:24:15 PM [vite] page reload coverage-e2e/src/components/ApprovalQueue.tsx.html
2:24:15 PM [vite] page reload coverage-e2e/src/components/CaseProgressBar.tsx.html
2:24:15 PM [vite] page reload coverage-e2e/src/components/CollaborativeEditor.tsx.html
2:24:15 PM [vite] page reload coverage-e2e/src/components/DigitalDossierGenerator.tsx.html
2:24:15 PM [vite] page reload coverage-e2e/src/components/ErrorBoundary.tsx.html
2:24:15 PM [vite] page reload coverage-e2e/src/components/OnboardingWizard.tsx.html
2:24:15 PM [vite] page reload coverage-e2e/src/components/index.html
2:24:15 PM [vite] page reload coverage-e2e/src/components/visualizations/NetworkGraph.tsx.html
2:24:15 PM [vite] page reload coverage-e2e/src/components/visualizations/index.html
2:24:15 PM [vite] page reload coverage-e2e/src/components/ui/AIInsights.tsx.html
2:24:15 PM [vite] page reload coverage-e2e/src/components/ui/AccessibleButton.tsx.html
2:24:15 PM [vite] page reload coverage-e2e/src/components/ui/AccessibleForm.tsx.html
2:24:15 PM [vite] page reload coverage-e2e/src/components/ui/AccessibleModal.tsx.html
2:24:15 PM [vite] page reload coverage-e2e/src/components/ui/AgentStatusStream.tsx.html
2:24:15 PM [vite] page reload coverage-e2e/src/components/ui/Alert.tsx.html
2:24:15 PM [vite] page reload coverage-e2e/src/components/ui/Avatar.tsx.html
2:24:15 PM [vite] page reload coverage-e2e/src/components/ui/Badge.tsx.html
2:24:15 PM [vite] page reload coverage-e2e/src/components/ui/Button.tsx.html
2:24:15 PM [vite] page reload coverage-e2e/src/components/ui/Card.tsx.html
2:24:15 PM [vite] page reload coverage-e2e/src/components/ui/Checkbox.tsx.html
2:24:15 PM [vite] page reload coverage-e2e/src/components/ui/DataGrid.tsx.html
2:24:15 PM [vite] page reload coverage-e2e/src/components/ui/Dialog.tsx.html
2:24:15 PM [vite] page reload coverage-e2e/src/components/ui/DraftPreview.tsx.html
2:24:15 PM [vite] page reload coverage-e2e/src/components/ui/FileDropZone.tsx.html
2:24:15 PM [vite] page reload coverage-e2e/src/components/ui/Input.tsx.html
2:24:15 PM [vite] page reload coverage-e2e/src/components/ui/KeyboardShortcutsModal.tsx.html
2:24:15 PM [vite] page reload coverage-e2e/src/components/ui/Label.tsx.html
2:24:15 PM [vite] page reload coverage-e2e/src/components/ui/Pagination.tsx.html
2:24:15 PM [vite] page reload coverage-e2e/src/components/ui/Progress.tsx.html
2:24:15 PM [vite] page reload coverage-e2e/src/components/ui/ProgressBar.tsx.html
2:24:15 PM [vite] page reload coverage-e2e/src/components/ui/ProgressiveDisclosure.tsx.html
2:24:15 PM [vite] page reload coverage-e2e/src/components/ui/ResizablePanel.tsx.html
2:24:15 PM [vite] page reload coverage-e2e/src/components/ui/ScrollArea.tsx.html
2:24:15 PM [vite] page reload coverage-e2e/src/components/ui/Select.tsx.html
2:24:15 PM [vite] page reload coverage-e2e/src/components/ui/SemanticSearch.tsx.html
2:24:15 PM [vite] page reload coverage-e2e/src/components/ui/Separator.tsx.html
2:24:15 PM [vite] page reload coverage-e2e/src/components/ui/Skeleton.tsx.html
2:24:15 PM [vite] page reload coverage-e2e/src/components/ui/Slider.tsx.html
2:24:15 PM [vite] page reload coverage-e2e/src/components/ui/SplitView.tsx.html
2:24:15 PM [vite] page reload coverage-e2e/src/components/ui/StandardizedErrorDisplay.tsx.html
2:24:15 PM [vite] page reload coverage-e2e/src/components/ui/StatusIndicator.tsx.html
2:24:15 PM [vite] page reload coverage-e2e/src/components/ui/Switch.tsx.html
2:24:15 PM [vite] page reload coverage-e2e/src/components/ui/SyncStatus.tsx.html
2:24:15 PM [vite] page reload coverage-e2e/src/components/ui/Table.tsx.html
2:24:15 PM [vite] page reload coverage-e2e/src/components/ui/Tabs.tsx.html
2:24:15 PM [vite] page reload coverage-e2e/src/components/ui/Textarea.tsx.html
2:24:15 PM [vite] page reload coverage-e2e/src/components/ui/VirtualList.tsx.html
2:24:15 PM [vite] page reload coverage-e2e/src/components/ui/VirtualizedList.tsx.html
2:24:15 PM [vite] page reload coverage-e2e/src/components/ui/index.html
2:24:15 PM [vite] page reload coverage-e2e/src/components/settings/AccessibilitySettings.tsx.html
2:24:15 PM [vite] page reload coverage-e2e/src/components/settings/AuditLogViewer.tsx.html
2:24:15 PM [vite] page reload coverage-e2e/src/components/settings/GeneralSettings.tsx.html
2:24:15 PM [vite] page reload coverage-e2e/src/components/settings/HealthGauges.tsx.html
2:24:15 PM [vite] page reload coverage-e2e/src/components/settings/NotificationSettings.tsx.html
2:24:15 PM [vite] page reload coverage-e2e/src/components/settings/PermissionMatrix.tsx.html
2:24:15 PM [vite] page reload coverage-e2e/src/components/settings/RuleBuilder.tsx.html
2:24:15 PM [vite] page reload coverage-e2e/src/components/settings/SecuritySettings.tsx.html
2:24:15 PM [vite] page reload coverage-e2e/src/components/settings/SettingsErrorState.tsx.html
2:24:15 PM [vite] page reload coverage-e2e/src/components/settings/SettingsHeader.tsx.html
2:24:15 PM [vite] page reload coverage-e2e/src/components/settings/SettingsLayout.tsx.html
2:24:15 PM [vite] page reload coverage-e2e/src/components/settings/SettingsNavigation.tsx.html
2:24:15 PM [vite] page reload coverage-e2e/src/components/settings/SettingsSkeleton.tsx.html
2:24:15 PM [vite] page reload coverage-e2e/src/components/settings/SystemSettings.tsx.html
2:24:15 PM [vite] page reload coverage-e2e/src/components/settings/index.html
2:24:15 PM [vite] page reload coverage-e2e/src/components/settings/index.ts.html
2:24:15 PM [vite] page reload coverage-e2e/src/components/settings/i18n/LanguageSwitcher.tsx.html
2:24:15 PM [vite] page reload coverage-e2e/src/components/settings/i18n/index.html
2:24:15 PM [vite] page reload coverage-e2e/src/components/reporting/AIWriter.tsx.html
2:24:15 PM [vite] page reload coverage-e2e/src/components/reporting/AutoReportGenerator.tsx.html
2:24:15 PM [vite] page reload coverage-e2e/src/components/reporting/ConclusionWizard.tsx.html
2:24:15 PM [vite] page reload coverage-e2e/src/components/reporting/DossierExport.tsx.html
2:24:15 PM [vite] page reload coverage-e2e/src/components/reporting/FinancialHealth.tsx.html
2:24:15 PM [vite] page reload coverage-e2e/src/components/reporting/KeyFindings.tsx.html
2:24:15 PM [vite] page reload coverage-e2e/src/components/reporting/ProjectTracker.tsx.html
2:24:15 PM [vite] page reload coverage-e2e/src/components/reporting/ReportBuilder.tsx.html
2:24:15 PM [vite] page reload coverage-e2e/src/components/reporting/SuccessBanner.tsx.html
2:24:15 PM [vite] page reload coverage-e2e/src/components/reporting/SummaryPreview.tsx.html
2:24:15 PM [vite] page reload coverage-e2e/src/components/reporting/index.html
2:24:15 PM [vite] page reload coverage-e2e/src/components/recon/ExceptionQueue.tsx.html
2:24:15 PM [vite] page reload coverage-e2e/src/components/recon/MatchCanvas.tsx.html
2:24:15 PM [vite] page reload coverage-e2e/src/components/recon/TransactionCard.tsx.html
2:24:15 PM [vite] page reload coverage-e2e/src/components/recon/index.html
2:24:15 PM [vite] page reload coverage-e2e/src/components/performance/PerformanceDashboard.tsx.html
2:24:15 PM [vite] page reload coverage-e2e/src/components/performance/index.html
2:24:15 PM [vite] page reload coverage-e2e/src/components/monitoring/MonitoringDashboard.tsx.html
2:24:15 PM [vite] page reload coverage-e2e/src/components/monitoring/PerformanceDashboard.tsx.html
2:24:15 PM [vite] page reload coverage-e2e/src/components/monitoring/SystemOrchestrationDashboard.tsx.html
2:24:15 PM [vite] page reload coverage-e2e/src/components/monitoring/index.html
2:24:15 PM [vite] page reload coverage-e2e/src/components/layout/AppLayout.tsx.html
2:24:15 PM [vite] page reload coverage-e2e/src/components/layout/Header.tsx.html
2:24:15 PM [vite] page reload coverage-e2e/src/components/layout/Sidebar.tsx.html
2:24:15 PM [vite] page reload coverage-e2e/src/components/layout/index.html
2:24:15 PM [vite] page reload coverage-e2e/src/components/investigation/CanvasArea.tsx.html
2:24:15 PM [vite] page reload coverage-e2e/src/components/investigation/EntityForm.tsx.html
2:24:15 PM [vite] page reload coverage-e2e/src/components/investigation/EntityNode.tsx.html
2:24:15 PM [vite] page reload coverage-e2e/src/components/investigation/EntityRegistry.tsx.html
2:24:15 PM [vite] page reload coverage-e2e/src/components/investigation/EvidenceItem.tsx.html
2:24:15 PM [vite] page reload coverage-e2e/src/components/investigation/GraphCanvas.tsx.html
2:24:15 PM [vite] page reload coverage-e2e/src/components/investigation/InvestigationCanvas.tsx.html
2:24:15 PM [vite] page reload coverage-e2e/src/components/investigation/InvestigationSkeleton.tsx.html
2:24:15 PM [vite] page reload coverage-e2e/src/components/investigation/NodeInspector.tsx.html
2:24:15 PM [vite] page reload coverage-e2e/src/components/investigation/PathfindingVisualizer.tsx.html
2:24:15 PM [vite] page reload coverage-e2e/src/components/investigation/RelationshipForm.tsx.html
2:24:15 PM [vite] page reload coverage-e2e/src/components/investigation/ThreeDGraph.tsx.html
2:24:15 PM [vite] page reload coverage-e2e/src/components/investigation/index.html
2:24:15 PM [vite] page reload coverage-e2e/src/components/intelligence/AutoReportGenerator.tsx.html
2:24:15 PM [vite] page reload coverage-e2e/src/components/intelligence/CourtDocumentGenerator.tsx.html
2:24:15 PM [vite] page reload coverage-e2e/src/components/intelligence/PredictiveDashboard.tsx.html
2:24:15 PM [vite] page reload coverage-e2e/src/components/intelligence/index.html
2:24:15 PM [vite] page reload coverage-e2e/src/components/integration/AnalyticsTab.tsx.html
2:24:15 PM [vite] page reload coverage-e2e/src/components/integration/EventBusTab.tsx.html
2:24:15 PM [vite] page reload coverage-e2e/src/components/integration/GraphQLTab.tsx.html
2:24:15 PM [vite] page reload coverage-e2e/src/components/integration/IntegrationsTab.tsx.html
2:24:15 PM [vite] page reload coverage-e2e/src/components/integration/MarketplaceTab.tsx.html
2:24:15 PM [vite] page reload coverage-e2e/src/components/integration/OverviewTab.tsx.html
2:24:15 PM [vite] page reload coverage-e2e/src/components/integration/index.html
2:24:15 PM [vite] page reload coverage-e2e/src/components/ingestion/DataMapping.tsx.html
2:24:15 PM [vite] page reload coverage-e2e/src/components/ingestion/IngestionStepper.tsx.html
2:24:15 PM [vite] page reload coverage-e2e/src/components/ingestion/index.html
2:24:15 PM [vite] page reload coverage-e2e/src/components/i18n/LanguageSwitcher.tsx.html
2:24:15 PM [vite] page reload coverage-e2e/src/components/i18n/index.html
2:24:15 PM [vite] page reload coverage-e2e/src/components/i18n/index.ts.html
2:24:15 PM [vite] page reload coverage-e2e/src/components/graph/EntityGraph3DWebGL.tsx.html
2:24:15 PM [vite] page reload coverage-e2e/src/components/graph/index.html
2:24:15 PM [vite] page reload coverage-e2e/src/components/fraud/FraudRuleBuilder.tsx.html
2:24:15 PM [vite] page reload coverage-e2e/src/components/fraud/index.html
2:24:15 PM [vite] page reload coverage-e2e/src/components/forensics/EvidenceList.tsx.html
2:24:15 PM [vite] page reload coverage-e2e/src/components/forensics/EvidenceViewer.tsx.html
2:24:15 PM [vite] page reload coverage-e2e/src/components/forensics/ForensicsErrorState.tsx.html
2:24:15 PM [vite] page reload coverage-e2e/src/components/forensics/ForensicsLayout.tsx.html
2:24:15 PM [vite] page reload coverage-e2e/src/components/forensics/ForensicsSkeleton.tsx.html
2:24:15 PM [vite] page reload coverage-e2e/src/components/forensics/ForensicsToolbar.tsx.html
2:24:15 PM [vite] page reload coverage-e2e/src/components/forensics/PdfViewer.tsx.html
2:24:15 PM [vite] page reload coverage-e2e/src/components/forensics/index.html
2:24:15 PM [vite] page reload coverage-e2e/src/components/forensics/index.ts.html
2:24:15 PM [vite] page reload coverage-e2e/src/components/evidence/DocumentViewer.tsx.html
2:24:15 PM [vite] page reload coverage-e2e/src/components/evidence/EvidenceViewer.tsx.html
2:24:15 PM [vite] page reload coverage-e2e/src/components/evidence/FolderTree.tsx.html
2:24:15 PM [vite] page reload coverage-e2e/src/components/evidence/ForensicCanvas.tsx.html
2:24:15 PM [vite] page reload coverage-e2e/src/components/evidence/HypothesisBoard.tsx.html
2:24:15 PM [vite] page reload coverage-e2e/src/components/evidence/MensReaAnalyzer.tsx.html
2:24:15 PM [vite] page reload coverage-e2e/src/components/evidence/TamperDetector.tsx.html
2:24:15 PM [vite] page reload coverage-e2e/src/components/evidence/UploadWizard.tsx.html
2:24:15 PM [vite] page reload coverage-e2e/src/components/evidence/index.html
2:24:15 PM [vite] page reload coverage-e2e/src/components/dashboard/AIWatchtower.tsx.html
2:24:15 PM [vite] page reload coverage-e2e/src/components/dashboard/CostOptimizationWidget.tsx.html
2:24:15 PM [vite] page reload coverage-e2e/src/components/dashboard/LiveQueue.tsx.html
2:24:15 PM [vite] page reload coverage-e2e/src/components/dashboard/MetricCard.tsx.html
2:24:15 PM [vite] page reload coverage-e2e/src/components/dashboard/MetricSparkline.tsx.html
2:24:15 PM [vite] page reload coverage-e2e/src/components/dashboard/MovableDashboard.tsx.html
2:24:15 PM [vite] page reload coverage-e2e/src/components/dashboard/PredictiveDashboard.tsx.html
2:24:15 PM [vite] page reload coverage-e2e/src/components/dashboard/ProofVisualizationCard.tsx.html
2:24:15 PM [vite] page reload coverage-e2e/src/components/dashboard/RiskDistributionChart.tsx.html
2:24:15 PM [vite] page reload coverage-e2e/src/components/dashboard/ThreatMap.tsx.html
2:24:15 PM [vite] page reload coverage-e2e/src/components/dashboard/VolumeChart.tsx.html
2:24:15 PM [vite] page reload coverage-e2e/src/components/dashboard/index.html
2:24:15 PM [vite] page reload coverage-e2e/src/components/compliance/SARCreationWizard.tsx.html
2:24:15 PM [vite] page reload coverage-e2e/src/components/compliance/index.html
2:24:15 PM [vite] page reload coverage-e2e/src/components/common/EmptyState.tsx.html
2:24:15 PM [vite] page reload coverage-e2e/src/components/common/ErrorBoundary.tsx.html
2:24:15 PM [vite] page reload coverage-e2e/src/components/common/EvidenceSpotlight.tsx.html
2:24:15 PM [vite] page reload coverage-e2e/src/components/common/JourneyProgress.tsx.html
2:24:15 PM [vite] page reload coverage-e2e/src/components/common/ProjectSwitcher.tsx.html
2:24:15 PM [vite] page reload coverage-e2e/src/components/common/RookieChecklist.tsx.html
2:24:15 PM [vite] page reload coverage-e2e/src/components/common/Spinner.tsx.html
2:24:15 PM [vite] page reload coverage-e2e/src/components/common/TourSpotlight.tsx.html
2:24:15 PM [vite] page reload coverage-e2e/src/components/common/WelcomeMessage.tsx.html
2:24:15 PM [vite] page reload coverage-e2e/src/components/common/index.html
2:24:15 PM [vite] page reload coverage-e2e/src/components/collaboration/CollaborativeEditor.tsx.html
2:24:15 PM [vite] page reload coverage-e2e/src/components/collaboration/EvidenceBoard.tsx.html
2:24:15 PM [vite] page reload coverage-e2e/src/components/collaboration/HypothesisBoard.tsx.html
2:24:15 PM [vite] page reload coverage-e2e/src/components/collaboration/MensReaAnalyzer.tsx.html
2:24:15 PM [vite] page reload coverage-e2e/src/components/collaboration/index.html
2:24:15 PM [vite] page reload coverage-e2e/src/components/cases/CaseActions.tsx.html
2:24:15 PM [vite] page reload coverage-e2e/src/components/cases/CaseHeader.tsx.html
2:24:15 PM [vite] page reload coverage-e2e/src/components/cases/CaseKanban.tsx.html
2:24:15 PM [vite] page reload coverage-e2e/src/components/cases/CasePreviewDrawer.tsx.html
2:24:15 PM [vite] page reload coverage-e2e/src/components/cases/CaseTable.tsx.html
2:24:15 PM [vite] page reload coverage-e2e/src/components/cases/FacetedFilter.tsx.html
2:24:15 PM [vite] page reload coverage-e2e/src/components/cases/InvestigationWizard.tsx.html
2:24:15 PM [vite] page reload coverage-e2e/src/components/cases/NewInvestigationWizard.tsx.html
2:24:15 PM [vite] page reload coverage-e2e/src/components/cases/RichCaseCard.tsx.html
2:24:15 PM [vite] page reload coverage-e2e/src/components/cases/index.html
2:24:15 PM [vite] page reload coverage-e2e/src/components/auth/LoginForm.tsx.html
2:24:15 PM [vite] page reload coverage-e2e/src/components/auth/index.html
2:24:15 PM [vite] page reload coverage-e2e/src/components/ai/AIAssistant.tsx.html
2:24:15 PM [vite] page reload coverage-e2e/src/components/ai/AIIntelligenceDashboard.tsx.html
2:24:15 PM [vite] page reload coverage-e2e/src/components/ai/AdvancedComplianceDashboard.tsx.html
2:24:15 PM [vite] page reload coverage-e2e/src/components/ai/CodeReviewDashboard.tsx.html
2:24:15 PM [vite] page reload coverage-e2e/src/components/ai/PredictiveMaintenanceDashboard.tsx.html
2:24:15 PM [vite] page reload coverage-e2e/src/components/ai/index.html
2:24:15 PM [vite] page reload coverage-e2e/src/components/advanced/ai/AiPerformanceMonitor.tsx.html
2:24:15 PM [vite] page reload coverage-e2e/src/components/advanced/ai/MultimodalAnalyzer.tsx.html
2:24:15 PM [vite] page reload coverage-e2e/src/components/advanced/ai/RagSearchInterface.tsx.html
2:24:15 PM [vite] page reload coverage-e2e/src/components/advanced/ai/RedTeamDashboard.tsx.html
2:24:15 PM [vite] page reload coverage-e2e/src/components/advanced/ai/index.html
2:24:15 PM [vite] page reload coverage-e2e/src/components/adjudication/AdjudicationLayout.tsx.html
2:24:15 PM [vite] page reload coverage-e2e/src/components/adjudication/AlertDetail.tsx.html
2:24:15 PM [vite] page reload coverage-e2e/src/components/adjudication/AlertList.tsx.html
2:24:15 PM [vite] page reload coverage-e2e/src/components/adjudication/AlertListItem.tsx.html
2:24:15 PM [vite] page reload coverage-e2e/src/components/adjudication/ContextTabs.tsx.html
2:24:15 PM [vite] page reload coverage-e2e/src/components/adjudication/DecisionPanel.tsx.html
2:24:15 PM [vite] page reload coverage-e2e/src/components/adjudication/index.html
2:24:15 PM [vite] page reload coverage-e2e/src/components/adjudication/tabs/AIReasoningTab.tsx.html
2:24:15 PM [vite] page reload coverage-e2e/src/components/adjudication/tabs/ContextTab.tsx.html
2:24:15 PM [vite] page reload coverage-e2e/src/components/adjudication/tabs/GraphTab.tsx.html
2:24:15 PM [vite] page reload coverage-e2e/src/components/adjudication/tabs/HistoryTab.tsx.html
2:24:15 PM [vite] page reload coverage-e2e/src/components/adjudication/tabs/index.html
2:24:15 PM [vite] page reload coverage-e2e/src/components/accessibility/AccessibilityChecker.tsx.html
2:24:15 PM [vite] page reload coverage-e2e/src/components/accessibility/AccessibilitySettings.tsx.html
2:24:15 PM [vite] page reload coverage-e2e/src/components/accessibility/index.html
2:24:15 PM [vite] page reload coverage-e2e/lcov-report/src/App.tsx.html
2:24:15 PM [vite] page reload coverage-e2e/lcov-report/src/config.ts.html
2:24:15 PM [vite] page reload coverage-e2e/lcov-report/src/index.html
2:24:15 PM [vite] page reload coverage-e2e/lcov-report/src/main.tsx.html
2:24:15 PM [vite] page reload coverage-e2e/lcov-report/src/vite-env.d.ts.html
2:24:15 PM [vite] page reload coverage-e2e/lcov-report/src/utils/antiDebug.ts.html
2:24:15 PM [vite] page reload coverage-e2e/lcov-report/src/utils/csrfProtection.ts.html
2:24:15 PM [vite] page reload coverage-e2e/lcov-report/src/utils/electron.ts.html
2:24:15 PM [vite] page reload coverage-e2e/lcov-report/src/utils/electronStore.ts.html
2:24:15 PM [vite] page reload coverage-e2e/lcov-report/src/utils/errorHandler.ts.html
2:24:15 PM [vite] page reload coverage-e2e/lcov-report/src/utils/index.html
2:24:15 PM [vite] page reload coverage-e2e/lcov-report/src/utils/logger.ts.html
2:24:15 PM [vite] page reload coverage-e2e/lcov-report/src/utils/performanceMonitor.ts.html
2:24:15 PM [vite] page reload coverage-e2e/lcov-report/src/utils/secureLogger.ts.html
2:24:15 PM [vite] page reload coverage-e2e/lcov-report/src/utils/secureRandom.ts.html
2:24:15 PM [vite] page reload coverage-e2e/lcov-report/src/utils/secureTokenStorage.ts.html
2:24:15 PM [vite] page reload coverage-e2e/lcov-report/src/utils/validation.ts.html
2:24:15 PM [vite] page reload coverage-e2e/lcov-report/src/utils/verifyIntegrity.ts.html
2:24:15 PM [vite] page reload coverage-e2e/lcov-report/src/utils/webVitals.ts.html
2:24:15 PM [vite] page reload coverage-e2e/lcov-report/src/types/declarations.d.ts.html
2:24:15 PM [vite] page reload coverage-e2e/lcov-report/src/types/electron.d.ts.html
2:24:15 PM [vite] page reload coverage-e2e/lcov-report/src/types/index.html
2:24:15 PM [vite] page reload coverage-e2e/lcov-report/src/types/locale.ts.html
2:24:15 PM [vite] page reload coverage-e2e/lcov-report/src/types/react-pdf-highlighter-extended.d.ts.html
2:24:15 PM [vite] page reload coverage-e2e/lcov-report/src/store/globalStore.ts.html
2:24:15 PM [vite] page reload coverage-e2e/lcov-report/src/store/index.html
2:24:15 PM [vite] page reload coverage-e2e/lcov-report/src/store/projectStore.ts.html
2:24:15 PM [vite] page reload coverage-e2e/lcov-report/src/store/reconciliationStore.ts.html
2:24:15 PM [vite] page reload coverage-e2e/lcov-report/src/store/useAuthStore.ts.html
2:24:15 PM [vite] page reload coverage-e2e/lcov-report/src/store/useIngestionStore.ts.html
2:24:15 PM [vite] page reload coverage-e2e/lcov-report/src/store/useUIStore.ts.html
2:24:15 PM [vite] page reload coverage-e2e/lcov-report/src/services/CaseSyncEngine.ts.html
2:24:15 PM [vite] page reload coverage-e2e/lcov-report/src/services/EvidenceScorer.ts.html
2:24:15 PM [vite] page reload coverage-e2e/lcov-report/src/services/ai.ts.html
2:24:15 PM [vite] page reload coverage-e2e/lcov-report/src/services/alerts.ts.html
2:24:15 PM [vite] page reload coverage-e2e/lcov-report/src/services/approvalService.ts.html
2:24:15 PM [vite] page reload coverage-e2e/lcov-report/src/services/auth.ts.html
2:24:15 PM [vite] page reload coverage-e2e/lcov-report/src/services/cases.ts.html
2:24:15 PM [vite] page reload coverage-e2e/lcov-report/src/services/client.ts.html
2:24:15 PM [vite] page reload coverage-e2e/lcov-report/src/services/compliance.ts.html
2:24:15 PM [vite] page reload coverage-e2e/lcov-report/src/services/complianceMonitoring.ts.html
2:24:15 PM [vite] page reload coverage-e2e/lcov-report/src/services/costOptimization.ts.html
2:24:15 PM [vite] page reload coverage-e2e/lcov-report/src/services/diagnosticsService.ts.html
2:24:15 PM [vite] page reload coverage-e2e/lcov-report/src/services/draftPreviewService.ts.html
2:24:15 PM [vite] page reload coverage-e2e/lcov-report/src/services/errorReporting.ts.html
2:24:15 PM [vite] page reload coverage-e2e/lcov-report/src/services/evidence.ts.html
2:24:15 PM [vite] page reload coverage-e2e/lcov-report/src/services/fileProcessing.ts.html
2:24:15 PM [vite] page reload coverage-e2e/lcov-report/src/services/graph.ts.html
2:24:15 PM [vite] page reload coverage-e2e/lcov-report/src/services/index.html
2:24:15 PM [vite] page reload coverage-e2e/lcov-report/src/services/integrations.ts.html
2:24:15 PM [vite] page reload coverage-e2e/lcov-report/src/services/intelligenceService.ts.html
2:24:15 PM [vite] page reload coverage-e2e/lcov-report/src/services/monitoring.ts.html
2:24:15 PM [vite] page reload coverage-e2e/lcov-report/src/services/notifications.ts.html
2:24:15 PM [vite] page reload coverage-e2e/lcov-report/src/services/onboarding.ts.html
2:24:15 PM [vite] page reload coverage-e2e/lcov-report/src/services/reconciliation.ts.html
2:24:15 PM [vite] page reload coverage-e2e/lcov-report/src/services/reporting.ts.html
2:24:15 PM [vite] page reload coverage-e2e/lcov-report/src/services/settings.ts.html
2:24:15 PM [vite] page reload coverage-e2e/lcov-report/src/services/socket.ts.html
2:24:15 PM [vite] page reload coverage-e2e/lcov-report/src/services/sync.ts.html
2:24:15 PM [vite] page reload coverage-e2e/lcov-report/src/services/syncOrchestrator.ts.html
2:24:15 PM [vite] page reload coverage-e2e/lcov-report/src/services/user.ts.html
2:24:15 PM [vite] page reload coverage-e2e/lcov-report/src/providers/AppProviders.tsx.html
2:24:15 PM [vite] page reload coverage-e2e/lcov-report/src/providers/AuthProvider.tsx.html
2:24:15 PM [vite] page reload coverage-e2e/lcov-report/src/providers/AuthenticationProvider.tsx.html
2:24:15 PM [vite] page reload coverage-e2e/lcov-report/src/providers/LocaleProvider.tsx.html
2:24:15 PM [vite] page reload coverage-e2e/lcov-report/src/providers/NetworkStatusProvider.tsx.html
2:24:15 PM [vite] page reload coverage-e2e/lcov-report/src/providers/OfflineQueueContext.tsx.html
2:24:15 PM [vite] page reload coverage-e2e/lcov-report/src/providers/ToastProvider.tsx.html
2:24:15 PM [vite] page reload coverage-e2e/lcov-report/src/providers/WebSocketProvider.tsx.html
2:24:15 PM [vite] page reload coverage-e2e/lcov-report/src/providers/index.html
2:24:15 PM [vite] page reload coverage-e2e/lcov-report/src/pages/AdjudicationQueue.tsx.html
2:24:15 PM [vite] page reload coverage-e2e/lcov-report/src/pages/AgentApprovals.tsx.html
2:24:15 PM [vite] page reload coverage-e2e/lcov-report/src/pages/AgentDrafts.tsx.html
2:24:15 PM [vite] page reload coverage-e2e/lcov-report/src/pages/Cases.tsx.html
2:24:15 PM [vite] page reload coverage-e2e/lcov-report/src/pages/CasesRefactored.tsx.html
2:24:15 PM [vite] page reload coverage-e2e/lcov-report/src/pages/ComplianceMonitoring.tsx.html
2:24:15 PM [vite] page reload coverage-e2e/lcov-report/src/pages/Dashboard.tsx.html
2:24:15 PM [vite] page reload coverage-e2e/lcov-report/src/pages/DesignSystemShowcase.tsx.html
2:24:15 PM [vite] page reload coverage-e2e/lcov-report/src/pages/EnhancedEvidenceLocker.tsx.html
2:24:15 PM [vite] page reload coverage-e2e/lcov-report/src/pages/Forensics.tsx.html
2:24:15 PM [vite] page reload coverage-e2e/lcov-report/src/pages/ForensicsRefactored.tsx.html
2:24:15 PM [vite] page reload coverage-e2e/lcov-report/src/pages/Ingestion.tsx.html
2:24:15 PM [vite] page reload coverage-e2e/lcov-report/src/pages/Investigation.tsx.html
2:24:15 PM [vite] page reload coverage-e2e/lcov-report/src/pages/Login.tsx.html
2:24:15 PM [vite] page reload coverage-e2e/lcov-report/src/pages/NetworkAnalysis.tsx.html
2:24:15 PM [vite] page reload coverage-e2e/lcov-report/src/pages/NotFound.tsx.html
2:24:15 PM [vite] page reload coverage-e2e/lcov-report/src/pages/PerformanceDashboard.tsx.html
2:24:15 PM [vite] page reload coverage-e2e/lcov-report/src/pages/ProjectSelection.tsx.html
2:24:15 PM [vite] page reload coverage-e2e/lcov-report/src/pages/ProofVisualizationRoute.tsx.html
2:24:15 PM [vite] page reload coverage-e2e/lcov-report/src/pages/Reconciliation.tsx.html
2:24:15 PM [vite] page reload coverage-e2e/lcov-report/src/pages/RegulatoryIntelligence.tsx.html
2:24:15 PM [vite] page reload coverage-e2e/lcov-report/src/pages/Reporting.tsx.html
2:24:15 PM [vite] page reload coverage-e2e/lcov-report/src/pages/SARCreation.tsx.html
2:24:15 PM [vite] page reload coverage-e2e/lcov-report/src/pages/Settings.tsx.html
2:24:15 PM [vite] page reload coverage-e2e/lcov-report/src/pages/Setup.tsx.html
2:24:15 PM [vite] page reload coverage-e2e/lcov-report/src/pages/SystemDiagnosticsCenter.tsx.html
2:24:15 PM [vite] page reload coverage-e2e/lcov-report/src/pages/index.html
2:24:15 PM [vite] page reload coverage-e2e/lcov-report/src/pages/settings/components/GeneralTab.tsx.html
2:24:15 PM [vite] page reload coverage-e2e/lcov-report/src/pages/settings/components/index.html
2:24:15 PM [vite] page reload coverage-e2e/lcov-report/src/lib/AIFraudDetection.ts.html
2:24:15 PM [vite] page reload coverage-e2e/lcov-report/src/lib/LocalDataManager.ts.html
2:24:15 PM [vite] page reload coverage-e2e/lcov-report/src/lib/accessibility.ts.html
2:24:15 PM [vite] page reload coverage-e2e/lcov-report/src/lib/advancedAI.ts.html
2:24:15 PM [vite] page reload coverage-e2e/lcov-report/src/lib/advancedMonitoring.ts.html
2:24:15 PM [vite] page reload coverage-e2e/lcov-report/src/lib/advancedTesting.ts.html
2:24:15 PM [vite] page reload coverage-e2e/lcov-report/src/lib/api.ts.html
2:24:15 PM [vite] page reload coverage-e2e/lcov-report/src/lib/chaosEngineering.ts.html
2:24:15 PM [vite] page reload coverage-e2e/lcov-report/src/lib/circuitBreaker.ts.html
2:24:15 PM [vite] page reload coverage-e2e/lcov-report/src/lib/electron.ts.html
2:24:15 PM [vite] page reload coverage-e2e/lcov-report/src/lib/formatters.ts.html
2:24:15 PM [vite] page reload coverage-e2e/lcov-report/src/lib/index.html
2:24:15 PM [vite] page reload coverage-e2e/lcov-report/src/lib/keyboardShortcuts.ts.html
2:24:15 PM [vite] page reload coverage-e2e/lcov-report/src/lib/reliabilityManager.ts.html
2:24:15 PM [vite] page reload coverage-e2e/lcov-report/src/lib/testGenerator.ts.html
2:24:15 PM [vite] page reload coverage-e2e/lcov-report/src/lib/utils.ts.html
2:24:15 PM [vite] page reload coverage-e2e/lcov-report/src/lib/accessibility/aria-helpers.ts.html
2:24:15 PM [vite] page reload coverage-e2e/lcov-report/src/lib/accessibility/focus-management.ts.html
2:24:15 PM [vite] page reload coverage-e2e/lcov-report/src/lib/accessibility/index.html
2:24:15 PM [vite] page reload coverage-e2e/lcov-report/src/lib/accessibility/keyboard-navigation.ts.html
2:24:15 PM [vite] page reload coverage-e2e/lcov-report/src/i18n/config.ts.html
2:24:15 PM [vite] page reload coverage-e2e/lcov-report/src/i18n/index.html
2:24:15 PM [vite] page reload coverage-e2e/lcov-report/src/hooks/index.html
2:24:15 PM [vite] page reload coverage-e2e/lcov-report/src/hooks/use-toast.ts.html
2:24:15 PM [vite] page reload coverage-e2e/lcov-report/src/hooks/useAccessibility.ts.html
2:24:15 PM [vite] page reload coverage-e2e/lcov-report/src/hooks/useAlerts.ts.html
2:24:15 PM [vite] page reload coverage-e2e/lcov-report/src/hooks/useApiError.ts.html
2:24:15 PM [vite] page reload coverage-e2e/lcov-report/src/hooks/useApiWithRetry.ts.html
2:24:15 PM [vite] page reload coverage-e2e/lcov-report/src/hooks/useAuth.ts.html
2:24:15 PM [vite] page reload coverage-e2e/lcov-report/src/hooks/useCases.ts.html
2:24:15 PM [vite] page reload coverage-e2e/lcov-report/src/hooks/useCollaboration.ts.html
2:24:15 PM [vite] page reload coverage-e2e/lcov-report/src/hooks/useContextAwareAI.ts.html
2:24:15 PM [vite] page reload coverage-e2e/lcov-report/src/hooks/useDashboard.ts.html
2:24:15 PM [vite] page reload coverage-e2e/lcov-report/src/hooks/useDashboardMetrics.ts.html
2:24:15 PM [vite] page reload coverage-e2e/lcov-report/src/hooks/useEvidence.ts.html
2:24:15 PM [vite] page reload coverage-e2e/lcov-report/src/hooks/useFormValidation.ts.html
2:24:15 PM [vite] page reload coverage-e2e/lcov-report/src/hooks/useGraphData.ts.html
2:24:15 PM [vite] page reload coverage-e2e/lcov-report/src/hooks/useHttpClient.tsx.html
2:24:15 PM [vite] page reload coverage-e2e/lcov-report/src/hooks/useKeyboardNavigation.tsx.html
2:24:15 PM [vite] page reload coverage-e2e/lcov-report/src/hooks/useMemoryCleanup.ts.html
2:24:15 PM [vite] page reload coverage-e2e/lcov-report/src/hooks/useNetworkStatus.ts.html
2:24:15 PM [vite] page reload coverage-e2e/lcov-report/src/hooks/useOfflineQueue.ts.html
2:24:15 PM [vite] page reload coverage-e2e/lcov-report/src/hooks/usePerformanceMonitor.ts.html
2:24:15 PM [vite] page reload coverage-e2e/lcov-report/src/hooks/usePersistedState.ts.html
2:24:15 PM [vite] page reload coverage-e2e/lcov-report/src/hooks/useResizeObserver.ts.html
2:24:15 PM [vite] page reload coverage-e2e/lcov-report/src/hooks/useRoleBasedLayout.ts.html
2:24:15 PM [vite] page reload coverage-e2e/lcov-report/src/hooks/useSanitizedHTML.tsx.html
2:24:15 PM [vite] page reload coverage-e2e/lcov-report/src/hooks/useSettings.ts.html
2:24:15 PM [vite] page reload coverage-e2e/lcov-report/src/hooks/useTouchGestures.ts.html
2:24:15 PM [vite] page reload coverage-e2e/lcov-report/src/hooks/useWebSocketClient.tsx.html
2:24:15 PM [vite] page reload coverage-e2e/lcov-report/src/hooks/useWebSocketQueue.ts.html
2:24:15 PM [vite] page reload coverage-e2e/lcov-report/src/context/AIContext.tsx.html
2:24:15 PM [vite] page reload coverage-e2e/lcov-report/src/context/AccessibilityContext.tsx.html
2:24:15 PM [vite] page reload coverage-e2e/lcov-report/src/context/AuthContext.ts.html
2:24:15 PM [vite] page reload coverage-e2e/lcov-report/src/context/NetworkStatusContext.ts.html
2:24:15 PM [vite] page reload coverage-e2e/lcov-report/src/context/OfflineQueueContext.ts.html
2:24:15 PM [vite] page reload coverage-e2e/lcov-report/src/context/TourContext.tsx.html
2:24:15 PM [vite] page reload coverage-e2e/lcov-report/src/context/index.html
2:24:15 PM [vite] page reload coverage-e2e/lcov-report/src/components/ApprovalQueue.tsx.html
2:24:15 PM [vite] page reload coverage-e2e/lcov-report/src/components/CaseProgressBar.tsx.html
2:24:15 PM [vite] page reload coverage-e2e/lcov-report/src/components/CollaborativeEditor.tsx.html
2:24:15 PM [vite] page reload coverage-e2e/lcov-report/src/components/DigitalDossierGenerator.tsx.html
2:24:15 PM [vite] page reload coverage-e2e/lcov-report/src/components/ErrorBoundary.tsx.html
2:24:15 PM [vite] page reload coverage-e2e/lcov-report/src/components/ErrorMessage.tsx.html
2:24:15 PM [vite] page reload coverage-e2e/lcov-report/src/components/FriendlyWelcome.tsx.html
2:24:15 PM [vite] page reload coverage-e2e/lcov-report/src/components/InvestigationNotebook.tsx.html
2:24:15 PM [vite] page reload coverage-e2e/lcov-report/src/components/LoadingState.tsx.html
2:24:15 PM [vite] page reload coverage-e2e/lcov-report/src/components/MemoryMonitor.tsx.html
2:24:15 PM [vite] page reload coverage-e2e/lcov-report/src/components/NotificationContainer.tsx.html
2:24:15 PM [vite] page reload coverage-e2e/lcov-report/src/components/OfflineIndicator.tsx.html
2:24:15 PM [vite] page reload coverage-e2e/lcov-report/src/components/OnboardingWizard.tsx.html
2:24:15 PM [vite] page reload coverage-e2e/lcov-report/src/components/PageErrorBoundary.tsx.html
2:24:15 PM [vite] page reload coverage-e2e/lcov-report/src/components/RelationshipGraph.tsx.html
2:24:15 PM [vite] page reload coverage-e2e/lcov-report/src/components/RoleSelection.tsx.html
2:24:15 PM [vite] page reload coverage-e2e/lcov-report/src/components/RoleSelector.tsx.html
2:24:15 PM [vite] page reload coverage-e2e/lcov-report/src/components/TemporalPlayback.tsx.html
2:24:15 PM [vite] page reload coverage-e2e/lcov-report/src/components/WebSocketSync.tsx.html
2:24:15 PM [vite] page reload coverage-e2e/lcov-report/src/components/index.html
2:24:15 PM [vite] page reload coverage-e2e/lcov-report/src/components/visualizations/NetworkGraph.tsx.html
2:24:15 PM [vite] page reload coverage-e2e/lcov-report/src/components/visualizations/index.html
2:24:15 PM [vite] page reload coverage-e2e/lcov-report/src/components/ui/AIInsights.tsx.html
2:24:15 PM [vite] page reload coverage-e2e/lcov-report/src/components/ui/AccessibleButton.tsx.html
2:24:15 PM [vite] page reload coverage-e2e/lcov-report/src/components/ui/AccessibleForm.tsx.html
2:24:15 PM [vite] page reload coverage-e2e/lcov-report/src/components/ui/AccessibleModal.tsx.html
2:24:15 PM [vite] page reload coverage-e2e/lcov-report/src/components/ui/AgentStatusStream.tsx.html
2:24:15 PM [vite] page reload coverage-e2e/lcov-report/src/components/ui/Alert.tsx.html
2:24:15 PM [vite] page reload coverage-e2e/lcov-report/src/components/ui/Avatar.tsx.html
2:24:15 PM [vite] page reload coverage-e2e/lcov-report/src/components/ui/Badge.tsx.html
2:24:15 PM [vite] page reload coverage-e2e/lcov-report/src/components/ui/Button.tsx.html
2:24:15 PM [vite] page reload coverage-e2e/lcov-report/src/components/ui/Card.tsx.html
2:24:15 PM [vite] page reload coverage-e2e/lcov-report/src/components/ui/Checkbox.tsx.html
2:24:15 PM [vite] page reload coverage-e2e/lcov-report/src/components/ui/DataGrid.tsx.html
2:24:15 PM [vite] page reload coverage-e2e/lcov-report/src/components/ui/Dialog.tsx.html
2:24:15 PM [vite] page reload coverage-e2e/lcov-report/src/components/ui/DraftPreview.tsx.html
2:24:15 PM [vite] page reload coverage-e2e/lcov-report/src/components/ui/FileDropZone.tsx.html
2:24:15 PM [vite] page reload coverage-e2e/lcov-report/src/components/ui/Input.tsx.html
2:24:15 PM [vite] page reload coverage-e2e/lcov-report/src/components/ui/KeyboardShortcutsModal.tsx.html
2:24:15 PM [vite] page reload coverage-e2e/lcov-report/src/components/ui/Label.tsx.html
2:24:15 PM [vite] page reload coverage-e2e/lcov-report/src/components/ui/Pagination.tsx.html
2:24:15 PM [vite] page reload coverage-e2e/lcov-report/src/components/ui/Progress.tsx.html
2:24:15 PM [vite] page reload coverage-e2e/lcov-report/src/components/ui/ProgressBar.tsx.html
2:24:15 PM [vite] page reload coverage-e2e/lcov-report/src/components/ui/ProgressiveDisclosure.tsx.html
2:24:15 PM [vite] page reload coverage-e2e/lcov-report/src/components/ui/ResizablePanel.tsx.html
2:24:15 PM [vite] page reload coverage-e2e/lcov-report/src/components/ui/ScrollArea.tsx.html
2:24:15 PM [vite] page reload coverage-e2e/lcov-report/src/components/ui/Select.tsx.html
2:24:15 PM [vite] page reload coverage-e2e/lcov-report/src/components/ui/SemanticSearch.tsx.html
2:24:15 PM [vite] page reload coverage-e2e/lcov-report/src/components/ui/Separator.tsx.html
2:24:15 PM [vite] page reload coverage-e2e/lcov-report/src/components/ui/Skeleton.tsx.html
2:24:15 PM [vite] page reload coverage-e2e/lcov-report/src/components/ui/Slider.tsx.html
2:24:15 PM [vite] page reload coverage-e2e/lcov-report/src/components/ui/SplitView.tsx.html
2:24:15 PM [vite] page reload coverage-e2e/lcov-report/src/components/ui/StandardizedErrorDisplay.tsx.html
2:24:15 PM [vite] page reload coverage-e2e/lcov-report/src/components/ui/StatusIndicator.tsx.html
2:24:15 PM [vite] page reload coverage-e2e/lcov-report/src/components/ui/Switch.tsx.html
2:24:15 PM [vite] page reload coverage-e2e/lcov-report/src/components/ui/SyncStatus.tsx.html
2:24:15 PM [vite] page reload coverage-e2e/lcov-report/src/components/ui/Table.tsx.html
2:24:15 PM [vite] page reload coverage-e2e/lcov-report/src/components/ui/Tabs.tsx.html
2:24:15 PM [vite] page reload coverage-e2e/lcov-report/src/components/ui/Textarea.tsx.html
2:24:15 PM [vite] page reload coverage-e2e/lcov-report/src/components/ui/VirtualList.tsx.html
2:24:15 PM [vite] page reload coverage-e2e/lcov-report/src/components/ui/VirtualizedList.tsx.html
2:24:15 PM [vite] page reload coverage-e2e/lcov-report/src/components/ui/index.html
2:24:15 PM [vite] page reload coverage-e2e/lcov-report/src/components/settings/AccessibilitySettings.tsx.html
2:24:15 PM [vite] page reload coverage-e2e/lcov-report/src/components/settings/AuditLogViewer.tsx.html
2:24:15 PM [vite] page reload coverage-e2e/lcov-report/src/components/settings/GeneralSettings.tsx.html
2:24:15 PM [vite] page reload coverage-e2e/lcov-report/src/components/settings/HealthGauges.tsx.html
2:24:15 PM [vite] page reload coverage-e2e/lcov-report/src/components/settings/NotificationSettings.tsx.html
2:24:15 PM [vite] page reload coverage-e2e/lcov-report/src/components/settings/PermissionMatrix.tsx.html
2:24:15 PM [vite] page reload coverage-e2e/lcov-report/src/components/settings/RuleBuilder.tsx.html
2:24:15 PM [vite] page reload coverage-e2e/lcov-report/src/components/settings/SecuritySettings.tsx.html
2:24:15 PM [vite] page reload coverage-e2e/lcov-report/src/components/settings/SettingsErrorState.tsx.html
2:24:15 PM [vite] page reload coverage-e2e/lcov-report/src/components/settings/SettingsHeader.tsx.html
2:24:15 PM [vite] page reload coverage-e2e/lcov-report/src/components/settings/SettingsLayout.tsx.html
2:24:15 PM [vite] page reload coverage-e2e/lcov-report/src/components/settings/SettingsNavigation.tsx.html
2:24:15 PM [vite] page reload coverage-e2e/lcov-report/src/components/settings/SettingsSkeleton.tsx.html
2:24:15 PM [vite] page reload coverage-e2e/lcov-report/src/components/settings/SystemSettings.tsx.html
2:24:15 PM [vite] page reload coverage-e2e/lcov-report/src/components/settings/index.html
2:24:15 PM [vite] page reload coverage-e2e/lcov-report/src/components/settings/index.ts.html
2:24:15 PM [vite] page reload coverage-e2e/lcov-report/src/components/settings/i18n/LanguageSwitcher.tsx.html
2:24:15 PM [vite] page reload coverage-e2e/lcov-report/src/components/settings/i18n/index.html
2:24:15 PM [vite] page reload coverage-e2e/lcov-report/src/components/reporting/AIWriter.tsx.html
2:24:15 PM [vite] page reload coverage-e2e/lcov-report/src/components/reporting/AutoReportGenerator.tsx.html
2:24:15 PM [vite] page reload coverage-e2e/lcov-report/src/components/reporting/ConclusionWizard.tsx.html
2:24:15 PM [vite] page reload coverage-e2e/lcov-report/src/components/reporting/DossierExport.tsx.html
2:24:15 PM [vite] page reload coverage-e2e/lcov-report/src/components/reporting/FinancialHealth.tsx.html
2:24:15 PM [vite] page reload coverage-e2e/lcov-report/src/components/reporting/KeyFindings.tsx.html
2:24:15 PM [vite] page reload coverage-e2e/lcov-report/src/components/reporting/ProjectTracker.tsx.html
2:24:15 PM [vite] page reload coverage-e2e/lcov-report/src/components/reporting/ReportBuilder.tsx.html
2:24:15 PM [vite] page reload coverage-e2e/lcov-report/src/components/reporting/SuccessBanner.tsx.html
2:24:15 PM [vite] page reload coverage-e2e/lcov-report/src/components/reporting/SummaryPreview.tsx.html
2:24:15 PM [vite] page reload coverage-e2e/lcov-report/src/components/reporting/index.html
2:24:15 PM [vite] page reload coverage-e2e/lcov-report/src/components/recon/ExceptionQueue.tsx.html
2:24:15 PM [vite] page reload coverage-e2e/lcov-report/src/components/recon/MatchCanvas.tsx.html
2:24:15 PM [vite] page reload coverage-e2e/lcov-report/src/components/recon/TransactionCard.tsx.html
2:24:15 PM [vite] page reload coverage-e2e/lcov-report/src/components/recon/index.html
2:24:15 PM [vite] page reload coverage-e2e/lcov-report/src/components/performance/PerformanceDashboard.tsx.html
2:24:15 PM [vite] page reload coverage-e2e/lcov-report/src/components/performance/index.html
2:24:15 PM [vite] page reload coverage-e2e/lcov-report/src/components/monitoring/MonitoringDashboard.tsx.html
2:24:15 PM [vite] page reload coverage-e2e/lcov-report/src/components/monitoring/PerformanceDashboard.tsx.html
2:24:15 PM [vite] page reload coverage-e2e/lcov-report/src/components/monitoring/SystemOrchestrationDashboard.tsx.html
2:24:15 PM [vite] page reload coverage-e2e/lcov-report/src/components/monitoring/index.html
2:24:15 PM [vite] page reload coverage-e2e/lcov-report/src/components/layout/AppLayout.tsx.html
2:24:15 PM [vite] page reload coverage-e2e/lcov-report/src/components/layout/Header.tsx.html
2:24:15 PM [vite] page reload coverage-e2e/lcov-report/src/components/layout/Sidebar.tsx.html
2:24:15 PM [vite] page reload coverage-e2e/lcov-report/src/components/layout/index.html
2:24:15 PM [vite] page reload coverage-e2e/lcov-report/src/components/investigation/CanvasArea.tsx.html
2:24:15 PM [vite] page reload coverage-e2e/lcov-report/src/components/investigation/EntityForm.tsx.html
2:24:15 PM [vite] page reload coverage-e2e/lcov-report/src/components/investigation/EntityNode.tsx.html
2:24:15 PM [vite] page reload coverage-e2e/lcov-report/src/components/investigation/EntityRegistry.tsx.html
2:24:15 PM [vite] page reload coverage-e2e/lcov-report/src/components/investigation/EvidenceItem.tsx.html
2:24:15 PM [vite] page reload coverage-e2e/lcov-report/src/components/investigation/GraphCanvas.tsx.html
2:24:15 PM [vite] page reload coverage-e2e/lcov-report/src/components/investigation/InvestigationCanvas.tsx.html
2:24:15 PM [vite] page reload coverage-e2e/lcov-report/src/components/investigation/InvestigationSkeleton.tsx.html
2:24:15 PM [vite] page reload coverage-e2e/lcov-report/src/components/investigation/NodeInspector.tsx.html
2:24:15 PM [vite] page reload coverage-e2e/lcov-report/src/components/investigation/PathfindingVisualizer.tsx.html
2:24:15 PM [vite] page reload coverage-e2e/lcov-report/src/components/investigation/RelationshipForm.tsx.html
2:24:15 PM [vite] page reload coverage-e2e/lcov-report/src/components/investigation/ThreeDGraph.tsx.html
2:24:15 PM [vite] page reload coverage-e2e/lcov-report/src/components/investigation/index.html
2:24:15 PM [vite] page reload coverage-e2e/lcov-report/src/components/intelligence/AutoReportGenerator.tsx.html
2:24:15 PM [vite] page reload coverage-e2e/lcov-report/src/components/intelligence/CourtDocumentGenerator.tsx.html
2:24:15 PM [vite] page reload coverage-e2e/lcov-report/src/components/intelligence/PredictiveDashboard.tsx.html
2:24:15 PM [vite] page reload coverage-e2e/lcov-report/src/components/intelligence/index.html
2:24:15 PM [vite] page reload coverage-e2e/lcov-report/src/components/integration/AnalyticsTab.tsx.html
2:24:15 PM [vite] page reload coverage-e2e/lcov-report/src/components/integration/EventBusTab.tsx.html
2:24:15 PM [vite] page reload coverage-e2e/lcov-report/src/components/integration/GraphQLTab.tsx.html
2:24:15 PM [vite] page reload coverage-e2e/lcov-report/src/components/integration/IntegrationsTab.tsx.html
2:24:15 PM [vite] page reload coverage-e2e/lcov-report/src/components/integration/MarketplaceTab.tsx.html
2:24:15 PM [vite] page reload coverage-e2e/lcov-report/src/components/integration/OverviewTab.tsx.html
2:24:15 PM [vite] page reload coverage-e2e/lcov-report/src/components/integration/index.html
2:24:15 PM [vite] page reload coverage-e2e/lcov-report/src/components/ingestion/DataMapping.tsx.html
2:24:15 PM [vite] page reload coverage-e2e/lcov-report/src/components/ingestion/IngestionStepper.tsx.html
2:24:15 PM [vite] page reload coverage-e2e/lcov-report/src/components/ingestion/index.html
2:24:15 PM [vite] page reload coverage-e2e/lcov-report/src/components/i18n/LanguageSwitcher.tsx.html
2:24:15 PM [vite] page reload coverage-e2e/lcov-report/src/components/i18n/index.html
2:24:15 PM [vite] page reload coverage-e2e/lcov-report/src/components/i18n/index.ts.html
2:24:15 PM [vite] page reload coverage-e2e/lcov-report/src/components/graph/EntityGraph3DWebGL.tsx.html
2:24:15 PM [vite] page reload coverage-e2e/lcov-report/src/components/graph/index.html
2:24:15 PM [vite] page reload coverage-e2e/lcov-report/src/components/fraud/FraudRuleBuilder.tsx.html
2:24:15 PM [vite] page reload coverage-e2e/lcov-report/src/components/fraud/index.html
2:24:15 PM [vite] page reload coverage-e2e/lcov-report/src/components/forensics/EvidenceList.tsx.html
2:24:15 PM [vite] page reload coverage-e2e/lcov-report/src/components/forensics/EvidenceViewer.tsx.html
2:24:15 PM [vite] page reload coverage-e2e/lcov-report/src/components/forensics/ForensicsErrorState.tsx.html
2:24:15 PM [vite] page reload coverage-e2e/lcov-report/src/components/forensics/ForensicsLayout.tsx.html
2:24:15 PM [vite] page reload coverage-e2e/lcov-report/src/components/forensics/ForensicsSkeleton.tsx.html
2:24:15 PM [vite] page reload coverage-e2e/lcov-report/src/components/forensics/ForensicsToolbar.tsx.html
2:24:15 PM [vite] page reload coverage-e2e/lcov-report/src/components/forensics/PdfViewer.tsx.html
2:24:15 PM [vite] page reload coverage-e2e/lcov-report/src/components/forensics/index.html
2:24:15 PM [vite] page reload coverage-e2e/lcov-report/src/components/forensics/index.ts.html
2:24:15 PM [vite] page reload coverage-e2e/lcov-report/src/components/evidence/DocumentViewer.tsx.html
2:24:15 PM [vite] page reload coverage-e2e/lcov-report/src/components/evidence/EvidenceViewer.tsx.html
2:24:15 PM [vite] page reload coverage-e2e/lcov-report/src/components/evidence/FolderTree.tsx.html
2:24:15 PM [vite] page reload coverage-e2e/lcov-report/src/components/evidence/ForensicCanvas.tsx.html
2:24:15 PM [vite] page reload coverage-e2e/lcov-report/src/components/evidence/HypothesisBoard.tsx.html
2:24:15 PM [vite] page reload coverage-e2e/lcov-report/src/components/evidence/MensReaAnalyzer.tsx.html
2:24:15 PM [vite] page reload coverage-e2e/lcov-report/src/components/evidence/TamperDetector.tsx.html
2:24:15 PM [vite] page reload coverage-e2e/lcov-report/src/components/evidence/UploadWizard.tsx.html
2:24:15 PM [vite] page reload coverage-e2e/lcov-report/src/components/evidence/index.html
2:24:15 PM [vite] page reload coverage-e2e/lcov-report/src/components/dashboard/AIWatchtower.tsx.html
2:24:15 PM [vite] page reload coverage-e2e/lcov-report/src/components/dashboard/CostOptimizationWidget.tsx.html
2:24:15 PM [vite] page reload coverage-e2e/lcov-report/src/components/dashboard/LiveQueue.tsx.html
2:24:15 PM [vite] page reload coverage-e2e/lcov-report/src/components/dashboard/MetricCard.tsx.html
2:24:15 PM [vite] page reload coverage-e2e/lcov-report/src/components/dashboard/MetricSparkline.tsx.html
2:24:15 PM [vite] page reload coverage-e2e/lcov-report/src/components/dashboard/MovableDashboard.tsx.html
2:24:15 PM [vite] page reload coverage-e2e/lcov-report/src/components/dashboard/PredictiveDashboard.tsx.html
2:24:15 PM [vite] page reload coverage-e2e/lcov-report/src/components/dashboard/ProofVisualizationCard.tsx.html
2:24:15 PM [vite] page reload coverage-e2e/lcov-report/src/components/dashboard/RiskDistributionChart.tsx.html
2:24:15 PM [vite] page reload coverage-e2e/lcov-report/src/components/dashboard/ThreatMap.tsx.html
2:24:15 PM [vite] page reload coverage-e2e/lcov-report/src/components/dashboard/VolumeChart.tsx.html
2:24:15 PM [vite] page reload coverage-e2e/lcov-report/src/components/dashboard/index.html
2:24:15 PM [vite] page reload coverage-e2e/lcov-report/src/components/compliance/SARCreationWizard.tsx.html
2:24:15 PM [vite] page reload coverage-e2e/lcov-report/src/components/compliance/index.html
2:24:15 PM [vite] page reload coverage-e2e/lcov-report/src/components/common/EmptyState.tsx.html
2:24:15 PM [vite] page reload coverage-e2e/lcov-report/src/components/common/ErrorBoundary.tsx.html
2:24:15 PM [vite] page reload coverage-e2e/lcov-report/src/components/common/EvidenceSpotlight.tsx.html
2:24:15 PM [vite] page reload coverage-e2e/lcov-report/src/components/common/JourneyProgress.tsx.html
2:24:15 PM [vite] page reload coverage-e2e/lcov-report/src/components/common/ProjectSwitcher.tsx.html
2:24:15 PM [vite] page reload coverage-e2e/lcov-report/src/components/common/RookieChecklist.tsx.html
2:24:15 PM [vite] page reload coverage-e2e/lcov-report/src/components/common/Spinner.tsx.html
2:24:15 PM [vite] page reload coverage-e2e/lcov-report/src/components/common/TourSpotlight.tsx.html
2:24:15 PM [vite] page reload coverage-e2e/lcov-report/src/components/common/WelcomeMessage.tsx.html
2:24:15 PM [vite] page reload coverage-e2e/lcov-report/src/components/common/index.html
2:24:15 PM [vite] page reload coverage-e2e/lcov-report/src/components/collaboration/CollaborativeEditor.tsx.html
2:24:15 PM [vite] page reload coverage-e2e/lcov-report/src/components/collaboration/EvidenceBoard.tsx.html
2:24:15 PM [vite] page reload coverage-e2e/lcov-report/src/components/collaboration/HypothesisBoard.tsx.html
2:24:15 PM [vite] page reload coverage-e2e/lcov-report/src/components/collaboration/MensReaAnalyzer.tsx.html
2:24:15 PM [vite] page reload coverage-e2e/lcov-report/src/components/collaboration/index.html
2:24:15 PM [vite] page reload coverage-e2e/lcov-report/src/components/cases/CaseActions.tsx.html
2:24:15 PM [vite] page reload coverage-e2e/lcov-report/src/components/cases/CaseHeader.tsx.html
2:24:15 PM [vite] page reload coverage-e2e/lcov-report/src/components/cases/CaseKanban.tsx.html
2:24:15 PM [vite] page reload coverage-e2e/lcov-report/src/components/cases/CasePreviewDrawer.tsx.html
2:24:15 PM [vite] page reload coverage-e2e/lcov-report/src/components/cases/CaseTable.tsx.html
2:24:15 PM [vite] page reload coverage-e2e/lcov-report/src/components/cases/FacetedFilter.tsx.html
2:24:15 PM [vite] page reload coverage-e2e/lcov-report/src/components/cases/InvestigationWizard.tsx.html
2:24:15 PM [vite] page reload coverage-e2e/lcov-report/src/components/cases/NewInvestigationWizard.tsx.html
2:24:15 PM [vite] page reload coverage-e2e/lcov-report/src/components/cases/RichCaseCard.tsx.html
2:24:15 PM [vite] page reload coverage-e2e/lcov-report/src/components/cases/index.html
2:24:15 PM [vite] page reload coverage-e2e/lcov-report/src/components/auth/LoginForm.tsx.html
2:24:15 PM [vite] page reload coverage-e2e/lcov-report/src/components/auth/index.html
2:24:15 PM [vite] page reload coverage-e2e/lcov-report/src/components/ai/AIAssistant.tsx.html
2:24:15 PM [vite] page reload coverage-e2e/lcov-report/src/components/ai/AIIntelligenceDashboard.tsx.html
2:24:15 PM [vite] page reload coverage-e2e/lcov-report/src/components/ai/AdvancedComplianceDashboard.tsx.html
2:24:15 PM [vite] page reload coverage-e2e/lcov-report/src/components/ai/CodeReviewDashboard.tsx.html
2:24:15 PM [vite] page reload coverage-e2e/lcov-report/src/components/ai/PredictiveMaintenanceDashboard.tsx.html
2:24:15 PM [vite] page reload coverage-e2e/lcov-report/src/components/ai/index.html
2:24:15 PM [vite] page reload coverage-e2e/lcov-report/src/components/advanced/ai/AiPerformanceMonitor.tsx.html
2:24:15 PM [vite] page reload coverage-e2e/lcov-report/src/components/advanced/ai/MultimodalAnalyzer.tsx.html
2:24:15 PM [vite] page reload coverage-e2e/lcov-report/src/components/advanced/ai/RagSearchInterface.tsx.html
2:24:15 PM [vite] page reload coverage-e2e/lcov-report/src/components/advanced/ai/RedTeamDashboard.tsx.html
2:24:15 PM [vite] page reload coverage-e2e/lcov-report/src/components/advanced/ai/index.html
2:24:15 PM [vite] page reload coverage-e2e/lcov-report/src/components/adjudication/AdjudicationLayout.tsx.html
2:24:15 PM [vite] page reload coverage-e2e/lcov-report/src/components/adjudication/AlertDetail.tsx.html
2:24:15 PM [vite] page reload coverage-e2e/lcov-report/src/components/adjudication/AlertList.tsx.html
2:24:15 PM [vite] page reload coverage-e2e/lcov-report/src/components/adjudication/AlertListItem.tsx.html
2:24:15 PM [vite] page reload coverage-e2e/lcov-report/src/components/adjudication/ContextTabs.tsx.html
2:24:15 PM [vite] page reload coverage-e2e/lcov-report/src/components/adjudication/DecisionPanel.tsx.html
2:24:15 PM [vite] page reload coverage-e2e/lcov-report/src/components/adjudication/index.html
2:24:15 PM [vite] page reload coverage-e2e/lcov-report/src/components/adjudication/tabs/AIReasoningTab.tsx.html
2:24:15 PM [vite] page reload coverage-e2e/lcov-report/src/components/adjudication/tabs/ContextTab.tsx.html
2:24:15 PM [vite] page reload coverage-e2e/lcov-report/src/components/adjudication/tabs/GraphTab.tsx.html
2:24:15 PM [vite] page reload coverage-e2e/lcov-report/src/components/adjudication/tabs/HistoryTab.tsx.html
2:24:15 PM [vite] page reload coverage-e2e/lcov-report/src/components/adjudication/tabs/index.html
2:24:15 PM [vite] page reload coverage-e2e/lcov-report/src/components/accessibility/AccessibilityChecker.tsx.html
2:24:15 PM [vite] page reload coverage-e2e/lcov-report/src/components/accessibility/AccessibilitySettings.tsx.html
2:24:15 PM [vite] page reload coverage-e2e/lcov-report/src/components/accessibility/index.html
2:24:15 PM [vite] page reload public/offline.html
2:24:15 PM [vite] page reload index.html
2:24:15 PM [vite] page reload public/offline.html
2:24:16 PM [vite] page reload coverage-e2e/src/utils/index.html
2:24:16 PM [vite] page reload coverage-e2e/src/components/ErrorBoundary.tsx.html
2:24:16 PM [vite] page reload coverage-e2e/src/components/ApprovalQueue.tsx.html
2:28:49 PM [vite] page reload coverage-e2e/lcov-report/src/App.tsx.html
2:28:49 PM [vite] page reload coverage-e2e/lcov-report/src/components/ApprovalQueue.tsx.html
2:28:49 PM [vite] page reload coverage-e2e/lcov-report/src/components/CaseProgressBar.tsx.html
2:28:49 PM [vite] page reload coverage-e2e/lcov-report/src/components/CollaborativeEditor.tsx.html
2:28:49 PM [vite] page reload coverage-e2e/lcov-report/src/components/DigitalDossierGenerator.tsx.html
2:28:49 PM [vite] page reload coverage-e2e/lcov-report/src/components/ErrorBoundary.tsx.html
2:28:49 PM [vite] page reload coverage-e2e/lcov-report/src/components/ErrorMessage.tsx.html
2:28:49 PM [vite] page reload coverage-e2e/lcov-report/src/components/FriendlyWelcome.tsx.html
2:28:49 PM [vite] page reload coverage-e2e/lcov-report/src/components/InvestigationNotebook.tsx.html
2:28:49 PM [vite] page reload coverage-e2e/lcov-report/src/components/LoadingState.tsx.html
2:28:49 PM [vite] page reload coverage-e2e/lcov-report/src/components/MemoryMonitor.tsx.html
2:28:49 PM [vite] page reload coverage-e2e/lcov-report/src/components/NotificationContainer.tsx.html
2:28:49 PM [vite] page reload coverage-e2e/lcov-report/src/components/OfflineIndicator.tsx.html
2:28:49 PM [vite] page reload coverage-e2e/lcov-report/src/components/OnboardingWizard.tsx.html
2:28:49 PM [vite] page reload coverage-e2e/lcov-report/src/components/PageErrorBoundary.tsx.html
2:28:49 PM [vite] page reload coverage-e2e/lcov-report/src/components/RelationshipGraph.tsx.html
2:28:49 PM [vite] page reload coverage-e2e/lcov-report/src/components/RoleSelection.tsx.html
2:28:49 PM [vite] page reload coverage-e2e/lcov-report/src/components/RoleSelector.tsx.html
2:28:49 PM [vite] page reload coverage-e2e/lcov-report/src/components/TemporalPlayback.tsx.html
2:28:49 PM [vite] page reload coverage-e2e/lcov-report/src/components/WebSocketSync.tsx.html
2:28:49 PM [vite] page reload coverage-e2e/lcov-report/src/components/accessibility/AccessibilityChecker.tsx.html
2:28:49 PM [vite] page reload coverage-e2e/lcov-report/src/components/accessibility/AccessibilitySettings.tsx.html
2:28:49 PM [vite] page reload coverage-e2e/lcov-report/src/components/accessibility/index.html
2:28:49 PM [vite] page reload coverage-e2e/lcov-report/src/components/adjudication/AdjudicationLayout.tsx.html
2:28:49 PM [vite] page reload coverage-e2e/lcov-report/src/components/adjudication/AlertDetail.tsx.html
2:28:49 PM [vite] page reload coverage-e2e/lcov-report/src/components/adjudication/AlertList.tsx.html
2:28:49 PM [vite] page reload coverage-e2e/lcov-report/src/components/adjudication/AlertListItem.tsx.html
2:28:49 PM [vite] page reload coverage-e2e/lcov-report/src/components/adjudication/ContextTabs.tsx.html
2:28:49 PM [vite] page reload coverage-e2e/lcov-report/src/components/adjudication/DecisionPanel.tsx.html
2:28:49 PM [vite] page reload coverage-e2e/lcov-report/src/components/adjudication/index.html
2:28:49 PM [vite] page reload coverage-e2e/lcov-report/src/components/adjudication/tabs/AIReasoningTab.tsx.html
2:28:49 PM [vite] page reload coverage-e2e/lcov-report/src/components/adjudication/tabs/ContextTab.tsx.html
2:28:49 PM [vite] page reload coverage-e2e/lcov-report/src/components/adjudication/tabs/GraphTab.tsx.html
2:28:49 PM [vite] page reload coverage-e2e/lcov-report/src/components/adjudication/tabs/HistoryTab.tsx.html
2:28:49 PM [vite] page reload coverage-e2e/lcov-report/src/components/adjudication/tabs/index.html
2:28:49 PM [vite] page reload coverage-e2e/lcov-report/src/components/advanced/ai/AiPerformanceMonitor.tsx.html
2:28:49 PM [vite] page reload coverage-e2e/lcov-report/src/components/advanced/ai/MultimodalAnalyzer.tsx.html
2:28:49 PM [vite] page reload coverage-e2e/lcov-report/src/components/advanced/ai/RagSearchInterface.tsx.html
2:28:49 PM [vite] page reload coverage-e2e/lcov-report/src/components/advanced/ai/RedTeamDashboard.tsx.html
2:28:49 PM [vite] page reload coverage-e2e/lcov-report/src/components/advanced/ai/index.html
2:28:49 PM [vite] page reload coverage-e2e/lcov-report/src/components/ai/AIAssistant.tsx.html
2:28:49 PM [vite] page reload coverage-e2e/lcov-report/src/components/ai/AIIntelligenceDashboard.tsx.html
2:28:49 PM [vite] page reload coverage-e2e/lcov-report/src/components/ai/AdvancedComplianceDashboard.tsx.html
2:28:49 PM [vite] page reload coverage-e2e/lcov-report/src/components/ai/CodeReviewDashboard.tsx.html
2:28:49 PM [vite] page reload coverage-e2e/lcov-report/src/components/ai/PredictiveMaintenanceDashboard.tsx.html
2:28:49 PM [vite] page reload coverage-e2e/lcov-report/src/components/ai/index.html
2:28:49 PM [vite] page reload coverage-e2e/lcov-report/src/components/auth/LoginForm.tsx.html
2:28:49 PM [vite] page reload coverage-e2e/lcov-report/src/components/auth/index.html
2:28:49 PM [vite] page reload coverage-e2e/lcov-report/src/components/cases/CaseActions.tsx.html
2:28:49 PM [vite] page reload coverage-e2e/lcov-report/src/components/cases/CaseHeader.tsx.html
2:28:49 PM [vite] page reload coverage-e2e/lcov-report/src/components/cases/CaseKanban.tsx.html
2:28:49 PM [vite] page reload coverage-e2e/lcov-report/src/components/cases/CasePreviewDrawer.tsx.html
2:28:49 PM [vite] page reload coverage-e2e/lcov-report/src/components/cases/CaseTable.tsx.html
2:28:49 PM [vite] page reload coverage-e2e/lcov-report/src/components/cases/FacetedFilter.tsx.html
2:28:49 PM [vite] page reload coverage-e2e/lcov-report/src/components/cases/InvestigationWizard.tsx.html
2:28:49 PM [vite] page reload coverage-e2e/lcov-report/src/components/cases/NewInvestigationWizard.tsx.html
2:28:49 PM [vite] page reload coverage-e2e/lcov-report/src/components/cases/RichCaseCard.tsx.html
2:28:49 PM [vite] page reload coverage-e2e/lcov-report/src/components/cases/index.html
2:28:49 PM [vite] page reload coverage-e2e/lcov-report/src/components/collaboration/CollaborativeEditor.tsx.html
2:28:49 PM [vite] page reload coverage-e2e/lcov-report/src/components/collaboration/EvidenceBoard.tsx.html
2:28:49 PM [vite] page reload coverage-e2e/lcov-report/src/components/collaboration/HypothesisBoard.tsx.html
2:28:49 PM [vite] page reload coverage-e2e/lcov-report/src/components/collaboration/MensReaAnalyzer.tsx.html
2:28:49 PM [vite] page reload coverage-e2e/lcov-report/src/components/collaboration/index.html
2:28:49 PM [vite] page reload coverage-e2e/lcov-report/src/components/common/EmptyState.tsx.html
2:28:49 PM [vite] page reload coverage-e2e/lcov-report/src/components/common/ErrorBoundary.tsx.html
2:28:49 PM [vite] page reload coverage-e2e/lcov-report/src/components/common/EvidenceSpotlight.tsx.html
2:28:49 PM [vite] page reload coverage-e2e/lcov-report/src/components/common/JourneyProgress.tsx.html
2:28:49 PM [vite] page reload coverage-e2e/lcov-report/src/components/common/ProjectSwitcher.tsx.html
2:28:49 PM [vite] page reload coverage-e2e/lcov-report/src/components/common/RookieChecklist.tsx.html
2:28:49 PM [vite] page reload coverage-e2e/lcov-report/src/components/common/Spinner.tsx.html
2:28:49 PM [vite] page reload coverage-e2e/lcov-report/src/components/common/TourSpotlight.tsx.html
2:28:49 PM [vite] page reload coverage-e2e/lcov-report/src/components/common/WelcomeMessage.tsx.html
2:28:49 PM [vite] page reload coverage-e2e/lcov-report/src/components/common/index.html
2:28:49 PM [vite] page reload coverage-e2e/lcov-report/src/components/compliance/SARCreationWizard.tsx.html
2:28:49 PM [vite] page reload coverage-e2e/lcov-report/src/components/compliance/index.html
2:28:49 PM [vite] page reload coverage-e2e/lcov-report/src/components/dashboard/AIWatchtower.tsx.html
2:28:49 PM [vite] page reload coverage-e2e/lcov-report/src/components/dashboard/CostOptimizationWidget.tsx.html
2:28:49 PM [vite] page reload coverage-e2e/lcov-report/src/components/dashboard/LiveQueue.tsx.html
2:28:49 PM [vite] page reload coverage-e2e/lcov-report/src/components/dashboard/MetricCard.tsx.html
2:28:49 PM [vite] page reload coverage-e2e/lcov-report/src/components/dashboard/MetricSparkline.tsx.html
2:28:49 PM [vite] page reload coverage-e2e/lcov-report/src/components/dashboard/MovableDashboard.tsx.html
2:28:49 PM [vite] page reload coverage-e2e/lcov-report/src/components/dashboard/PredictiveDashboard.tsx.html
2:28:49 PM [vite] page reload coverage-e2e/lcov-report/src/components/dashboard/ProofVisualizationCard.tsx.html
2:28:49 PM [vite] page reload coverage-e2e/lcov-report/src/components/dashboard/RiskDistributionChart.tsx.html
2:28:49 PM [vite] page reload coverage-e2e/lcov-report/src/components/dashboard/ThreatMap.tsx.html
2:28:49 PM [vite] page reload coverage-e2e/lcov-report/src/components/dashboard/VolumeChart.tsx.html
2:28:49 PM [vite] page reload coverage-e2e/lcov-report/src/components/dashboard/index.html
2:28:49 PM [vite] page reload coverage-e2e/lcov-report/src/components/evidence/DocumentViewer.tsx.html
2:28:49 PM [vite] page reload coverage-e2e/lcov-report/src/components/evidence/EvidenceViewer.tsx.html
2:28:49 PM [vite] page reload coverage-e2e/lcov-report/src/components/evidence/FolderTree.tsx.html
2:28:49 PM [vite] page reload coverage-e2e/lcov-report/src/components/evidence/ForensicCanvas.tsx.html
2:28:49 PM [vite] page reload coverage-e2e/lcov-report/src/components/evidence/HypothesisBoard.tsx.html
2:28:49 PM [vite] page reload coverage-e2e/lcov-report/src/components/evidence/MensReaAnalyzer.tsx.html
2:28:49 PM [vite] page reload coverage-e2e/lcov-report/src/components/evidence/TamperDetector.tsx.html
2:28:49 PM [vite] page reload coverage-e2e/lcov-report/src/components/evidence/UploadWizard.tsx.html
2:28:49 PM [vite] page reload coverage-e2e/lcov-report/src/components/evidence/index.html
2:28:49 PM [vite] page reload coverage-e2e/lcov-report/src/components/forensics/EvidenceList.tsx.html
2:28:49 PM [vite] page reload coverage-e2e/lcov-report/src/components/forensics/EvidenceViewer.tsx.html
2:28:49 PM [vite] page reload coverage-e2e/lcov-report/src/components/forensics/ForensicsErrorState.tsx.html
2:28:49 PM [vite] page reload coverage-e2e/lcov-report/src/components/forensics/ForensicsLayout.tsx.html
2:28:49 PM [vite] page reload coverage-e2e/lcov-report/src/components/forensics/ForensicsSkeleton.tsx.html
2:28:49 PM [vite] page reload coverage-e2e/lcov-report/src/components/forensics/ForensicsToolbar.tsx.html
2:28:49 PM [vite] page reload coverage-e2e/lcov-report/src/components/forensics/PdfViewer.tsx.html
2:28:49 PM [vite] page reload coverage-e2e/lcov-report/src/components/forensics/index.html
2:28:49 PM [vite] page reload coverage-e2e/lcov-report/src/components/forensics/index.ts.html
2:28:49 PM [vite] page reload coverage-e2e/lcov-report/src/components/fraud/FraudRuleBuilder.tsx.html
2:28:49 PM [vite] page reload coverage-e2e/lcov-report/src/components/fraud/index.html
2:28:49 PM [vite] page reload coverage-e2e/lcov-report/src/components/graph/EntityGraph3DWebGL.tsx.html
2:28:49 PM [vite] page reload coverage-e2e/lcov-report/src/components/graph/index.html
2:28:49 PM [vite] page reload coverage-e2e/lcov-report/src/components/i18n/LanguageSwitcher.tsx.html
2:28:49 PM [vite] page reload coverage-e2e/lcov-report/src/components/i18n/index.html
2:28:49 PM [vite] page reload coverage-e2e/lcov-report/src/components/i18n/index.ts.html
2:28:49 PM [vite] page reload coverage-e2e/lcov-report/src/components/index.html
2:28:49 PM [vite] page reload coverage-e2e/lcov-report/src/components/ingestion/DataMapping.tsx.html
2:28:49 PM [vite] page reload coverage-e2e/lcov-report/src/components/ingestion/IngestionStepper.tsx.html
2:28:49 PM [vite] page reload coverage-e2e/lcov-report/src/components/ingestion/index.html
2:28:49 PM [vite] page reload coverage-e2e/lcov-report/src/components/integration/AnalyticsTab.tsx.html
2:28:49 PM [vite] page reload coverage-e2e/lcov-report/src/components/integration/EventBusTab.tsx.html
2:28:49 PM [vite] page reload coverage-e2e/lcov-report/src/components/integration/GraphQLTab.tsx.html
2:28:49 PM [vite] page reload coverage-e2e/lcov-report/src/components/integration/IntegrationsTab.tsx.html
2:28:49 PM [vite] page reload coverage-e2e/lcov-report/src/components/integration/MarketplaceTab.tsx.html
2:28:49 PM [vite] page reload coverage-e2e/lcov-report/src/components/integration/OverviewTab.tsx.html
2:28:49 PM [vite] page reload coverage-e2e/lcov-report/src/components/integration/index.html
2:28:49 PM [vite] page reload coverage-e2e/lcov-report/src/components/intelligence/AutoReportGenerator.tsx.html
2:28:49 PM [vite] page reload coverage-e2e/lcov-report/src/components/intelligence/CourtDocumentGenerator.tsx.html
2:28:49 PM [vite] page reload coverage-e2e/lcov-report/src/components/intelligence/PredictiveDashboard.tsx.html
2:28:49 PM [vite] page reload coverage-e2e/lcov-report/src/components/intelligence/index.html
2:28:49 PM [vite] page reload coverage-e2e/lcov-report/src/components/investigation/CanvasArea.tsx.html
2:28:49 PM [vite] page reload coverage-e2e/lcov-report/src/components/investigation/EntityForm.tsx.html
2:28:49 PM [vite] page reload coverage-e2e/lcov-report/src/components/investigation/EntityNode.tsx.html
2:28:49 PM [vite] page reload coverage-e2e/lcov-report/src/components/investigation/EntityRegistry.tsx.html
2:28:49 PM [vite] page reload coverage-e2e/lcov-report/src/components/investigation/EvidenceItem.tsx.html
2:28:49 PM [vite] page reload coverage-e2e/lcov-report/src/components/investigation/GraphCanvas.tsx.html
2:28:49 PM [vite] page reload coverage-e2e/lcov-report/src/components/investigation/InvestigationCanvas.tsx.html
2:28:49 PM [vite] page reload coverage-e2e/lcov-report/src/components/investigation/InvestigationSkeleton.tsx.html
2:28:49 PM [vite] page reload coverage-e2e/lcov-report/src/components/investigation/NodeInspector.tsx.html
2:28:49 PM [vite] page reload coverage-e2e/lcov-report/src/components/investigation/PathfindingVisualizer.tsx.html
2:28:49 PM [vite] page reload coverage-e2e/lcov-report/src/components/investigation/RelationshipForm.tsx.html
2:28:49 PM [vite] page reload coverage-e2e/lcov-report/src/components/investigation/ThreeDGraph.tsx.html
2:28:49 PM [vite] page reload coverage-e2e/lcov-report/src/components/investigation/index.html
2:28:49 PM [vite] page reload coverage-e2e/lcov-report/src/components/layout/AppLayout.tsx.html
2:28:49 PM [vite] page reload coverage-e2e/lcov-report/src/components/layout/Header.tsx.html
2:28:49 PM [vite] page reload coverage-e2e/lcov-report/src/components/layout/Sidebar.tsx.html
2:28:49 PM [vite] page reload coverage-e2e/lcov-report/src/components/layout/index.html
2:28:49 PM [vite] page reload coverage-e2e/lcov-report/src/components/monitoring/MonitoringDashboard.tsx.html
2:28:49 PM [vite] page reload coverage-e2e/lcov-report/src/components/monitoring/PerformanceDashboard.tsx.html
2:28:49 PM [vite] page reload coverage-e2e/lcov-report/src/components/monitoring/SystemOrchestrationDashboard.tsx.html
2:28:49 PM [vite] page reload coverage-e2e/lcov-report/src/components/monitoring/index.html
2:28:49 PM [vite] page reload coverage-e2e/lcov-report/src/components/performance/PerformanceDashboard.tsx.html
2:28:49 PM [vite] page reload coverage-e2e/lcov-report/src/components/performance/index.html
2:28:49 PM [vite] page reload coverage-e2e/lcov-report/src/components/recon/ExceptionQueue.tsx.html
2:28:49 PM [vite] page reload coverage-e2e/lcov-report/src/components/recon/MatchCanvas.tsx.html
2:28:49 PM [vite] page reload coverage-e2e/lcov-report/src/components/recon/TransactionCard.tsx.html
2:28:49 PM [vite] page reload coverage-e2e/lcov-report/src/components/recon/index.html
2:28:49 PM [vite] page reload coverage-e2e/lcov-report/src/components/reporting/AIWriter.tsx.html
2:28:49 PM [vite] page reload coverage-e2e/lcov-report/src/components/reporting/AutoReportGenerator.tsx.html
2:28:49 PM [vite] page reload coverage-e2e/lcov-report/src/components/reporting/ConclusionWizard.tsx.html
2:28:49 PM [vite] page reload coverage-e2e/lcov-report/src/components/reporting/DossierExport.tsx.html
2:28:49 PM [vite] page reload coverage-e2e/lcov-report/src/components/reporting/FinancialHealth.tsx.html
2:28:49 PM [vite] page reload coverage-e2e/lcov-report/src/components/reporting/KeyFindings.tsx.html
2:28:49 PM [vite] page reload coverage-e2e/lcov-report/src/components/reporting/ProjectTracker.tsx.html
2:28:49 PM [vite] page reload coverage-e2e/lcov-report/src/components/reporting/ReportBuilder.tsx.html
2:28:49 PM [vite] page reload coverage-e2e/lcov-report/src/components/reporting/SuccessBanner.tsx.html
2:28:49 PM [vite] page reload coverage-e2e/lcov-report/src/components/reporting/SummaryPreview.tsx.html
2:28:49 PM [vite] page reload coverage-e2e/lcov-report/src/components/reporting/index.html
2:28:49 PM [vite] page reload coverage-e2e/lcov-report/src/components/settings/AccessibilitySettings.tsx.html
2:28:49 PM [vite] page reload coverage-e2e/lcov-report/src/components/settings/AuditLogViewer.tsx.html
2:28:49 PM [vite] page reload coverage-e2e/lcov-report/src/components/settings/GeneralSettings.tsx.html
2:28:49 PM [vite] page reload coverage-e2e/lcov-report/src/components/settings/HealthGauges.tsx.html
2:28:49 PM [vite] page reload coverage-e2e/lcov-report/src/components/settings/NotificationSettings.tsx.html
2:28:49 PM [vite] page reload coverage-e2e/lcov-report/src/components/settings/PermissionMatrix.tsx.html
2:28:49 PM [vite] page reload coverage-e2e/lcov-report/src/components/settings/RuleBuilder.tsx.html
2:28:49 PM [vite] page reload coverage-e2e/lcov-report/src/components/settings/SecuritySettings.tsx.html
2:28:49 PM [vite] page reload coverage-e2e/lcov-report/src/components/settings/SettingsErrorState.tsx.html
2:28:49 PM [vite] page reload coverage-e2e/lcov-report/src/components/settings/SettingsHeader.tsx.html
2:28:49 PM [vite] page reload coverage-e2e/lcov-report/src/components/settings/SettingsLayout.tsx.html
2:28:49 PM [vite] page reload coverage-e2e/lcov-report/src/components/settings/SettingsNavigation.tsx.html
2:28:49 PM [vite] page reload coverage-e2e/lcov-report/src/components/settings/SettingsSkeleton.tsx.html
2:28:49 PM [vite] page reload coverage-e2e/lcov-report/src/components/settings/SystemSettings.tsx.html
2:28:49 PM [vite] page reload coverage-e2e/lcov-report/src/components/settings/i18n/LanguageSwitcher.tsx.html
2:28:49 PM [vite] page reload coverage-e2e/lcov-report/src/components/settings/i18n/index.html
2:28:49 PM [vite] page reload coverage-e2e/lcov-report/src/components/settings/index.html
2:28:49 PM [vite] page reload coverage-e2e/lcov-report/src/components/settings/index.ts.html
2:28:49 PM [vite] page reload coverage-e2e/lcov-report/src/components/ui/AIInsights.tsx.html
2:28:49 PM [vite] page reload coverage-e2e/lcov-report/src/components/ui/AccessibleButton.tsx.html
2:28:49 PM [vite] page reload coverage-e2e/lcov-report/src/components/ui/AccessibleForm.tsx.html
2:28:49 PM [vite] page reload coverage-e2e/lcov-report/src/components/ui/AccessibleModal.tsx.html
2:28:49 PM [vite] page reload coverage-e2e/lcov-report/src/components/ui/AgentStatusStream.tsx.html
2:28:49 PM [vite] page reload coverage-e2e/lcov-report/src/components/ui/Alert.tsx.html
2:28:49 PM [vite] page reload coverage-e2e/lcov-report/src/components/ui/Avatar.tsx.html
2:28:49 PM [vite] page reload coverage-e2e/lcov-report/src/components/ui/Badge.tsx.html
2:28:49 PM [vite] page reload coverage-e2e/lcov-report/src/components/ui/Button.tsx.html
2:28:49 PM [vite] page reload coverage-e2e/lcov-report/src/components/ui/Card.tsx.html
2:28:49 PM [vite] page reload coverage-e2e/lcov-report/src/components/ui/Checkbox.tsx.html
2:28:49 PM [vite] page reload coverage-e2e/lcov-report/src/components/ui/DataGrid.tsx.html
2:28:49 PM [vite] page reload coverage-e2e/lcov-report/src/components/ui/Dialog.tsx.html
2:28:49 PM [vite] page reload coverage-e2e/lcov-report/src/components/ui/DraftPreview.tsx.html
2:28:49 PM [vite] page reload coverage-e2e/lcov-report/src/components/ui/FileDropZone.tsx.html
2:28:49 PM [vite] page reload coverage-e2e/lcov-report/src/components/ui/Input.tsx.html
2:28:49 PM [vite] page reload coverage-e2e/lcov-report/src/components/ui/KeyboardShortcutsModal.tsx.html
2:28:49 PM [vite] page reload coverage-e2e/lcov-report/src/components/ui/Label.tsx.html
2:28:49 PM [vite] page reload coverage-e2e/lcov-report/src/components/ui/Pagination.tsx.html
2:28:49 PM [vite] page reload coverage-e2e/lcov-report/src/components/ui/Progress.tsx.html
2:28:49 PM [vite] page reload coverage-e2e/lcov-report/src/components/ui/ProgressBar.tsx.html
2:28:49 PM [vite] page reload coverage-e2e/lcov-report/src/components/ui/ProgressiveDisclosure.tsx.html
2:28:49 PM [vite] page reload coverage-e2e/lcov-report/src/components/ui/ResizablePanel.tsx.html
2:28:49 PM [vite] page reload coverage-e2e/lcov-report/src/components/ui/ScrollArea.tsx.html
2:28:49 PM [vite] page reload coverage-e2e/lcov-report/src/components/ui/Select.tsx.html
2:28:49 PM [vite] page reload coverage-e2e/lcov-report/src/components/ui/SemanticSearch.tsx.html
2:28:49 PM [vite] page reload coverage-e2e/lcov-report/src/components/ui/Separator.tsx.html
2:28:49 PM [vite] page reload coverage-e2e/lcov-report/src/components/ui/Skeleton.tsx.html
2:28:49 PM [vite] page reload coverage-e2e/lcov-report/src/components/ui/Slider.tsx.html
2:28:49 PM [vite] page reload coverage-e2e/lcov-report/src/components/ui/SplitView.tsx.html
2:28:49 PM [vite] page reload coverage-e2e/lcov-report/src/components/ui/StandardizedErrorDisplay.tsx.html
2:28:49 PM [vite] page reload coverage-e2e/lcov-report/src/components/ui/StatusIndicator.tsx.html
2:28:49 PM [vite] page reload coverage-e2e/lcov-report/src/components/ui/Switch.tsx.html
2:28:49 PM [vite] page reload coverage-e2e/lcov-report/src/components/ui/SyncStatus.tsx.html
2:28:49 PM [vite] page reload coverage-e2e/lcov-report/src/components/ui/Table.tsx.html
2:28:49 PM [vite] page reload coverage-e2e/lcov-report/src/components/ui/Tabs.tsx.html
2:28:49 PM [vite] page reload coverage-e2e/lcov-report/src/components/ui/Textarea.tsx.html
2:28:49 PM [vite] page reload coverage-e2e/lcov-report/src/components/ui/VirtualList.tsx.html
2:28:49 PM [vite] page reload coverage-e2e/lcov-report/src/components/ui/VirtualizedList.tsx.html
2:28:49 PM [vite] page reload coverage-e2e/lcov-report/src/components/ui/index.html
2:28:49 PM [vite] page reload coverage-e2e/lcov-report/src/components/visualizations/NetworkGraph.tsx.html
2:28:49 PM [vite] page reload coverage-e2e/lcov-report/src/components/visualizations/index.html
2:28:49 PM [vite] page reload coverage-e2e/lcov-report/src/config.ts.html
2:28:49 PM [vite] page reload coverage-e2e/lcov-report/src/context/AIContext.tsx.html
2:28:49 PM [vite] page reload coverage-e2e/lcov-report/src/context/AccessibilityContext.tsx.html
2:28:49 PM [vite] page reload coverage-e2e/lcov-report/src/context/AuthContext.ts.html
2:28:49 PM [vite] page reload coverage-e2e/lcov-report/src/context/NetworkStatusContext.ts.html
2:28:49 PM [vite] page reload coverage-e2e/lcov-report/src/context/OfflineQueueContext.ts.html
2:28:49 PM [vite] page reload coverage-e2e/lcov-report/src/context/TourContext.tsx.html
2:28:49 PM [vite] page reload coverage-e2e/lcov-report/src/context/index.html
2:28:49 PM [vite] page reload coverage-e2e/lcov-report/src/hooks/index.html
2:28:49 PM [vite] page reload coverage-e2e/lcov-report/src/hooks/use-toast.ts.html
2:28:49 PM [vite] page reload coverage-e2e/lcov-report/src/hooks/useAccessibility.ts.html
2:28:49 PM [vite] page reload coverage-e2e/lcov-report/src/hooks/useAlerts.ts.html
2:28:49 PM [vite] page reload coverage-e2e/lcov-report/src/hooks/useApiError.ts.html
2:28:49 PM [vite] page reload coverage-e2e/lcov-report/src/hooks/useApiWithRetry.ts.html
2:28:49 PM [vite] page reload coverage-e2e/lcov-report/src/hooks/useAuth.ts.html
2:28:49 PM [vite] page reload coverage-e2e/lcov-report/src/hooks/useCases.ts.html
2:28:49 PM [vite] page reload coverage-e2e/lcov-report/src/hooks/useCollaboration.ts.html
2:28:49 PM [vite] page reload coverage-e2e/lcov-report/src/hooks/useContextAwareAI.ts.html
2:28:49 PM [vite] page reload coverage-e2e/lcov-report/src/hooks/useDashboard.ts.html
2:28:49 PM [vite] page reload coverage-e2e/lcov-report/src/hooks/useDashboardMetrics.ts.html
2:28:49 PM [vite] page reload coverage-e2e/lcov-report/src/hooks/useEvidence.ts.html
2:28:49 PM [vite] page reload coverage-e2e/lcov-report/src/hooks/useFormValidation.ts.html
2:28:49 PM [vite] page reload coverage-e2e/lcov-report/src/hooks/useGraphData.ts.html
2:28:49 PM [vite] page reload coverage-e2e/lcov-report/src/hooks/useHttpClient.tsx.html
2:28:49 PM [vite] page reload coverage-e2e/lcov-report/src/hooks/useKeyboardNavigation.tsx.html
2:28:49 PM [vite] page reload coverage-e2e/lcov-report/src/hooks/useMemoryCleanup.ts.html
2:28:49 PM [vite] page reload coverage-e2e/lcov-report/src/hooks/useNetworkStatus.ts.html
2:28:49 PM [vite] page reload coverage-e2e/lcov-report/src/hooks/useOfflineQueue.ts.html
2:28:49 PM [vite] page reload coverage-e2e/lcov-report/src/hooks/usePerformanceMonitor.ts.html
2:28:49 PM [vite] page reload coverage-e2e/lcov-report/src/hooks/usePersistedState.ts.html
2:28:49 PM [vite] page reload coverage-e2e/lcov-report/src/hooks/useResizeObserver.ts.html
2:28:49 PM [vite] page reload coverage-e2e/lcov-report/src/hooks/useRoleBasedLayout.ts.html
2:28:49 PM [vite] page reload coverage-e2e/lcov-report/src/hooks/useSanitizedHTML.tsx.html
2:28:49 PM [vite] page reload coverage-e2e/lcov-report/src/hooks/useSettings.ts.html
2:28:49 PM [vite] page reload coverage-e2e/lcov-report/src/hooks/useTouchGestures.ts.html
2:28:49 PM [vite] page reload coverage-e2e/lcov-report/src/hooks/useWebSocketClient.tsx.html
2:28:49 PM [vite] page reload coverage-e2e/lcov-report/src/hooks/useWebSocketQueue.ts.html
2:28:49 PM [vite] page reload coverage-e2e/lcov-report/src/i18n/config.ts.html
2:28:49 PM [vite] page reload coverage-e2e/lcov-report/src/i18n/index.html
2:28:49 PM [vite] page reload coverage-e2e/lcov-report/src/index.html
2:28:49 PM [vite] page reload coverage-e2e/lcov-report/src/lib/AIFraudDetection.ts.html
2:28:49 PM [vite] page reload coverage-e2e/lcov-report/src/lib/LocalDataManager.ts.html
2:28:49 PM [vite] page reload coverage-e2e/lcov-report/src/lib/accessibility/aria-helpers.ts.html
2:28:49 PM [vite] page reload coverage-e2e/lcov-report/src/lib/accessibility/focus-management.ts.html
2:28:49 PM [vite] page reload coverage-e2e/lcov-report/src/lib/accessibility/index.html
2:28:49 PM [vite] page reload coverage-e2e/lcov-report/src/lib/accessibility/keyboard-navigation.ts.html
2:28:49 PM [vite] page reload coverage-e2e/lcov-report/src/lib/accessibility.ts.html
2:28:49 PM [vite] page reload coverage-e2e/lcov-report/src/lib/advancedAI.ts.html
2:28:49 PM [vite] page reload coverage-e2e/lcov-report/src/lib/advancedMonitoring.ts.html
2:28:49 PM [vite] page reload coverage-e2e/lcov-report/src/lib/advancedTesting.ts.html
2:28:49 PM [vite] page reload coverage-e2e/lcov-report/src/lib/api.ts.html
2:28:49 PM [vite] page reload coverage-e2e/lcov-report/src/lib/chaosEngineering.ts.html
2:28:49 PM [vite] page reload coverage-e2e/lcov-report/src/lib/circuitBreaker.ts.html
2:28:49 PM [vite] page reload coverage-e2e/lcov-report/src/lib/electron.ts.html
2:28:49 PM [vite] page reload coverage-e2e/lcov-report/src/lib/formatters.ts.html
2:28:49 PM [vite] page reload coverage-e2e/lcov-report/src/lib/index.html
2:28:49 PM [vite] page reload coverage-e2e/lcov-report/src/lib/keyboardShortcuts.ts.html
2:28:49 PM [vite] page reload coverage-e2e/lcov-report/src/lib/reliabilityManager.ts.html
2:28:49 PM [vite] page reload coverage-e2e/lcov-report/src/lib/testGenerator.ts.html
2:28:49 PM [vite] page reload coverage-e2e/lcov-report/src/lib/utils.ts.html
2:28:49 PM [vite] page reload coverage-e2e/lcov-report/src/main.tsx.html
2:28:49 PM [vite] page reload coverage-e2e/lcov-report/src/pages/AdjudicationQueue.tsx.html
2:28:49 PM [vite] page reload coverage-e2e/lcov-report/src/pages/AgentApprovals.tsx.html
2:28:49 PM [vite] page reload coverage-e2e/lcov-report/src/pages/AgentDrafts.tsx.html
2:28:49 PM [vite] page reload coverage-e2e/lcov-report/src/pages/Cases.tsx.html
2:28:49 PM [vite] page reload coverage-e2e/lcov-report/src/pages/CasesRefactored.tsx.html
2:28:49 PM [vite] page reload coverage-e2e/lcov-report/src/pages/ComplianceMonitoring.tsx.html
2:28:49 PM [vite] page reload coverage-e2e/lcov-report/src/pages/Dashboard.tsx.html
2:28:49 PM [vite] page reload coverage-e2e/lcov-report/src/pages/DesignSystemShowcase.tsx.html
2:28:49 PM [vite] page reload coverage-e2e/lcov-report/src/pages/EnhancedEvidenceLocker.tsx.html
2:28:49 PM [vite] page reload coverage-e2e/lcov-report/src/pages/Forensics.tsx.html
2:28:49 PM [vite] page reload coverage-e2e/lcov-report/src/pages/ForensicsRefactored.tsx.html
2:28:49 PM [vite] page reload coverage-e2e/lcov-report/src/pages/Ingestion.tsx.html
2:28:49 PM [vite] page reload coverage-e2e/lcov-report/src/pages/Investigation.tsx.html
2:28:49 PM [vite] page reload coverage-e2e/lcov-report/src/pages/Login.tsx.html
2:28:49 PM [vite] page reload coverage-e2e/lcov-report/src/pages/NetworkAnalysis.tsx.html
2:28:49 PM [vite] page reload coverage-e2e/lcov-report/src/pages/NotFound.tsx.html
2:28:49 PM [vite] page reload coverage-e2e/lcov-report/src/pages/PerformanceDashboard.tsx.html
2:28:49 PM [vite] page reload coverage-e2e/lcov-report/src/pages/ProjectSelection.tsx.html
2:28:49 PM [vite] page reload coverage-e2e/lcov-report/src/pages/ProofVisualizationRoute.tsx.html
2:28:49 PM [vite] page reload coverage-e2e/lcov-report/src/pages/Reconciliation.tsx.html
2:28:49 PM [vite] page reload coverage-e2e/lcov-report/src/pages/RegulatoryIntelligence.tsx.html
2:28:49 PM [vite] page reload coverage-e2e/lcov-report/src/pages/Reporting.tsx.html
2:28:49 PM [vite] page reload coverage-e2e/lcov-report/src/pages/SARCreation.tsx.html
2:28:49 PM [vite] page reload coverage-e2e/lcov-report/src/pages/Settings.tsx.html
2:28:49 PM [vite] page reload coverage-e2e/lcov-report/src/pages/Setup.tsx.html
2:28:49 PM [vite] page reload coverage-e2e/lcov-report/src/pages/SystemDiagnosticsCenter.tsx.html
2:28:49 PM [vite] page reload coverage-e2e/lcov-report/src/pages/index.html
2:28:49 PM [vite] page reload coverage-e2e/lcov-report/src/pages/settings/components/GeneralTab.tsx.html
2:28:49 PM [vite] page reload coverage-e2e/lcov-report/src/pages/settings/components/index.html
2:28:49 PM [vite] page reload coverage-e2e/lcov-report/src/providers/AppProviders.tsx.html
2:28:49 PM [vite] page reload coverage-e2e/lcov-report/src/providers/AuthProvider.tsx.html
2:28:49 PM [vite] page reload coverage-e2e/lcov-report/src/providers/AuthenticationProvider.tsx.html
2:28:49 PM [vite] page reload coverage-e2e/lcov-report/src/providers/LocaleProvider.tsx.html
2:28:49 PM [vite] page reload coverage-e2e/lcov-report/src/providers/NetworkStatusProvider.tsx.html
2:28:49 PM [vite] page reload coverage-e2e/lcov-report/src/providers/OfflineQueueContext.tsx.html
2:28:49 PM [vite] page reload coverage-e2e/lcov-report/src/providers/ToastProvider.tsx.html
2:28:49 PM [vite] page reload coverage-e2e/lcov-report/src/providers/WebSocketProvider.tsx.html
2:28:49 PM [vite] page reload coverage-e2e/lcov-report/src/providers/index.html
2:28:49 PM [vite] page reload coverage-e2e/lcov-report/src/services/CaseSyncEngine.ts.html
2:28:49 PM [vite] page reload coverage-e2e/lcov-report/src/services/EvidenceScorer.ts.html
2:28:49 PM [vite] page reload coverage-e2e/lcov-report/src/services/ai.ts.html
2:28:49 PM [vite] page reload coverage-e2e/lcov-report/src/services/alerts.ts.html
2:28:49 PM [vite] page reload coverage-e2e/lcov-report/src/services/approvalService.ts.html
2:28:49 PM [vite] page reload coverage-e2e/lcov-report/src/services/auth.ts.html
2:28:49 PM [vite] page reload coverage-e2e/lcov-report/src/services/cases.ts.html
2:28:49 PM [vite] page reload coverage-e2e/lcov-report/src/services/client.ts.html
2:28:49 PM [vite] page reload coverage-e2e/lcov-report/src/services/compliance.ts.html
2:28:49 PM [vite] page reload coverage-e2e/lcov-report/src/services/complianceMonitoring.ts.html
2:28:49 PM [vite] page reload coverage-e2e/lcov-report/src/services/costOptimization.ts.html
2:28:49 PM [vite] page reload coverage-e2e/lcov-report/src/services/diagnosticsService.ts.html
2:28:49 PM [vite] page reload coverage-e2e/lcov-report/src/services/draftPreviewService.ts.html
2:28:49 PM [vite] page reload coverage-e2e/lcov-report/src/services/errorReporting.ts.html
2:28:49 PM [vite] page reload coverage-e2e/lcov-report/src/services/evidence.ts.html
2:28:49 PM [vite] page reload coverage-e2e/lcov-report/src/services/fileProcessing.ts.html
2:28:49 PM [vite] page reload coverage-e2e/lcov-report/src/services/graph.ts.html
2:28:49 PM [vite] page reload coverage-e2e/lcov-report/src/services/index.html
2:28:49 PM [vite] page reload coverage-e2e/lcov-report/src/services/integrations.ts.html
2:28:49 PM [vite] page reload coverage-e2e/lcov-report/src/services/intelligenceService.ts.html
2:28:49 PM [vite] page reload coverage-e2e/lcov-report/src/services/monitoring.ts.html
2:28:49 PM [vite] page reload coverage-e2e/lcov-report/src/services/notifications.ts.html
2:28:49 PM [vite] page reload coverage-e2e/lcov-report/src/services/onboarding.ts.html
2:28:49 PM [vite] page reload coverage-e2e/lcov-report/src/services/reconciliation.ts.html
2:28:49 PM [vite] page reload coverage-e2e/lcov-report/src/services/reporting.ts.html
2:28:49 PM [vite] page reload coverage-e2e/lcov-report/src/services/settings.ts.html
2:28:49 PM [vite] page reload coverage-e2e/lcov-report/src/services/socket.ts.html
2:28:49 PM [vite] page reload coverage-e2e/lcov-report/src/services/sync.ts.html
2:28:49 PM [vite] page reload coverage-e2e/lcov-report/src/services/syncOrchestrator.ts.html
2:28:49 PM [vite] page reload coverage-e2e/lcov-report/src/services/user.ts.html
2:28:49 PM [vite] page reload coverage-e2e/lcov-report/src/store/globalStore.ts.html
2:28:49 PM [vite] page reload coverage-e2e/lcov-report/src/store/index.html
2:28:49 PM [vite] page reload coverage-e2e/lcov-report/src/store/projectStore.ts.html
2:28:49 PM [vite] page reload coverage-e2e/lcov-report/src/store/reconciliationStore.ts.html
2:28:49 PM [vite] page reload coverage-e2e/lcov-report/src/store/useAuthStore.ts.html
2:28:49 PM [vite] page reload coverage-e2e/lcov-report/src/store/useIngestionStore.ts.html
2:28:49 PM [vite] page reload coverage-e2e/lcov-report/src/store/useUIStore.ts.html
2:28:49 PM [vite] page reload coverage-e2e/lcov-report/src/types/declarations.d.ts.html
2:28:49 PM [vite] page reload coverage-e2e/lcov-report/src/types/electron.d.ts.html
2:28:49 PM [vite] page reload coverage-e2e/lcov-report/src/types/index.html
2:28:49 PM [vite] page reload coverage-e2e/lcov-report/src/types/locale.ts.html
2:28:49 PM [vite] page reload coverage-e2e/lcov-report/src/types/react-pdf-highlighter-extended.d.ts.html
2:28:49 PM [vite] page reload coverage-e2e/lcov-report/src/utils/antiDebug.ts.html
2:28:49 PM [vite] page reload coverage-e2e/lcov-report/src/utils/csrfProtection.ts.html
2:28:49 PM [vite] page reload coverage-e2e/lcov-report/src/utils/electron.ts.html
2:28:49 PM [vite] page reload coverage-e2e/lcov-report/src/utils/electronStore.ts.html
2:28:49 PM [vite] page reload coverage-e2e/lcov-report/src/utils/errorHandler.ts.html
2:28:49 PM [vite] page reload coverage-e2e/lcov-report/src/utils/index.html
2:28:49 PM [vite] page reload coverage-e2e/lcov-report/src/utils/logger.ts.html
2:28:49 PM [vite] page reload coverage-e2e/lcov-report/src/utils/performanceMonitor.ts.html
2:28:49 PM [vite] page reload coverage-e2e/lcov-report/src/utils/secureLogger.ts.html
2:28:49 PM [vite] page reload coverage-e2e/lcov-report/src/utils/secureRandom.ts.html
2:28:49 PM [vite] page reload coverage-e2e/lcov-report/src/utils/secureTokenStorage.ts.html
2:28:49 PM [vite] page reload coverage-e2e/lcov-report/src/utils/validation.ts.html
2:28:49 PM [vite] page reload coverage-e2e/lcov-report/src/utils/verifyIntegrity.ts.html
2:28:49 PM [vite] page reload coverage-e2e/lcov-report/src/utils/webVitals.ts.html
2:28:49 PM [vite] page reload coverage-e2e/lcov-report/src/vite-env.d.ts.html
2:28:49 PM [vite] page reload coverage-e2e/src/components/CaseProgressBar.tsx.html
2:28:49 PM [vite] page reload coverage-e2e/src/components/CollaborativeEditor.tsx.html
2:28:49 PM [vite] page reload coverage-e2e/src/components/DigitalDossierGenerator.tsx.html
2:28:49 PM [vite] page reload coverage-e2e/src/components/OnboardingWizard.tsx.html
2:28:49 PM [vite] page reload coverage-e2e/src/components/accessibility/AccessibilityChecker.tsx.html
2:28:49 PM [vite] page reload coverage-e2e/src/components/accessibility/AccessibilitySettings.tsx.html
2:28:49 PM [vite] page reload coverage-e2e/src/components/accessibility/index.html
2:28:49 PM [vite] page reload coverage-e2e/src/components/adjudication/AdjudicationLayout.tsx.html
2:28:49 PM [vite] page reload coverage-e2e/src/components/adjudication/AlertDetail.tsx.html
2:28:49 PM [vite] page reload coverage-e2e/src/components/adjudication/AlertList.tsx.html
2:28:49 PM [vite] page reload coverage-e2e/src/components/adjudication/AlertListItem.tsx.html
2:28:49 PM [vite] page reload coverage-e2e/src/components/adjudication/ContextTabs.tsx.html
2:28:49 PM [vite] page reload coverage-e2e/src/components/adjudication/DecisionPanel.tsx.html
2:28:49 PM [vite] page reload coverage-e2e/src/components/adjudication/index.html
2:28:49 PM [vite] page reload coverage-e2e/src/components/adjudication/tabs/AIReasoningTab.tsx.html
2:28:49 PM [vite] page reload coverage-e2e/src/components/adjudication/tabs/ContextTab.tsx.html
2:28:49 PM [vite] page reload coverage-e2e/src/components/adjudication/tabs/GraphTab.tsx.html
2:28:49 PM [vite] page reload coverage-e2e/src/components/adjudication/tabs/HistoryTab.tsx.html
2:28:49 PM [vite] page reload coverage-e2e/src/components/adjudication/tabs/index.html
2:28:49 PM [vite] page reload coverage-e2e/src/components/advanced/ai/AiPerformanceMonitor.tsx.html
2:28:49 PM [vite] page reload coverage-e2e/src/components/advanced/ai/MultimodalAnalyzer.tsx.html
2:28:49 PM [vite] page reload coverage-e2e/src/components/advanced/ai/RagSearchInterface.tsx.html
2:28:49 PM [vite] page reload coverage-e2e/src/components/advanced/ai/RedTeamDashboard.tsx.html
2:28:49 PM [vite] page reload coverage-e2e/src/components/advanced/ai/index.html
2:28:49 PM [vite] page reload coverage-e2e/src/components/ai/AIAssistant.tsx.html
2:28:49 PM [vite] page reload coverage-e2e/src/components/ai/AIIntelligenceDashboard.tsx.html
2:28:49 PM [vite] page reload coverage-e2e/src/components/ai/AdvancedComplianceDashboard.tsx.html
2:28:49 PM [vite] page reload coverage-e2e/src/components/ai/CodeReviewDashboard.tsx.html
2:28:49 PM [vite] page reload coverage-e2e/src/components/ai/PredictiveMaintenanceDashboard.tsx.html
2:28:49 PM [vite] page reload coverage-e2e/src/components/ai/index.html
2:28:49 PM [vite] page reload coverage-e2e/src/components/auth/LoginForm.tsx.html
2:28:49 PM [vite] page reload coverage-e2e/src/components/auth/index.html
2:28:49 PM [vite] page reload coverage-e2e/src/components/cases/CaseActions.tsx.html
2:28:49 PM [vite] page reload coverage-e2e/src/components/cases/CaseHeader.tsx.html
2:28:49 PM [vite] page reload coverage-e2e/src/components/cases/CaseKanban.tsx.html
2:28:49 PM [vite] page reload coverage-e2e/src/components/cases/CasePreviewDrawer.tsx.html
2:28:49 PM [vite] page reload coverage-e2e/src/components/cases/CaseTable.tsx.html
2:28:49 PM [vite] page reload coverage-e2e/src/components/cases/FacetedFilter.tsx.html
2:28:49 PM [vite] page reload coverage-e2e/src/components/cases/InvestigationWizard.tsx.html
2:28:49 PM [vite] page reload coverage-e2e/src/components/cases/NewInvestigationWizard.tsx.html
2:28:49 PM [vite] page reload coverage-e2e/src/components/cases/RichCaseCard.tsx.html
2:28:49 PM [vite] page reload coverage-e2e/src/components/cases/index.html
2:28:49 PM [vite] page reload coverage-e2e/src/components/collaboration/CollaborativeEditor.tsx.html
2:28:49 PM [vite] page reload coverage-e2e/src/components/collaboration/EvidenceBoard.tsx.html
2:28:49 PM [vite] page reload coverage-e2e/src/components/collaboration/HypothesisBoard.tsx.html
2:28:49 PM [vite] page reload coverage-e2e/src/components/collaboration/MensReaAnalyzer.tsx.html
2:28:49 PM [vite] page reload coverage-e2e/src/components/collaboration/index.html
2:28:49 PM [vite] page reload coverage-e2e/src/components/common/EmptyState.tsx.html
2:28:49 PM [vite] page reload coverage-e2e/src/components/common/ErrorBoundary.tsx.html
2:28:49 PM [vite] page reload coverage-e2e/src/components/common/EvidenceSpotlight.tsx.html
2:28:49 PM [vite] page reload coverage-e2e/src/components/common/JourneyProgress.tsx.html
2:28:49 PM [vite] page reload coverage-e2e/src/components/common/ProjectSwitcher.tsx.html
2:28:49 PM [vite] page reload coverage-e2e/src/components/common/RookieChecklist.tsx.html
2:28:49 PM [vite] page reload coverage-e2e/src/components/common/Spinner.tsx.html
2:28:49 PM [vite] page reload coverage-e2e/src/components/common/TourSpotlight.tsx.html
2:28:49 PM [vite] page reload coverage-e2e/src/components/common/WelcomeMessage.tsx.html
2:28:49 PM [vite] page reload coverage-e2e/src/components/common/index.html
2:28:49 PM [vite] page reload coverage-e2e/src/components/compliance/SARCreationWizard.tsx.html
2:28:49 PM [vite] page reload coverage-e2e/src/components/compliance/index.html
2:28:49 PM [vite] page reload coverage-e2e/src/components/dashboard/AIWatchtower.tsx.html
2:28:49 PM [vite] page reload coverage-e2e/src/components/dashboard/CostOptimizationWidget.tsx.html
2:28:49 PM [vite] page reload coverage-e2e/src/components/dashboard/LiveQueue.tsx.html
2:28:49 PM [vite] page reload coverage-e2e/src/components/dashboard/MetricCard.tsx.html
2:28:49 PM [vite] page reload coverage-e2e/src/components/dashboard/MetricSparkline.tsx.html
2:28:49 PM [vite] page reload coverage-e2e/src/components/dashboard/MovableDashboard.tsx.html
2:28:49 PM [vite] page reload coverage-e2e/src/components/dashboard/PredictiveDashboard.tsx.html
2:28:49 PM [vite] page reload coverage-e2e/src/components/dashboard/ProofVisualizationCard.tsx.html
2:28:49 PM [vite] page reload coverage-e2e/src/components/dashboard/RiskDistributionChart.tsx.html
2:28:49 PM [vite] page reload coverage-e2e/src/components/dashboard/ThreatMap.tsx.html
2:28:49 PM [vite] page reload coverage-e2e/src/components/dashboard/VolumeChart.tsx.html
2:28:49 PM [vite] page reload coverage-e2e/src/components/dashboard/index.html
2:28:49 PM [vite] page reload coverage-e2e/src/components/evidence/DocumentViewer.tsx.html
2:28:49 PM [vite] page reload coverage-e2e/src/components/evidence/EvidenceViewer.tsx.html
2:28:49 PM [vite] page reload coverage-e2e/src/components/evidence/FolderTree.tsx.html
2:28:49 PM [vite] page reload coverage-e2e/src/components/evidence/ForensicCanvas.tsx.html
2:28:49 PM [vite] page reload coverage-e2e/src/components/evidence/HypothesisBoard.tsx.html
2:28:49 PM [vite] page reload coverage-e2e/src/components/evidence/MensReaAnalyzer.tsx.html
2:28:49 PM [vite] page reload coverage-e2e/src/components/evidence/TamperDetector.tsx.html
2:28:49 PM [vite] page reload coverage-e2e/src/components/evidence/UploadWizard.tsx.html
2:28:49 PM [vite] page reload coverage-e2e/src/components/evidence/index.html
2:28:49 PM [vite] page reload coverage-e2e/src/components/forensics/EvidenceList.tsx.html
2:28:49 PM [vite] page reload coverage-e2e/src/components/forensics/EvidenceViewer.tsx.html
2:28:49 PM [vite] page reload coverage-e2e/src/components/forensics/ForensicsErrorState.tsx.html
2:28:49 PM [vite] page reload coverage-e2e/src/components/forensics/ForensicsLayout.tsx.html
2:28:49 PM [vite] page reload coverage-e2e/src/components/forensics/ForensicsSkeleton.tsx.html
2:28:49 PM [vite] page reload coverage-e2e/src/components/forensics/ForensicsToolbar.tsx.html
2:28:49 PM [vite] page reload coverage-e2e/src/components/forensics/PdfViewer.tsx.html
2:28:49 PM [vite] page reload coverage-e2e/src/components/forensics/index.html
2:28:49 PM [vite] page reload coverage-e2e/src/components/forensics/index.ts.html
2:28:49 PM [vite] page reload coverage-e2e/src/components/fraud/FraudRuleBuilder.tsx.html
2:28:49 PM [vite] page reload coverage-e2e/src/components/fraud/index.html
2:28:49 PM [vite] page reload coverage-e2e/src/components/graph/EntityGraph3DWebGL.tsx.html
2:28:49 PM [vite] page reload coverage-e2e/src/components/graph/index.html
2:28:49 PM [vite] page reload coverage-e2e/src/components/i18n/LanguageSwitcher.tsx.html
2:28:49 PM [vite] page reload coverage-e2e/src/components/i18n/index.html
2:28:49 PM [vite] page reload coverage-e2e/src/components/i18n/index.ts.html
2:28:49 PM [vite] page reload coverage-e2e/src/components/index.html
2:28:49 PM [vite] page reload coverage-e2e/src/components/ingestion/DataMapping.tsx.html
2:28:49 PM [vite] page reload coverage-e2e/src/components/ingestion/IngestionStepper.tsx.html
2:28:49 PM [vite] page reload coverage-e2e/src/components/ingestion/index.html
2:28:49 PM [vite] page reload coverage-e2e/src/components/integration/AnalyticsTab.tsx.html
2:28:49 PM [vite] page reload coverage-e2e/src/components/integration/EventBusTab.tsx.html
2:28:49 PM [vite] page reload coverage-e2e/src/components/integration/GraphQLTab.tsx.html
2:28:49 PM [vite] page reload coverage-e2e/src/components/integration/IntegrationsTab.tsx.html
2:28:49 PM [vite] page reload coverage-e2e/src/components/integration/MarketplaceTab.tsx.html
2:28:49 PM [vite] page reload coverage-e2e/src/components/integration/OverviewTab.tsx.html
2:28:49 PM [vite] page reload coverage-e2e/src/components/integration/index.html
2:28:49 PM [vite] page reload coverage-e2e/src/components/intelligence/AutoReportGenerator.tsx.html
2:28:49 PM [vite] page reload coverage-e2e/src/components/intelligence/CourtDocumentGenerator.tsx.html
2:28:49 PM [vite] page reload coverage-e2e/src/components/intelligence/PredictiveDashboard.tsx.html
2:28:49 PM [vite] page reload coverage-e2e/src/components/intelligence/index.html
2:28:49 PM [vite] page reload coverage-e2e/src/components/investigation/CanvasArea.tsx.html
2:28:49 PM [vite] page reload coverage-e2e/src/components/investigation/EntityForm.tsx.html
2:28:49 PM [vite] page reload coverage-e2e/src/components/investigation/EntityNode.tsx.html
2:28:49 PM [vite] page reload coverage-e2e/src/components/investigation/EntityRegistry.tsx.html
2:28:49 PM [vite] page reload coverage-e2e/src/components/investigation/EvidenceItem.tsx.html
2:28:49 PM [vite] page reload coverage-e2e/src/components/investigation/GraphCanvas.tsx.html
2:28:49 PM [vite] page reload coverage-e2e/src/components/investigation/InvestigationCanvas.tsx.html
2:28:49 PM [vite] page reload coverage-e2e/src/components/investigation/InvestigationSkeleton.tsx.html
2:28:49 PM [vite] page reload coverage-e2e/src/components/investigation/NodeInspector.tsx.html
2:28:49 PM [vite] page reload coverage-e2e/src/components/investigation/PathfindingVisualizer.tsx.html
2:28:49 PM [vite] page reload coverage-e2e/src/components/investigation/RelationshipForm.tsx.html
2:28:49 PM [vite] page reload coverage-e2e/src/components/investigation/ThreeDGraph.tsx.html
2:28:49 PM [vite] page reload coverage-e2e/src/components/investigation/index.html
2:28:49 PM [vite] page reload coverage-e2e/src/components/layout/AppLayout.tsx.html
2:28:49 PM [vite] page reload coverage-e2e/src/components/layout/Header.tsx.html
2:28:49 PM [vite] page reload coverage-e2e/src/components/layout/Sidebar.tsx.html
2:28:49 PM [vite] page reload coverage-e2e/src/components/layout/index.html
2:28:49 PM [vite] page reload coverage-e2e/src/components/monitoring/MonitoringDashboard.tsx.html
2:28:49 PM [vite] page reload coverage-e2e/src/components/monitoring/PerformanceDashboard.tsx.html
2:28:49 PM [vite] page reload coverage-e2e/src/components/monitoring/SystemOrchestrationDashboard.tsx.html
2:28:49 PM [vite] page reload coverage-e2e/src/components/monitoring/index.html
2:28:49 PM [vite] page reload coverage-e2e/src/components/performance/PerformanceDashboard.tsx.html
2:28:49 PM [vite] page reload coverage-e2e/src/components/performance/index.html
2:28:49 PM [vite] page reload coverage-e2e/src/components/recon/ExceptionQueue.tsx.html
2:28:49 PM [vite] page reload coverage-e2e/src/components/recon/MatchCanvas.tsx.html
2:28:49 PM [vite] page reload coverage-e2e/src/components/recon/TransactionCard.tsx.html
2:28:49 PM [vite] page reload coverage-e2e/src/components/recon/index.html
2:28:49 PM [vite] page reload coverage-e2e/src/components/reporting/AIWriter.tsx.html
2:28:49 PM [vite] page reload coverage-e2e/src/components/reporting/AutoReportGenerator.tsx.html
2:28:49 PM [vite] page reload coverage-e2e/src/components/reporting/ConclusionWizard.tsx.html
2:28:49 PM [vite] page reload coverage-e2e/src/components/reporting/DossierExport.tsx.html
2:28:49 PM [vite] page reload coverage-e2e/src/components/reporting/FinancialHealth.tsx.html
2:28:49 PM [vite] page reload coverage-e2e/src/components/reporting/KeyFindings.tsx.html
2:28:49 PM [vite] page reload coverage-e2e/src/components/reporting/ProjectTracker.tsx.html
2:28:49 PM [vite] page reload coverage-e2e/src/components/reporting/ReportBuilder.tsx.html
2:28:49 PM [vite] page reload coverage-e2e/src/components/reporting/SuccessBanner.tsx.html
2:28:49 PM [vite] page reload coverage-e2e/src/components/reporting/SummaryPreview.tsx.html
2:28:49 PM [vite] page reload coverage-e2e/src/components/reporting/index.html
2:28:49 PM [vite] page reload coverage-e2e/src/components/settings/AccessibilitySettings.tsx.html
2:28:49 PM [vite] page reload coverage-e2e/src/components/settings/AuditLogViewer.tsx.html
2:28:49 PM [vite] page reload coverage-e2e/src/components/settings/GeneralSettings.tsx.html
2:28:49 PM [vite] page reload coverage-e2e/src/components/settings/HealthGauges.tsx.html
2:28:49 PM [vite] page reload coverage-e2e/src/components/settings/NotificationSettings.tsx.html
2:28:49 PM [vite] page reload coverage-e2e/src/components/settings/PermissionMatrix.tsx.html
2:28:49 PM [vite] page reload coverage-e2e/src/components/settings/RuleBuilder.tsx.html
2:28:49 PM [vite] page reload coverage-e2e/src/components/settings/SecuritySettings.tsx.html
2:28:49 PM [vite] page reload coverage-e2e/src/components/settings/SettingsErrorState.tsx.html
2:28:49 PM [vite] page reload coverage-e2e/src/components/settings/SettingsHeader.tsx.html
2:28:49 PM [vite] page reload coverage-e2e/src/components/settings/SettingsLayout.tsx.html
2:28:49 PM [vite] page reload coverage-e2e/src/components/settings/SettingsNavigation.tsx.html
2:28:49 PM [vite] page reload coverage-e2e/src/components/settings/SettingsSkeleton.tsx.html
2:28:49 PM [vite] page reload coverage-e2e/src/components/settings/SystemSettings.tsx.html
2:28:49 PM [vite] page reload coverage-e2e/src/components/settings/i18n/LanguageSwitcher.tsx.html
2:28:49 PM [vite] page reload coverage-e2e/src/components/settings/i18n/index.html
2:28:49 PM [vite] page reload coverage-e2e/src/components/settings/index.html
2:28:49 PM [vite] page reload coverage-e2e/src/components/settings/index.ts.html
2:28:49 PM [vite] page reload coverage-e2e/src/components/ui/AIInsights.tsx.html
2:28:49 PM [vite] page reload coverage-e2e/src/components/ui/AccessibleButton.tsx.html
2:28:49 PM [vite] page reload coverage-e2e/src/components/ui/AccessibleForm.tsx.html
2:28:49 PM [vite] page reload coverage-e2e/src/components/ui/AccessibleModal.tsx.html
2:28:49 PM [vite] page reload coverage-e2e/src/components/ui/AgentStatusStream.tsx.html
2:28:49 PM [vite] page reload coverage-e2e/src/components/ui/Alert.tsx.html
2:28:49 PM [vite] page reload coverage-e2e/src/components/ui/Avatar.tsx.html
2:28:49 PM [vite] page reload coverage-e2e/src/components/ui/Badge.tsx.html
2:28:49 PM [vite] page reload coverage-e2e/src/components/ui/Button.tsx.html
2:28:49 PM [vite] page reload coverage-e2e/src/components/ui/Card.tsx.html
2:28:49 PM [vite] page reload coverage-e2e/src/components/ui/Checkbox.tsx.html
2:28:49 PM [vite] page reload coverage-e2e/src/components/ui/DataGrid.tsx.html
2:28:49 PM [vite] page reload coverage-e2e/src/components/ui/Dialog.tsx.html
2:28:49 PM [vite] page reload coverage-e2e/src/components/ui/DraftPreview.tsx.html
2:28:49 PM [vite] page reload coverage-e2e/src/components/ui/FileDropZone.tsx.html
2:28:49 PM [vite] page reload coverage-e2e/src/components/ui/Input.tsx.html
2:28:49 PM [vite] page reload coverage-e2e/src/components/ui/KeyboardShortcutsModal.tsx.html
2:28:49 PM [vite] page reload coverage-e2e/src/components/ui/Label.tsx.html
2:28:49 PM [vite] page reload coverage-e2e/src/components/ui/Pagination.tsx.html
2:28:49 PM [vite] page reload coverage-e2e/src/components/ui/Progress.tsx.html
2:28:49 PM [vite] page reload coverage-e2e/src/components/ui/ProgressBar.tsx.html
2:28:49 PM [vite] page reload coverage-e2e/src/components/ui/ProgressiveDisclosure.tsx.html
2:28:49 PM [vite] page reload coverage-e2e/src/components/ui/ResizablePanel.tsx.html
2:28:49 PM [vite] page reload coverage-e2e/src/components/ui/ScrollArea.tsx.html
2:28:49 PM [vite] page reload coverage-e2e/src/components/ui/Select.tsx.html
2:28:49 PM [vite] page reload coverage-e2e/src/components/ui/SemanticSearch.tsx.html
2:28:49 PM [vite] page reload coverage-e2e/src/components/ui/Separator.tsx.html
2:28:49 PM [vite] page reload coverage-e2e/src/components/ui/Skeleton.tsx.html
2:28:49 PM [vite] page reload coverage-e2e/src/components/ui/Slider.tsx.html
2:28:49 PM [vite] page reload coverage-e2e/src/components/ui/SplitView.tsx.html
2:28:49 PM [vite] page reload coverage-e2e/src/components/ui/StandardizedErrorDisplay.tsx.html
2:28:49 PM [vite] page reload coverage-e2e/src/components/ui/StatusIndicator.tsx.html
2:28:49 PM [vite] page reload coverage-e2e/src/components/ui/Switch.tsx.html
2:28:49 PM [vite] page reload coverage-e2e/src/components/ui/SyncStatus.tsx.html
2:28:49 PM [vite] page reload coverage-e2e/src/components/ui/Table.tsx.html
2:28:49 PM [vite] page reload coverage-e2e/src/components/ui/Tabs.tsx.html
2:28:49 PM [vite] page reload coverage-e2e/src/components/ui/Textarea.tsx.html
2:28:49 PM [vite] page reload coverage-e2e/src/components/ui/VirtualList.tsx.html
2:28:49 PM [vite] page reload coverage-e2e/src/components/ui/VirtualizedList.tsx.html
2:28:49 PM [vite] page reload coverage-e2e/src/components/ui/index.html
2:28:49 PM [vite] page reload coverage-e2e/src/components/visualizations/NetworkGraph.tsx.html
2:28:49 PM [vite] page reload coverage-e2e/src/components/visualizations/index.html
2:28:49 PM [vite] page reload coverage-e2e/src/context/AIContext.tsx.html
2:28:49 PM [vite] page reload coverage-e2e/src/context/AccessibilityContext.tsx.html
2:28:49 PM [vite] page reload coverage-e2e/src/context/AuthContext.ts.html
2:28:49 PM [vite] page reload coverage-e2e/src/context/NetworkStatusContext.ts.html
2:28:49 PM [vite] page reload coverage-e2e/src/context/OfflineQueueContext.ts.html
2:28:49 PM [vite] page reload coverage-e2e/src/context/TourContext.tsx.html
2:28:49 PM [vite] page reload coverage-e2e/src/context/index.html
2:28:49 PM [vite] page reload coverage-e2e/src/hooks/index.html
2:28:49 PM [vite] page reload coverage-e2e/src/hooks/use-toast.ts.html
2:28:49 PM [vite] page reload coverage-e2e/src/hooks/useAccessibility.ts.html
2:28:49 PM [vite] page reload coverage-e2e/src/hooks/useAlerts.ts.html
2:28:49 PM [vite] page reload coverage-e2e/src/hooks/useApiError.ts.html
2:28:49 PM [vite] page reload coverage-e2e/src/hooks/useApiWithRetry.ts.html
2:28:49 PM [vite] page reload coverage-e2e/src/hooks/useAuth.ts.html
2:28:49 PM [vite] page reload coverage-e2e/src/hooks/useCases.ts.html
2:28:49 PM [vite] page reload coverage-e2e/src/hooks/useCollaboration.ts.html
2:28:49 PM [vite] page reload coverage-e2e/src/hooks/useContextAwareAI.ts.html
2:28:49 PM [vite] page reload coverage-e2e/src/hooks/useDashboard.ts.html
2:28:49 PM [vite] page reload coverage-e2e/src/hooks/useDashboardMetrics.ts.html
2:28:49 PM [vite] page reload coverage-e2e/src/hooks/useEvidence.ts.html
2:28:49 PM [vite] page reload coverage-e2e/src/hooks/useFormValidation.ts.html
2:28:49 PM [vite] page reload coverage-e2e/src/hooks/useGraphData.ts.html
2:28:49 PM [vite] page reload coverage-e2e/src/hooks/useHttpClient.tsx.html
2:28:49 PM [vite] page reload coverage-e2e/src/hooks/useKeyboardNavigation.tsx.html
2:28:49 PM [vite] page reload coverage-e2e/src/hooks/useMemoryCleanup.ts.html
2:28:49 PM [vite] page reload coverage-e2e/src/hooks/useNetworkStatus.ts.html
2:28:49 PM [vite] page reload coverage-e2e/src/hooks/useOfflineQueue.ts.html
2:28:49 PM [vite] page reload coverage-e2e/src/hooks/usePerformanceMonitor.ts.html
2:28:49 PM [vite] page reload coverage-e2e/src/hooks/usePersistedState.ts.html
2:28:49 PM [vite] page reload coverage-e2e/src/hooks/useResizeObserver.ts.html
2:28:49 PM [vite] page reload coverage-e2e/src/hooks/useRoleBasedLayout.ts.html
2:28:49 PM [vite] page reload coverage-e2e/src/hooks/useSanitizedHTML.tsx.html
2:28:49 PM [vite] page reload coverage-e2e/src/hooks/useSettings.ts.html
2:28:49 PM [vite] page reload coverage-e2e/src/hooks/useTouchGestures.ts.html
2:28:49 PM [vite] page reload coverage-e2e/src/hooks/useWebSocketClient.tsx.html
2:28:49 PM [vite] page reload coverage-e2e/src/hooks/useWebSocketQueue.ts.html
2:28:49 PM [vite] page reload coverage-e2e/src/i18n/config.ts.html
2:28:49 PM [vite] page reload coverage-e2e/src/i18n/index.html
2:28:49 PM [vite] page reload coverage-e2e/src/lib/AIFraudDetection.ts.html
2:28:49 PM [vite] page reload coverage-e2e/src/lib/LocalDataManager.ts.html
2:28:49 PM [vite] page reload coverage-e2e/src/lib/accessibility/aria-helpers.ts.html
2:28:49 PM [vite] page reload coverage-e2e/src/lib/accessibility/focus-management.ts.html
2:28:49 PM [vite] page reload coverage-e2e/src/lib/accessibility/index.html
2:28:49 PM [vite] page reload coverage-e2e/src/lib/accessibility/keyboard-navigation.ts.html
2:28:49 PM [vite] page reload coverage-e2e/src/lib/accessibility.ts.html
2:28:49 PM [vite] page reload coverage-e2e/src/lib/advancedAI.ts.html
2:28:49 PM [vite] page reload coverage-e2e/src/lib/advancedMonitoring.ts.html
2:28:49 PM [vite] page reload coverage-e2e/src/lib/advancedTesting.ts.html
2:28:49 PM [vite] page reload coverage-e2e/src/lib/api.ts.html
2:28:49 PM [vite] page reload coverage-e2e/src/lib/chaosEngineering.ts.html
2:28:49 PM [vite] page reload coverage-e2e/src/lib/circuitBreaker.ts.html
2:28:49 PM [vite] page reload coverage-e2e/src/lib/electron.ts.html
2:28:49 PM [vite] page reload coverage-e2e/src/lib/formatters.ts.html
2:28:49 PM [vite] page reload coverage-e2e/src/lib/index.html
2:28:49 PM [vite] page reload coverage-e2e/src/lib/keyboardShortcuts.ts.html
2:28:49 PM [vite] page reload coverage-e2e/src/lib/reliabilityManager.ts.html
2:28:49 PM [vite] page reload coverage-e2e/src/lib/testGenerator.ts.html
2:28:49 PM [vite] page reload coverage-e2e/src/lib/utils.ts.html
2:28:49 PM [vite] page reload coverage-e2e/src/pages/AdjudicationQueue.tsx.html
2:28:49 PM [vite] page reload coverage-e2e/src/pages/AgentApprovals.tsx.html
2:28:49 PM [vite] page reload coverage-e2e/src/pages/AgentDrafts.tsx.html
2:28:49 PM [vite] page reload coverage-e2e/src/pages/Cases.tsx.html
2:28:49 PM [vite] page reload coverage-e2e/src/pages/CasesRefactored.tsx.html
2:28:49 PM [vite] page reload coverage-e2e/src/pages/ComplianceMonitoring.tsx.html
2:28:49 PM [vite] page reload coverage-e2e/src/pages/Dashboard.tsx.html
2:28:49 PM [vite] page reload coverage-e2e/src/pages/DesignSystemShowcase.tsx.html
2:28:49 PM [vite] page reload coverage-e2e/src/pages/EnhancedEvidenceLocker.tsx.html
2:28:49 PM [vite] page reload coverage-e2e/src/pages/Forensics.tsx.html
2:28:49 PM [vite] page reload coverage-e2e/src/pages/ForensicsRefactored.tsx.html
2:28:49 PM [vite] page reload coverage-e2e/src/pages/Ingestion.tsx.html
2:28:49 PM [vite] page reload coverage-e2e/src/pages/Investigation.tsx.html
2:28:49 PM [vite] page reload coverage-e2e/src/pages/Login.tsx.html
2:28:49 PM [vite] page reload coverage-e2e/src/pages/NetworkAnalysis.tsx.html
2:28:49 PM [vite] page reload coverage-e2e/src/pages/NotFound.tsx.html
2:28:49 PM [vite] page reload coverage-e2e/src/pages/PerformanceDashboard.tsx.html
2:28:49 PM [vite] page reload coverage-e2e/src/pages/ProjectSelection.tsx.html
2:28:49 PM [vite] page reload coverage-e2e/src/pages/ProofVisualizationRoute.tsx.html
2:28:49 PM [vite] page reload coverage-e2e/src/pages/Reconciliation.tsx.html
2:28:49 PM [vite] page reload coverage-e2e/src/pages/RegulatoryIntelligence.tsx.html
2:28:49 PM [vite] page reload coverage-e2e/src/pages/Reporting.tsx.html
2:28:49 PM [vite] page reload coverage-e2e/src/pages/SARCreation.tsx.html
2:28:49 PM [vite] page reload coverage-e2e/src/pages/Settings.tsx.html
2:28:49 PM [vite] page reload coverage-e2e/src/pages/Setup.tsx.html
2:28:49 PM [vite] page reload coverage-e2e/src/pages/SystemDiagnosticsCenter.tsx.html
2:28:49 PM [vite] page reload coverage-e2e/src/pages/index.html
2:28:49 PM [vite] page reload coverage-e2e/src/pages/settings/components/GeneralTab.tsx.html
2:28:49 PM [vite] page reload coverage-e2e/src/pages/settings/components/index.html
2:28:49 PM [vite] page reload coverage-e2e/src/providers/AppProviders.tsx.html
2:28:49 PM [vite] page reload coverage-e2e/src/providers/AuthProvider.tsx.html
2:28:49 PM [vite] page reload coverage-e2e/src/providers/AuthenticationProvider.tsx.html
2:28:49 PM [vite] page reload coverage-e2e/src/providers/LocaleProvider.tsx.html
2:28:49 PM [vite] page reload coverage-e2e/src/providers/NetworkStatusProvider.tsx.html
2:28:49 PM [vite] page reload coverage-e2e/src/providers/OfflineQueueContext.tsx.html
2:28:49 PM [vite] page reload coverage-e2e/src/providers/ToastProvider.tsx.html
2:28:49 PM [vite] page reload coverage-e2e/src/providers/WebSocketProvider.tsx.html
2:28:49 PM [vite] page reload coverage-e2e/src/providers/index.html
2:28:49 PM [vite] page reload coverage-e2e/src/services/CaseSyncEngine.ts.html
2:28:49 PM [vite] page reload coverage-e2e/src/services/EvidenceScorer.ts.html
2:28:49 PM [vite] page reload coverage-e2e/src/services/ai.ts.html
2:28:49 PM [vite] page reload coverage-e2e/src/services/alerts.ts.html
2:28:49 PM [vite] page reload coverage-e2e/src/services/approvalService.ts.html
2:28:49 PM [vite] page reload coverage-e2e/src/services/auth.ts.html
2:28:49 PM [vite] page reload coverage-e2e/src/services/cases.ts.html
2:28:49 PM [vite] page reload coverage-e2e/src/services/client.ts.html
2:28:49 PM [vite] page reload coverage-e2e/src/services/compliance.ts.html
2:28:49 PM [vite] page reload coverage-e2e/src/services/complianceMonitoring.ts.html
2:28:49 PM [vite] page reload coverage-e2e/src/services/costOptimization.ts.html
2:28:49 PM [vite] page reload coverage-e2e/src/services/diagnosticsService.ts.html
2:28:49 PM [vite] page reload coverage-e2e/src/services/draftPreviewService.ts.html
2:28:49 PM [vite] page reload coverage-e2e/src/services/errorReporting.ts.html
2:28:49 PM [vite] page reload coverage-e2e/src/services/evidence.ts.html
2:28:49 PM [vite] page reload coverage-e2e/src/services/fileProcessing.ts.html
2:28:49 PM [vite] page reload coverage-e2e/src/services/graph.ts.html
2:28:49 PM [vite] page reload coverage-e2e/src/services/index.html
2:28:49 PM [vite] page reload coverage-e2e/src/services/integrations.ts.html
2:28:49 PM [vite] page reload coverage-e2e/src/services/intelligenceService.ts.html
2:28:49 PM [vite] page reload coverage-e2e/src/services/monitoring.ts.html
2:28:49 PM [vite] page reload coverage-e2e/src/services/notifications.ts.html
2:28:49 PM [vite] page reload coverage-e2e/src/services/onboarding.ts.html
2:28:49 PM [vite] page reload coverage-e2e/src/services/reconciliation.ts.html
2:28:49 PM [vite] page reload coverage-e2e/src/services/reporting.ts.html
2:28:49 PM [vite] page reload coverage-e2e/src/services/settings.ts.html
2:28:49 PM [vite] page reload coverage-e2e/src/services/socket.ts.html
2:28:49 PM [vite] page reload coverage-e2e/src/services/sync.ts.html
2:28:49 PM [vite] page reload coverage-e2e/src/services/syncOrchestrator.ts.html
2:28:49 PM [vite] page reload coverage-e2e/src/services/user.ts.html
2:28:49 PM [vite] page reload coverage-e2e/src/store/globalStore.ts.html
2:28:49 PM [vite] page reload coverage-e2e/src/store/index.html
2:28:49 PM [vite] page reload coverage-e2e/src/store/projectStore.ts.html
2:28:49 PM [vite] page reload coverage-e2e/src/store/reconciliationStore.ts.html
2:28:49 PM [vite] page reload coverage-e2e/src/store/useAuthStore.ts.html
2:28:49 PM [vite] page reload coverage-e2e/src/store/useIngestionStore.ts.html
2:28:49 PM [vite] page reload coverage-e2e/src/store/useUIStore.ts.html
2:28:49 PM [vite] page reload coverage-e2e/src/types/declarations.d.ts.html
2:28:49 PM [vite] page reload coverage-e2e/src/types/electron.d.ts.html
2:28:49 PM [vite] page reload coverage-e2e/src/types/index.html
2:28:49 PM [vite] page reload coverage-e2e/src/types/locale.ts.html
2:28:49 PM [vite] page reload coverage-e2e/src/types/react-pdf-highlighter-extended.d.ts.html
2:28:49 PM [vite] page reload coverage-e2e 2/src/types/declarations.d.ts.html
2:28:49 PM [vite] page reload coverage-e2e 2/src/types/electron.d.ts.html
2:28:49 PM [vite] page reload coverage-e2e 2/src/types/index.html
2:28:49 PM [vite] page reload coverage-e2e 2/src/types/locale.ts.html
2:28:49 PM [vite] page reload coverage-e2e 2/src/types/react-pdf-highlighter-extended.d.ts.html
2:28:49 PM [vite] page reload coverage-e2e 2/src/store/globalStore.ts.html
2:28:49 PM [vite] page reload coverage-e2e 2/src/store/index.html
2:28:49 PM [vite] page reload coverage-e2e 2/src/store/projectStore.ts.html
2:28:49 PM [vite] page reload coverage-e2e 2/src/store/reconciliationStore.ts.html
2:28:49 PM [vite] page reload coverage-e2e 2/src/store/useAuthStore.ts.html
2:28:49 PM [vite] page reload coverage-e2e 2/src/store/useIngestionStore.ts.html
2:28:49 PM [vite] page reload coverage-e2e 2/src/store/useUIStore.ts.html
2:28:49 PM [vite] page reload coverage-e2e 2/src/services/CaseSyncEngine.ts.html
2:28:49 PM [vite] page reload coverage-e2e 2/src/services/EvidenceScorer.ts.html
2:28:49 PM [vite] page reload coverage-e2e 2/src/services/ai.ts.html
2:28:49 PM [vite] page reload coverage-e2e 2/src/services/alerts.ts.html
2:28:49 PM [vite] page reload coverage-e2e 2/src/services/approvalService.ts.html
2:28:49 PM [vite] page reload coverage-e2e 2/src/services/auth.ts.html
2:28:49 PM [vite] page reload coverage-e2e 2/src/services/cases.ts.html
2:28:49 PM [vite] page reload coverage-e2e 2/src/services/client.ts.html
2:28:49 PM [vite] page reload coverage-e2e 2/src/services/compliance.ts.html
2:28:49 PM [vite] page reload coverage-e2e 2/src/services/complianceMonitoring.ts.html
2:28:49 PM [vite] page reload coverage-e2e 2/src/services/costOptimization.ts.html
2:28:49 PM [vite] page reload coverage-e2e 2/src/services/diagnosticsService.ts.html
2:28:49 PM [vite] page reload coverage-e2e 2/src/services/draftPreviewService.ts.html
2:28:49 PM [vite] page reload coverage-e2e 2/src/services/errorReporting.ts.html
2:28:49 PM [vite] page reload coverage-e2e 2/src/services/evidence.ts.html
2:28:49 PM [vite] page reload coverage-e2e 2/src/services/fileProcessing.ts.html
2:28:49 PM [vite] page reload coverage-e2e 2/src/services/graph.ts.html
2:28:49 PM [vite] page reload coverage-e2e 2/src/services/index.html
2:28:49 PM [vite] page reload coverage-e2e 2/src/services/integrations.ts.html
2:28:49 PM [vite] page reload coverage-e2e 2/src/services/intelligenceService.ts.html
2:28:49 PM [vite] page reload coverage-e2e 2/src/services/monitoring.ts.html
2:28:49 PM [vite] page reload coverage-e2e 2/src/services/notifications.ts.html
2:28:49 PM [vite] page reload coverage-e2e 2/src/services/onboarding.ts.html
2:28:49 PM [vite] page reload coverage-e2e 2/src/services/reconciliation.ts.html
2:28:49 PM [vite] page reload coverage-e2e 2/src/services/reporting.ts.html
2:28:49 PM [vite] page reload coverage-e2e 2/src/services/settings.ts.html
2:28:49 PM [vite] page reload coverage-e2e 2/src/services/socket.ts.html
2:28:49 PM [vite] page reload coverage-e2e 2/src/services/sync.ts.html
2:28:49 PM [vite] page reload coverage-e2e 2/src/services/syncOrchestrator.ts.html
2:28:49 PM [vite] page reload coverage-e2e 2/src/services/user.ts.html
2:28:49 PM [vite] page reload coverage-e2e 2/src/providers/AppProviders.tsx.html
2:28:49 PM [vite] page reload coverage-e2e 2/src/providers/AuthProvider.tsx.html
2:28:49 PM [vite] page reload coverage-e2e 2/src/providers/AuthenticationProvider.tsx.html
2:28:49 PM [vite] page reload coverage-e2e 2/src/providers/LocaleProvider.tsx.html
2:28:49 PM [vite] page reload coverage-e2e 2/src/providers/NetworkStatusProvider.tsx.html
2:28:49 PM [vite] page reload coverage-e2e 2/src/providers/OfflineQueueContext.tsx.html
2:28:49 PM [vite] page reload coverage-e2e 2/src/providers/ToastProvider.tsx.html
2:28:49 PM [vite] page reload coverage-e2e 2/src/providers/WebSocketProvider.tsx.html
2:28:49 PM [vite] page reload coverage-e2e 2/src/providers/index.html
2:28:49 PM [vite] page reload coverage-e2e 2/src/pages/AdjudicationQueue.tsx.html
2:28:49 PM [vite] page reload coverage-e2e 2/src/pages/AgentApprovals.tsx.html
2:28:49 PM [vite] page reload coverage-e2e 2/src/pages/AgentDrafts.tsx.html
2:28:49 PM [vite] page reload coverage-e2e 2/src/pages/Cases.tsx.html
2:28:49 PM [vite] page reload coverage-e2e 2/src/pages/CasesRefactored.tsx.html
2:28:49 PM [vite] page reload coverage-e2e 2/src/pages/ComplianceMonitoring.tsx.html
2:28:49 PM [vite] page reload coverage-e2e 2/src/pages/Dashboard.tsx.html
2:28:49 PM [vite] page reload coverage-e2e 2/src/pages/DesignSystemShowcase.tsx.html
2:28:49 PM [vite] page reload coverage-e2e 2/src/pages/EnhancedEvidenceLocker.tsx.html
2:28:49 PM [vite] page reload coverage-e2e 2/src/pages/Forensics.tsx.html
2:28:49 PM [vite] page reload coverage-e2e 2/src/pages/ForensicsRefactored.tsx.html
2:28:49 PM [vite] page reload coverage-e2e 2/src/pages/Ingestion.tsx.html
2:28:49 PM [vite] page reload coverage-e2e 2/src/pages/Investigation.tsx.html
2:28:49 PM [vite] page reload coverage-e2e 2/src/pages/Login.tsx.html
2:28:49 PM [vite] page reload coverage-e2e 2/src/pages/NetworkAnalysis.tsx.html
2:28:49 PM [vite] page reload coverage-e2e 2/src/pages/NotFound.tsx.html
2:28:49 PM [vite] page reload coverage-e2e 2/src/pages/PerformanceDashboard.tsx.html
2:28:49 PM [vite] page reload coverage-e2e 2/src/pages/ProjectSelection.tsx.html
2:28:49 PM [vite] page reload coverage-e2e 2/src/pages/ProofVisualizationRoute.tsx.html
2:28:49 PM [vite] page reload coverage-e2e 2/src/pages/Reconciliation.tsx.html
2:28:49 PM [vite] page reload coverage-e2e 2/src/pages/RegulatoryIntelligence.tsx.html
2:28:49 PM [vite] page reload coverage-e2e 2/src/pages/Reporting.tsx.html
2:28:49 PM [vite] page reload coverage-e2e 2/src/pages/SARCreation.tsx.html
2:28:49 PM [vite] page reload coverage-e2e 2/src/pages/Settings.tsx.html
2:28:49 PM [vite] page reload coverage-e2e 2/src/pages/Setup.tsx.html
2:28:49 PM [vite] page reload coverage-e2e 2/src/pages/SystemDiagnosticsCenter.tsx.html
2:28:49 PM [vite] page reload coverage-e2e 2/src/pages/index.html
2:28:49 PM [vite] page reload coverage-e2e 2/src/pages/settings/components/GeneralTab.tsx.html
2:28:49 PM [vite] page reload coverage-e2e 2/src/pages/settings/components/index.html
2:28:49 PM [vite] page reload coverage-e2e 2/src/lib/AIFraudDetection.ts.html
2:28:49 PM [vite] page reload coverage-e2e 2/src/lib/LocalDataManager.ts.html
2:28:49 PM [vite] page reload coverage-e2e 2/src/lib/accessibility.ts.html
2:28:49 PM [vite] page reload coverage-e2e 2/src/lib/advancedAI.ts.html
2:28:49 PM [vite] page reload coverage-e2e 2/src/lib/advancedMonitoring.ts.html
2:28:49 PM [vite] page reload coverage-e2e 2/src/lib/advancedTesting.ts.html
2:28:49 PM [vite] page reload coverage-e2e 2/src/lib/api.ts.html
2:28:49 PM [vite] page reload coverage-e2e 2/src/lib/chaosEngineering.ts.html
2:28:49 PM [vite] page reload coverage-e2e 2/src/lib/circuitBreaker.ts.html
2:28:49 PM [vite] page reload coverage-e2e 2/src/lib/electron.ts.html
2:28:49 PM [vite] page reload coverage-e2e 2/src/lib/formatters.ts.html
2:28:49 PM [vite] page reload coverage-e2e 2/src/lib/index.html
2:28:49 PM [vite] page reload coverage-e2e 2/src/lib/keyboardShortcuts.ts.html
2:28:49 PM [vite] page reload coverage-e2e 2/src/lib/reliabilityManager.ts.html
2:28:49 PM [vite] page reload coverage-e2e 2/src/lib/testGenerator.ts.html
2:28:49 PM [vite] page reload coverage-e2e 2/src/lib/utils.ts.html
2:28:49 PM [vite] page reload coverage-e2e 2/src/lib/accessibility/aria-helpers.ts.html
2:28:49 PM [vite] page reload coverage-e2e 2/src/lib/accessibility/focus-management.ts.html
2:28:49 PM [vite] page reload coverage-e2e 2/src/lib/accessibility/index.html
2:28:49 PM [vite] page reload coverage-e2e 2/src/lib/accessibility/keyboard-navigation.ts.html
2:28:49 PM [vite] page reload coverage-e2e 2/src/i18n/config.ts.html
2:28:49 PM [vite] page reload coverage-e2e 2/src/i18n/index.html
2:28:49 PM [vite] page reload coverage-e2e 2/src/hooks/index.html
2:28:49 PM [vite] page reload coverage-e2e 2/src/hooks/use-toast.ts.html
2:28:49 PM [vite] page reload coverage-e2e 2/src/hooks/useAccessibility.ts.html
2:28:49 PM [vite] page reload coverage-e2e 2/src/hooks/useAlerts.ts.html
2:28:49 PM [vite] page reload coverage-e2e 2/src/hooks/useApiError.ts.html
2:28:49 PM [vite] page reload coverage-e2e 2/src/hooks/useApiWithRetry.ts.html
2:28:49 PM [vite] page reload coverage-e2e 2/src/hooks/useAuth.ts.html
2:28:49 PM [vite] page reload coverage-e2e 2/src/hooks/useCases.ts.html
2:28:49 PM [vite] page reload coverage-e2e 2/src/hooks/useCollaboration.ts.html
2:28:49 PM [vite] page reload coverage-e2e 2/src/hooks/useContextAwareAI.ts.html
2:28:49 PM [vite] page reload coverage-e2e 2/src/hooks/useDashboard.ts.html
2:28:49 PM [vite] page reload coverage-e2e 2/src/hooks/useDashboardMetrics.ts.html
2:28:49 PM [vite] page reload coverage-e2e 2/src/hooks/useEvidence.ts.html
2:28:49 PM [vite] page reload coverage-e2e 2/src/hooks/useFormValidation.ts.html
2:28:49 PM [vite] page reload coverage-e2e 2/src/hooks/useGraphData.ts.html
2:28:49 PM [vite] page reload coverage-e2e 2/src/hooks/useHttpClient.tsx.html
2:28:49 PM [vite] page reload coverage-e2e 2/src/hooks/useKeyboardNavigation.tsx.html
2:28:49 PM [vite] page reload coverage-e2e 2/src/hooks/useMemoryCleanup.ts.html
2:28:49 PM [vite] page reload coverage-e2e 2/src/hooks/useNetworkStatus.ts.html
2:28:49 PM [vite] page reload coverage-e2e 2/src/hooks/useOfflineQueue.ts.html
2:28:49 PM [vite] page reload coverage-e2e 2/src/hooks/usePerformanceMonitor.ts.html
2:28:49 PM [vite] page reload coverage-e2e 2/src/hooks/usePersistedState.ts.html
2:28:49 PM [vite] page reload coverage-e2e 2/src/hooks/useResizeObserver.ts.html
2:28:49 PM [vite] page reload coverage-e2e 2/src/hooks/useRoleBasedLayout.ts.html
2:28:49 PM [vite] page reload coverage-e2e 2/src/hooks/useSanitizedHTML.tsx.html
2:28:49 PM [vite] page reload coverage-e2e 2/src/hooks/useSettings.ts.html
2:28:49 PM [vite] page reload coverage-e2e 2/src/hooks/useTouchGestures.ts.html
2:28:49 PM [vite] page reload coverage-e2e 2/src/hooks/useWebSocketClient.tsx.html
2:28:49 PM [vite] page reload coverage-e2e 2/src/hooks/useWebSocketQueue.ts.html
2:28:49 PM [vite] page reload coverage-e2e 2/src/context/AIContext.tsx.html
2:28:49 PM [vite] page reload coverage-e2e 2/src/context/AccessibilityContext.tsx.html
2:28:49 PM [vite] page reload coverage-e2e 2/src/context/AuthContext.ts.html
2:28:49 PM [vite] page reload coverage-e2e 2/src/context/NetworkStatusContext.ts.html
2:28:49 PM [vite] page reload coverage-e2e 2/src/context/OfflineQueueContext.ts.html
2:28:49 PM [vite] page reload coverage-e2e 2/src/context/TourContext.tsx.html
2:28:49 PM [vite] page reload coverage-e2e 2/src/context/index.html
2:28:49 PM [vite] page reload coverage-e2e 2/src/components/CaseProgressBar.tsx.html
2:28:49 PM [vite] page reload coverage-e2e 2/src/components/CollaborativeEditor.tsx.html
2:28:49 PM [vite] page reload coverage-e2e 2/src/components/DigitalDossierGenerator.tsx.html
2:28:49 PM [vite] page reload coverage-e2e 2/src/components/OnboardingWizard.tsx.html
2:28:49 PM [vite] page reload coverage-e2e 2/src/components/index.html
2:28:49 PM [vite] page reload coverage-e2e 2/src/components/visualizations/NetworkGraph.tsx.html
2:28:49 PM [vite] page reload coverage-e2e 2/src/components/visualizations/index.html
2:28:49 PM [vite] page reload coverage-e2e 2/src/components/ui/AIInsights.tsx.html
2:28:49 PM [vite] page reload coverage-e2e 2/src/components/ui/AccessibleButton.tsx.html
2:28:49 PM [vite] page reload coverage-e2e 2/src/components/ui/AccessibleForm.tsx.html
2:28:49 PM [vite] page reload coverage-e2e 2/src/components/ui/AccessibleModal.tsx.html
2:28:49 PM [vite] page reload coverage-e2e 2/src/components/ui/AgentStatusStream.tsx.html
2:28:49 PM [vite] page reload coverage-e2e 2/src/components/ui/Alert.tsx.html
2:28:49 PM [vite] page reload coverage-e2e 2/src/components/ui/Avatar.tsx.html
2:28:49 PM [vite] page reload coverage-e2e 2/src/components/ui/Badge.tsx.html
2:28:49 PM [vite] page reload coverage-e2e 2/src/components/ui/Button.tsx.html
2:28:49 PM [vite] page reload coverage-e2e 2/src/components/ui/Card.tsx.html
2:28:49 PM [vite] page reload coverage-e2e 2/src/components/ui/Checkbox.tsx.html
2:28:49 PM [vite] page reload coverage-e2e 2/src/components/ui/DataGrid.tsx.html
2:28:49 PM [vite] page reload coverage-e2e 2/src/components/ui/Dialog.tsx.html
2:28:49 PM [vite] page reload coverage-e2e 2/src/components/ui/DraftPreview.tsx.html
2:28:49 PM [vite] page reload coverage-e2e 2/src/components/ui/FileDropZone.tsx.html
2:28:49 PM [vite] page reload coverage-e2e 2/src/components/ui/Input.tsx.html
2:28:49 PM [vite] page reload coverage-e2e 2/src/components/ui/KeyboardShortcutsModal.tsx.html
2:28:49 PM [vite] page reload coverage-e2e 2/src/components/ui/Label.tsx.html
2:28:49 PM [vite] page reload coverage-e2e 2/src/components/ui/Pagination.tsx.html
2:28:49 PM [vite] page reload coverage-e2e 2/src/components/ui/Progress.tsx.html
2:28:49 PM [vite] page reload coverage-e2e 2/src/components/ui/ProgressBar.tsx.html
2:28:49 PM [vite] page reload coverage-e2e 2/src/components/ui/ProgressiveDisclosure.tsx.html
2:28:49 PM [vite] page reload coverage-e2e 2/src/components/ui/ResizablePanel.tsx.html
2:28:49 PM [vite] page reload coverage-e2e 2/src/components/ui/ScrollArea.tsx.html
2:28:49 PM [vite] page reload coverage-e2e 2/src/components/ui/Select.tsx.html
2:28:49 PM [vite] page reload coverage-e2e 2/src/components/ui/SemanticSearch.tsx.html
2:28:49 PM [vite] page reload coverage-e2e 2/src/components/ui/Separator.tsx.html
2:28:49 PM [vite] page reload coverage-e2e 2/src/components/ui/Skeleton.tsx.html
2:28:49 PM [vite] page reload coverage-e2e 2/src/components/ui/Slider.tsx.html
2:28:49 PM [vite] page reload coverage-e2e 2/src/components/ui/SplitView.tsx.html
2:28:49 PM [vite] page reload coverage-e2e 2/src/components/ui/StandardizedErrorDisplay.tsx.html
2:28:49 PM [vite] page reload coverage-e2e 2/src/components/ui/StatusIndicator.tsx.html
2:28:49 PM [vite] page reload coverage-e2e 2/src/components/ui/Switch.tsx.html
2:28:49 PM [vite] page reload coverage-e2e 2/src/components/ui/SyncStatus.tsx.html
2:28:49 PM [vite] page reload coverage-e2e 2/src/components/ui/Table.tsx.html
2:28:49 PM [vite] page reload coverage-e2e 2/src/components/ui/Tabs.tsx.html
2:28:49 PM [vite] page reload coverage-e2e 2/src/components/ui/Textarea.tsx.html
2:28:49 PM [vite] page reload coverage-e2e 2/src/components/ui/VirtualList.tsx.html
2:28:49 PM [vite] page reload coverage-e2e 2/src/components/ui/VirtualizedList.tsx.html
2:28:49 PM [vite] page reload coverage-e2e 2/src/components/ui/index.html
2:28:49 PM [vite] page reload coverage-e2e 2/src/components/settings/AccessibilitySettings.tsx.html
2:28:49 PM [vite] page reload coverage-e2e 2/src/components/settings/AuditLogViewer.tsx.html
2:28:49 PM [vite] page reload coverage-e2e 2/src/components/settings/GeneralSettings.tsx.html
2:28:49 PM [vite] page reload coverage-e2e 2/src/components/settings/HealthGauges.tsx.html
2:28:49 PM [vite] page reload coverage-e2e 2/src/components/settings/NotificationSettings.tsx.html
2:28:49 PM [vite] page reload coverage-e2e 2/src/components/settings/PermissionMatrix.tsx.html
2:28:49 PM [vite] page reload coverage-e2e 2/src/components/settings/RuleBuilder.tsx.html
2:28:49 PM [vite] page reload coverage-e2e 2/src/components/settings/SecuritySettings.tsx.html
2:28:49 PM [vite] page reload coverage-e2e 2/src/components/settings/SettingsErrorState.tsx.html
2:28:49 PM [vite] page reload coverage-e2e 2/src/components/settings/SettingsHeader.tsx.html
2:28:49 PM [vite] page reload coverage-e2e 2/src/components/settings/SettingsLayout.tsx.html
2:28:49 PM [vite] page reload coverage-e2e 2/src/components/settings/SettingsNavigation.tsx.html
2:28:49 PM [vite] page reload coverage-e2e 2/src/components/settings/SettingsSkeleton.tsx.html
2:28:49 PM [vite] page reload coverage-e2e 2/src/components/settings/SystemSettings.tsx.html
2:28:49 PM [vite] page reload coverage-e2e 2/src/components/settings/index.html
2:28:49 PM [vite] page reload coverage-e2e 2/src/components/settings/index.ts.html
2:28:49 PM [vite] page reload coverage-e2e 2/src/components/settings/i18n/LanguageSwitcher.tsx.html
2:28:49 PM [vite] page reload coverage-e2e 2/src/components/settings/i18n/index.html
2:28:49 PM [vite] page reload coverage-e2e 2/src/components/reporting/AIWriter.tsx.html
2:28:49 PM [vite] page reload coverage-e2e 2/src/components/reporting/AutoReportGenerator.tsx.html
2:28:49 PM [vite] page reload coverage-e2e 2/src/components/reporting/ConclusionWizard.tsx.html
2:28:49 PM [vite] page reload coverage-e2e 2/src/components/reporting/DossierExport.tsx.html
2:28:49 PM [vite] page reload coverage-e2e 2/src/components/reporting/FinancialHealth.tsx.html
2:28:49 PM [vite] page reload coverage-e2e 2/src/components/reporting/KeyFindings.tsx.html
2:28:49 PM [vite] page reload coverage-e2e 2/src/components/reporting/ProjectTracker.tsx.html
2:28:49 PM [vite] page reload coverage-e2e 2/src/components/reporting/ReportBuilder.tsx.html
2:28:49 PM [vite] page reload coverage-e2e 2/src/components/reporting/SuccessBanner.tsx.html
2:28:49 PM [vite] page reload coverage-e2e 2/src/components/reporting/SummaryPreview.tsx.html
2:28:49 PM [vite] page reload coverage-e2e 2/src/components/reporting/index.html
2:28:49 PM [vite] page reload coverage-e2e 2/src/components/recon/ExceptionQueue.tsx.html
2:28:49 PM [vite] page reload coverage-e2e 2/src/components/recon/MatchCanvas.tsx.html
2:28:49 PM [vite] page reload coverage-e2e 2/src/components/recon/TransactionCard.tsx.html
2:28:49 PM [vite] page reload coverage-e2e 2/src/components/recon/index.html
2:28:49 PM [vite] page reload coverage-e2e 2/src/components/performance/PerformanceDashboard.tsx.html
2:28:49 PM [vite] page reload coverage-e2e 2/src/components/performance/index.html
2:28:49 PM [vite] page reload coverage-e2e 2/src/components/monitoring/MonitoringDashboard.tsx.html
2:28:49 PM [vite] page reload coverage-e2e 2/src/components/monitoring/PerformanceDashboard.tsx.html
2:28:49 PM [vite] page reload coverage-e2e 2/src/components/monitoring/SystemOrchestrationDashboard.tsx.html
2:28:49 PM [vite] page reload coverage-e2e 2/src/components/monitoring/index.html
2:28:49 PM [vite] page reload coverage-e2e 2/src/components/layout/AppLayout.tsx.html
2:28:49 PM [vite] page reload coverage-e2e 2/src/components/layout/Header.tsx.html
2:28:49 PM [vite] page reload coverage-e2e 2/src/components/layout/Sidebar.tsx.html
2:28:49 PM [vite] page reload coverage-e2e 2/src/components/layout/index.html
2:28:49 PM [vite] page reload coverage-e2e 2/src/components/investigation/CanvasArea.tsx.html
2:28:49 PM [vite] page reload coverage-e2e 2/src/components/investigation/EntityForm.tsx.html
2:28:49 PM [vite] page reload coverage-e2e 2/src/components/investigation/EntityNode.tsx.html
2:28:49 PM [vite] page reload coverage-e2e 2/src/components/investigation/EntityRegistry.tsx.html
2:28:49 PM [vite] page reload coverage-e2e 2/src/components/investigation/EvidenceItem.tsx.html
2:28:49 PM [vite] page reload coverage-e2e 2/src/components/investigation/GraphCanvas.tsx.html
2:28:49 PM [vite] page reload coverage-e2e 2/src/components/investigation/InvestigationCanvas.tsx.html
2:28:49 PM [vite] page reload coverage-e2e 2/src/components/investigation/InvestigationSkeleton.tsx.html
2:28:49 PM [vite] page reload coverage-e2e 2/src/components/investigation/NodeInspector.tsx.html
2:28:49 PM [vite] page reload coverage-e2e 2/src/components/investigation/PathfindingVisualizer.tsx.html
2:28:49 PM [vite] page reload coverage-e2e 2/src/components/investigation/RelationshipForm.tsx.html
2:28:49 PM [vite] page reload coverage-e2e 2/src/components/investigation/ThreeDGraph.tsx.html
2:28:49 PM [vite] page reload coverage-e2e 2/src/components/investigation/index.html
2:28:49 PM [vite] page reload coverage-e2e 2/src/components/intelligence/AutoReportGenerator.tsx.html
2:28:49 PM [vite] page reload coverage-e2e 2/src/components/intelligence/CourtDocumentGenerator.tsx.html
2:28:49 PM [vite] page reload coverage-e2e 2/src/components/intelligence/PredictiveDashboard.tsx.html
2:28:49 PM [vite] page reload coverage-e2e 2/src/components/intelligence/index.html
2:28:49 PM [vite] page reload coverage-e2e 2/src/components/integration/AnalyticsTab.tsx.html
2:28:49 PM [vite] page reload coverage-e2e 2/src/components/integration/EventBusTab.tsx.html
2:28:49 PM [vite] page reload coverage-e2e 2/src/components/integration/GraphQLTab.tsx.html
2:28:49 PM [vite] page reload coverage-e2e 2/src/components/integration/IntegrationsTab.tsx.html
2:28:49 PM [vite] page reload coverage-e2e 2/src/components/integration/MarketplaceTab.tsx.html
2:28:49 PM [vite] page reload coverage-e2e 2/src/components/integration/OverviewTab.tsx.html
2:28:49 PM [vite] page reload coverage-e2e 2/src/components/integration/index.html
2:28:49 PM [vite] page reload coverage-e2e 2/src/components/ingestion/DataMapping.tsx.html
2:28:49 PM [vite] page reload coverage-e2e 2/src/components/ingestion/IngestionStepper.tsx.html
2:28:49 PM [vite] page reload coverage-e2e 2/src/components/ingestion/index.html
2:28:49 PM [vite] page reload coverage-e2e 2/src/components/i18n/LanguageSwitcher.tsx.html
2:28:49 PM [vite] page reload coverage-e2e 2/src/components/i18n/index.html
2:28:49 PM [vite] page reload coverage-e2e 2/src/components/i18n/index.ts.html
2:28:49 PM [vite] page reload coverage-e2e 2/src/components/graph/EntityGraph3DWebGL.tsx.html
2:28:49 PM [vite] page reload coverage-e2e 2/src/components/graph/index.html
2:28:49 PM [vite] page reload coverage-e2e 2/src/components/fraud/FraudRuleBuilder.tsx.html
2:28:49 PM [vite] page reload coverage-e2e 2/src/components/fraud/index.html
2:28:49 PM [vite] page reload coverage-e2e 2/src/components/forensics/EvidenceList.tsx.html
2:28:49 PM [vite] page reload coverage-e2e 2/src/components/forensics/EvidenceViewer.tsx.html
2:28:49 PM [vite] page reload coverage-e2e 2/src/components/forensics/ForensicsErrorState.tsx.html
2:28:49 PM [vite] page reload coverage-e2e 2/src/components/forensics/ForensicsLayout.tsx.html
2:28:49 PM [vite] page reload coverage-e2e 2/src/components/forensics/ForensicsSkeleton.tsx.html
2:28:49 PM [vite] page reload coverage-e2e 2/src/components/forensics/ForensicsToolbar.tsx.html
2:28:49 PM [vite] page reload coverage-e2e 2/src/components/forensics/PdfViewer.tsx.html
2:28:49 PM [vite] page reload coverage-e2e 2/src/components/forensics/index.html
2:28:49 PM [vite] page reload coverage-e2e 2/src/components/forensics/index.ts.html
2:28:49 PM [vite] page reload coverage-e2e 2/src/components/evidence/DocumentViewer.tsx.html
2:28:49 PM [vite] page reload coverage-e2e 2/src/components/evidence/EvidenceViewer.tsx.html
2:28:49 PM [vite] page reload coverage-e2e 2/src/components/evidence/FolderTree.tsx.html
2:28:49 PM [vite] page reload coverage-e2e 2/src/components/evidence/ForensicCanvas.tsx.html
2:28:49 PM [vite] page reload coverage-e2e 2/src/components/evidence/HypothesisBoard.tsx.html
2:28:49 PM [vite] page reload coverage-e2e 2/src/components/evidence/MensReaAnalyzer.tsx.html
2:28:49 PM [vite] page reload coverage-e2e 2/src/components/evidence/TamperDetector.tsx.html
2:28:49 PM [vite] page reload coverage-e2e 2/src/components/evidence/UploadWizard.tsx.html
2:28:49 PM [vite] page reload coverage-e2e 2/src/components/evidence/index.html
2:28:49 PM [vite] page reload coverage-e2e 2/src/components/dashboard/AIWatchtower.tsx.html
2:28:49 PM [vite] page reload coverage-e2e 2/src/components/dashboard/CostOptimizationWidget.tsx.html
2:28:49 PM [vite] page reload coverage-e2e 2/src/components/dashboard/LiveQueue.tsx.html
2:28:49 PM [vite] page reload coverage-e2e 2/src/components/dashboard/MetricCard.tsx.html
2:28:49 PM [vite] page reload coverage-e2e 2/src/components/dashboard/MetricSparkline.tsx.html
2:28:49 PM [vite] page reload coverage-e2e 2/src/components/dashboard/MovableDashboard.tsx.html
2:28:49 PM [vite] page reload coverage-e2e 2/src/components/dashboard/PredictiveDashboard.tsx.html
2:28:49 PM [vite] page reload coverage-e2e 2/src/components/dashboard/ProofVisualizationCard.tsx.html
2:28:49 PM [vite] page reload coverage-e2e 2/src/components/dashboard/RiskDistributionChart.tsx.html
2:28:49 PM [vite] page reload coverage-e2e 2/src/components/dashboard/ThreatMap.tsx.html
2:28:49 PM [vite] page reload coverage-e2e 2/src/components/dashboard/VolumeChart.tsx.html
2:28:49 PM [vite] page reload coverage-e2e 2/src/components/dashboard/index.html
2:28:49 PM [vite] page reload coverage-e2e 2/src/components/compliance/SARCreationWizard.tsx.html
2:28:49 PM [vite] page reload coverage-e2e 2/src/components/compliance/index.html
2:28:49 PM [vite] page reload coverage-e2e 2/src/components/common/EmptyState.tsx.html
2:28:49 PM [vite] page reload coverage-e2e 2/src/components/common/ErrorBoundary.tsx.html
2:28:49 PM [vite] page reload coverage-e2e 2/src/components/common/EvidenceSpotlight.tsx.html
2:28:49 PM [vite] page reload coverage-e2e 2/src/components/common/JourneyProgress.tsx.html
2:28:49 PM [vite] page reload coverage-e2e 2/src/components/common/ProjectSwitcher.tsx.html
2:28:49 PM [vite] page reload coverage-e2e 2/src/components/common/RookieChecklist.tsx.html
2:28:49 PM [vite] page reload coverage-e2e 2/src/components/common/Spinner.tsx.html
2:28:49 PM [vite] page reload coverage-e2e 2/src/components/common/TourSpotlight.tsx.html
2:28:49 PM [vite] page reload coverage-e2e 2/src/components/common/WelcomeMessage.tsx.html
2:28:49 PM [vite] page reload coverage-e2e 2/src/components/common/index.html
2:28:49 PM [vite] page reload coverage-e2e 2/src/components/collaboration/CollaborativeEditor.tsx.html
2:28:49 PM [vite] page reload coverage-e2e 2/src/components/collaboration/EvidenceBoard.tsx.html
2:28:49 PM [vite] page reload coverage-e2e 2/src/components/collaboration/HypothesisBoard.tsx.html
2:28:49 PM [vite] page reload coverage-e2e 2/src/components/collaboration/MensReaAnalyzer.tsx.html
2:28:49 PM [vite] page reload coverage-e2e 2/src/components/collaboration/index.html
2:28:49 PM [vite] page reload coverage-e2e 2/src/components/cases/CaseActions.tsx.html
2:28:49 PM [vite] page reload coverage-e2e 2/src/components/cases/CaseHeader.tsx.html
2:28:49 PM [vite] page reload coverage-e2e 2/src/components/cases/CaseKanban.tsx.html
2:28:49 PM [vite] page reload coverage-e2e 2/src/components/cases/CasePreviewDrawer.tsx.html
2:28:49 PM [vite] page reload coverage-e2e 2/src/components/cases/CaseTable.tsx.html
2:28:49 PM [vite] page reload coverage-e2e 2/src/components/cases/FacetedFilter.tsx.html
2:28:49 PM [vite] page reload coverage-e2e 2/src/components/cases/InvestigationWizard.tsx.html
2:28:49 PM [vite] page reload coverage-e2e 2/src/components/cases/NewInvestigationWizard.tsx.html
2:28:49 PM [vite] page reload coverage-e2e 2/src/components/cases/RichCaseCard.tsx.html
2:28:49 PM [vite] page reload coverage-e2e 2/src/components/cases/index.html
2:28:49 PM [vite] page reload coverage-e2e 2/src/components/auth/LoginForm.tsx.html
2:28:49 PM [vite] page reload coverage-e2e 2/src/components/auth/index.html
2:28:49 PM [vite] page reload coverage-e2e 2/src/components/ai/AIAssistant.tsx.html
2:28:49 PM [vite] page reload coverage-e2e 2/src/components/ai/AIIntelligenceDashboard.tsx.html
2:28:49 PM [vite] page reload coverage-e2e 2/src/components/ai/AdvancedComplianceDashboard.tsx.html
2:28:49 PM [vite] page reload coverage-e2e 2/src/components/ai/CodeReviewDashboard.tsx.html
2:28:49 PM [vite] page reload coverage-e2e 2/src/components/ai/PredictiveMaintenanceDashboard.tsx.html
2:28:49 PM [vite] page reload coverage-e2e 2/src/components/ai/index.html
2:28:49 PM [vite] page reload coverage-e2e 2/src/components/advanced/ai/AiPerformanceMonitor.tsx.html
2:28:49 PM [vite] page reload coverage-e2e 2/src/components/advanced/ai/MultimodalAnalyzer.tsx.html
2:28:49 PM [vite] page reload coverage-e2e 2/src/components/advanced/ai/RagSearchInterface.tsx.html
2:28:49 PM [vite] page reload coverage-e2e 2/src/components/advanced/ai/RedTeamDashboard.tsx.html
2:28:49 PM [vite] page reload coverage-e2e 2/src/components/advanced/ai/index.html
2:28:49 PM [vite] page reload coverage-e2e 2/src/components/adjudication/AdjudicationLayout.tsx.html
2:28:49 PM [vite] page reload coverage-e2e 2/src/components/adjudication/AlertDetail.tsx.html
2:28:49 PM [vite] page reload coverage-e2e 2/src/components/adjudication/AlertList.tsx.html
2:28:49 PM [vite] page reload coverage-e2e 2/src/components/adjudication/AlertListItem.tsx.html
2:28:49 PM [vite] page reload coverage-e2e 2/src/components/adjudication/ContextTabs.tsx.html
2:28:49 PM [vite] page reload coverage-e2e 2/src/components/adjudication/DecisionPanel.tsx.html
2:28:49 PM [vite] page reload coverage-e2e 2/src/components/adjudication/index.html
2:28:49 PM [vite] page reload coverage-e2e 2/src/components/adjudication/tabs/AIReasoningTab.tsx.html
2:28:49 PM [vite] page reload coverage-e2e 2/src/components/adjudication/tabs/ContextTab.tsx.html
2:28:49 PM [vite] page reload coverage-e2e 2/src/components/adjudication/tabs/GraphTab.tsx.html
2:28:49 PM [vite] page reload coverage-e2e 2/src/components/adjudication/tabs/HistoryTab.tsx.html
2:28:49 PM [vite] page reload coverage-e2e 2/src/components/adjudication/tabs/index.html
2:28:49 PM [vite] page reload coverage-e2e 2/src/components/accessibility/AccessibilityChecker.tsx.html
2:28:49 PM [vite] page reload coverage-e2e 2/src/components/accessibility/AccessibilitySettings.tsx.html
2:28:49 PM [vite] page reload coverage-e2e 2/src/components/accessibility/index.html
2:28:49 PM [vite] page reload coverage-e2e 2/lcov-report/src/App.tsx.html
2:28:49 PM [vite] page reload coverage-e2e 2/lcov-report/src/config.ts.html
2:28:49 PM [vite] page reload coverage-e2e 2/lcov-report/src/index.html
2:28:49 PM [vite] page reload coverage-e2e 2/lcov-report/src/main.tsx.html
2:28:49 PM [vite] page reload coverage-e2e 2/lcov-report/src/vite-env.d.ts.html
2:28:49 PM [vite] page reload coverage-e2e 2/lcov-report/src/utils/antiDebug.ts.html
2:28:49 PM [vite] page reload coverage-e2e 2/lcov-report/src/utils/csrfProtection.ts.html
2:28:49 PM [vite] page reload coverage-e2e 2/lcov-report/src/utils/electron.ts.html
2:28:49 PM [vite] page reload coverage-e2e 2/lcov-report/src/utils/electronStore.ts.html
2:28:49 PM [vite] page reload coverage-e2e 2/lcov-report/src/utils/errorHandler.ts.html
2:28:49 PM [vite] page reload coverage-e2e 2/lcov-report/src/utils/index.html
2:28:49 PM [vite] page reload coverage-e2e 2/lcov-report/src/utils/logger.ts.html
2:28:49 PM [vite] page reload coverage-e2e 2/lcov-report/src/utils/performanceMonitor.ts.html
2:28:49 PM [vite] page reload coverage-e2e 2/lcov-report/src/utils/secureLogger.ts.html
2:28:49 PM [vite] page reload coverage-e2e 2/lcov-report/src/utils/secureRandom.ts.html
2:28:49 PM [vite] page reload coverage-e2e 2/lcov-report/src/utils/secureTokenStorage.ts.html
2:28:49 PM [vite] page reload coverage-e2e 2/lcov-report/src/utils/validation.ts.html
2:28:49 PM [vite] page reload coverage-e2e 2/lcov-report/src/utils/verifyIntegrity.ts.html
2:28:49 PM [vite] page reload coverage-e2e 2/lcov-report/src/utils/webVitals.ts.html
2:28:49 PM [vite] page reload coverage-e2e 2/lcov-report/src/types/declarations.d.ts.html
2:28:49 PM [vite] page reload coverage-e2e 2/lcov-report/src/types/electron.d.ts.html
2:28:49 PM [vite] page reload coverage-e2e 2/lcov-report/src/types/index.html
2:28:49 PM [vite] page reload coverage-e2e 2/lcov-report/src/types/locale.ts.html
2:28:49 PM [vite] page reload coverage-e2e 2/lcov-report/src/types/react-pdf-highlighter-extended.d.ts.html
2:28:49 PM [vite] page reload coverage-e2e 2/lcov-report/src/store/globalStore.ts.html
2:28:49 PM [vite] page reload coverage-e2e 2/lcov-report/src/store/index.html
2:28:49 PM [vite] page reload coverage-e2e 2/lcov-report/src/store/projectStore.ts.html
2:28:49 PM [vite] page reload coverage-e2e 2/lcov-report/src/store/reconciliationStore.ts.html
2:28:49 PM [vite] page reload coverage-e2e 2/lcov-report/src/store/useAuthStore.ts.html
2:28:49 PM [vite] page reload coverage-e2e 2/lcov-report/src/store/useIngestionStore.ts.html
2:28:49 PM [vite] page reload coverage-e2e 2/lcov-report/src/store/useUIStore.ts.html
2:28:49 PM [vite] page reload coverage-e2e 2/lcov-report/src/services/CaseSyncEngine.ts.html
2:28:49 PM [vite] page reload coverage-e2e 2/lcov-report/src/services/EvidenceScorer.ts.html
2:28:49 PM [vite] page reload coverage-e2e 2/lcov-report/src/services/ai.ts.html
2:28:49 PM [vite] page reload coverage-e2e 2/lcov-report/src/services/alerts.ts.html
2:28:49 PM [vite] page reload coverage-e2e 2/lcov-report/src/services/approvalService.ts.html
2:28:49 PM [vite] page reload coverage-e2e 2/lcov-report/src/services/auth.ts.html
2:28:49 PM [vite] page reload coverage-e2e 2/lcov-report/src/services/cases.ts.html
2:28:49 PM [vite] page reload coverage-e2e 2/lcov-report/src/services/client.ts.html
2:28:49 PM [vite] page reload coverage-e2e 2/lcov-report/src/services/compliance.ts.html
2:28:49 PM [vite] page reload coverage-e2e 2/lcov-report/src/services/complianceMonitoring.ts.html
2:28:49 PM [vite] page reload coverage-e2e 2/lcov-report/src/services/costOptimization.ts.html
2:28:49 PM [vite] page reload coverage-e2e 2/lcov-report/src/services/diagnosticsService.ts.html
2:28:49 PM [vite] page reload coverage-e2e 2/lcov-report/src/services/draftPreviewService.ts.html
2:28:49 PM [vite] page reload coverage-e2e 2/lcov-report/src/services/errorReporting.ts.html
2:28:49 PM [vite] page reload coverage-e2e 2/lcov-report/src/services/evidence.ts.html
2:28:49 PM [vite] page reload coverage-e2e 2/lcov-report/src/services/fileProcessing.ts.html
2:28:49 PM [vite] page reload coverage-e2e 2/lcov-report/src/services/graph.ts.html
2:28:49 PM [vite] page reload coverage-e2e 2/lcov-report/src/services/index.html
2:28:49 PM [vite] page reload coverage-e2e 2/lcov-report/src/services/integrations.ts.html
2:28:49 PM [vite] page reload coverage-e2e 2/lcov-report/src/services/intelligenceService.ts.html
2:28:49 PM [vite] page reload coverage-e2e 2/lcov-report/src/services/monitoring.ts.html
2:28:49 PM [vite] page reload coverage-e2e 2/lcov-report/src/services/notifications.ts.html
2:28:49 PM [vite] page reload coverage-e2e 2/lcov-report/src/services/onboarding.ts.html
2:28:49 PM [vite] page reload coverage-e2e 2/lcov-report/src/services/reconciliation.ts.html
2:28:49 PM [vite] page reload coverage-e2e 2/lcov-report/src/services/reporting.ts.html
2:28:49 PM [vite] page reload coverage-e2e 2/lcov-report/src/services/settings.ts.html
2:28:49 PM [vite] page reload coverage-e2e 2/lcov-report/src/services/socket.ts.html
2:28:49 PM [vite] page reload coverage-e2e 2/lcov-report/src/services/sync.ts.html
2:28:49 PM [vite] page reload coverage-e2e 2/lcov-report/src/services/syncOrchestrator.ts.html
2:28:49 PM [vite] page reload coverage-e2e 2/lcov-report/src/services/user.ts.html
2:28:49 PM [vite] page reload coverage-e2e 2/lcov-report/src/providers/AppProviders.tsx.html
2:28:49 PM [vite] page reload coverage-e2e 2/lcov-report/src/providers/AuthProvider.tsx.html
2:28:49 PM [vite] page reload coverage-e2e 2/lcov-report/src/providers/AuthenticationProvider.tsx.html
2:28:49 PM [vite] page reload coverage-e2e 2/lcov-report/src/providers/LocaleProvider.tsx.html
2:28:49 PM [vite] page reload coverage-e2e 2/lcov-report/src/providers/NetworkStatusProvider.tsx.html
2:28:49 PM [vite] page reload coverage-e2e 2/lcov-report/src/providers/OfflineQueueContext.tsx.html
2:28:49 PM [vite] page reload coverage-e2e 2/lcov-report/src/providers/ToastProvider.tsx.html
2:28:49 PM [vite] page reload coverage-e2e 2/lcov-report/src/providers/WebSocketProvider.tsx.html
2:28:49 PM [vite] page reload coverage-e2e 2/lcov-report/src/providers/index.html
2:28:49 PM [vite] page reload coverage-e2e 2/lcov-report/src/pages/AdjudicationQueue.tsx.html
2:28:49 PM [vite] page reload coverage-e2e 2/lcov-report/src/pages/AgentApprovals.tsx.html
2:28:49 PM [vite] page reload coverage-e2e 2/lcov-report/src/pages/AgentDrafts.tsx.html
2:28:49 PM [vite] page reload coverage-e2e 2/lcov-report/src/pages/Cases.tsx.html
2:28:49 PM [vite] page reload coverage-e2e 2/lcov-report/src/pages/CasesRefactored.tsx.html
2:28:49 PM [vite] page reload coverage-e2e 2/lcov-report/src/pages/ComplianceMonitoring.tsx.html
2:28:49 PM [vite] page reload coverage-e2e 2/lcov-report/src/pages/Dashboard.tsx.html
2:28:49 PM [vite] page reload coverage-e2e 2/lcov-report/src/pages/DesignSystemShowcase.tsx.html
2:28:49 PM [vite] page reload coverage-e2e 2/lcov-report/src/pages/EnhancedEvidenceLocker.tsx.html
2:28:49 PM [vite] page reload coverage-e2e 2/lcov-report/src/pages/Forensics.tsx.html
2:28:49 PM [vite] page reload coverage-e2e 2/lcov-report/src/pages/ForensicsRefactored.tsx.html
2:28:49 PM [vite] page reload coverage-e2e 2/lcov-report/src/pages/Ingestion.tsx.html
2:28:49 PM [vite] page reload coverage-e2e 2/lcov-report/src/pages/Investigation.tsx.html
2:28:49 PM [vite] page reload coverage-e2e 2/lcov-report/src/pages/Login.tsx.html
2:28:49 PM [vite] page reload coverage-e2e 2/lcov-report/src/pages/NetworkAnalysis.tsx.html
2:28:49 PM [vite] page reload coverage-e2e 2/lcov-report/src/pages/NotFound.tsx.html
2:28:49 PM [vite] page reload coverage-e2e 2/lcov-report/src/pages/PerformanceDashboard.tsx.html
2:28:49 PM [vite] page reload coverage-e2e 2/lcov-report/src/pages/ProjectSelection.tsx.html
2:28:49 PM [vite] page reload coverage-e2e 2/lcov-report/src/pages/ProofVisualizationRoute.tsx.html
2:28:49 PM [vite] page reload coverage-e2e 2/lcov-report/src/pages/Reconciliation.tsx.html
2:28:49 PM [vite] page reload coverage-e2e 2/lcov-report/src/pages/RegulatoryIntelligence.tsx.html
2:28:49 PM [vite] page reload coverage-e2e 2/lcov-report/src/pages/Reporting.tsx.html
2:28:49 PM [vite] page reload coverage-e2e 2/lcov-report/src/pages/SARCreation.tsx.html
2:28:49 PM [vite] page reload coverage-e2e 2/lcov-report/src/pages/Settings.tsx.html
2:28:49 PM [vite] page reload coverage-e2e 2/lcov-report/src/pages/Setup.tsx.html
2:28:49 PM [vite] page reload coverage-e2e 2/lcov-report/src/pages/SystemDiagnosticsCenter.tsx.html
2:28:49 PM [vite] page reload coverage-e2e 2/lcov-report/src/pages/index.html
2:28:49 PM [vite] page reload coverage-e2e 2/lcov-report/src/pages/settings/components/GeneralTab.tsx.html
2:28:49 PM [vite] page reload coverage-e2e 2/lcov-report/src/pages/settings/components/index.html
2:28:49 PM [vite] page reload coverage-e2e 2/lcov-report/src/lib/AIFraudDetection.ts.html
2:28:49 PM [vite] page reload coverage-e2e 2/lcov-report/src/lib/LocalDataManager.ts.html
2:28:49 PM [vite] page reload coverage-e2e 2/lcov-report/src/lib/accessibility.ts.html
2:28:49 PM [vite] page reload coverage-e2e 2/lcov-report/src/lib/advancedAI.ts.html
2:28:49 PM [vite] page reload coverage-e2e 2/lcov-report/src/lib/advancedMonitoring.ts.html
2:28:49 PM [vite] page reload coverage-e2e 2/lcov-report/src/lib/advancedTesting.ts.html
2:28:49 PM [vite] page reload coverage-e2e 2/lcov-report/src/lib/api.ts.html
2:28:49 PM [vite] page reload coverage-e2e 2/lcov-report/src/lib/chaosEngineering.ts.html
2:28:49 PM [vite] page reload coverage-e2e 2/lcov-report/src/lib/circuitBreaker.ts.html
2:28:49 PM [vite] page reload coverage-e2e 2/lcov-report/src/lib/electron.ts.html
2:28:49 PM [vite] page reload coverage-e2e 2/lcov-report/src/lib/formatters.ts.html
2:28:49 PM [vite] page reload coverage-e2e 2/lcov-report/src/lib/index.html
2:28:49 PM [vite] page reload coverage-e2e 2/lcov-report/src/lib/keyboardShortcuts.ts.html
2:28:49 PM [vite] page reload coverage-e2e 2/lcov-report/src/lib/reliabilityManager.ts.html
2:28:49 PM [vite] page reload coverage-e2e 2/lcov-report/src/lib/testGenerator.ts.html
2:28:49 PM [vite] page reload coverage-e2e 2/lcov-report/src/lib/utils.ts.html
2:28:49 PM [vite] page reload coverage-e2e 2/lcov-report/src/lib/accessibility/aria-helpers.ts.html
2:28:49 PM [vite] page reload coverage-e2e 2/lcov-report/src/lib/accessibility/focus-management.ts.html
2:28:49 PM [vite] page reload coverage-e2e 2/lcov-report/src/lib/accessibility/index.html
2:28:49 PM [vite] page reload coverage-e2e 2/lcov-report/src/lib/accessibility/keyboard-navigation.ts.html
2:28:49 PM [vite] page reload coverage-e2e 2/lcov-report/src/i18n/config.ts.html
2:28:49 PM [vite] page reload coverage-e2e 2/lcov-report/src/i18n/index.html
2:28:49 PM [vite] page reload coverage-e2e 2/lcov-report/src/hooks/index.html
2:28:49 PM [vite] page reload coverage-e2e 2/lcov-report/src/hooks/use-toast.ts.html
2:28:49 PM [vite] page reload coverage-e2e 2/lcov-report/src/hooks/useAccessibility.ts.html
2:28:49 PM [vite] page reload coverage-e2e 2/lcov-report/src/hooks/useAlerts.ts.html
2:28:49 PM [vite] page reload coverage-e2e 2/lcov-report/src/hooks/useApiError.ts.html
2:28:49 PM [vite] page reload coverage-e2e 2/lcov-report/src/hooks/useApiWithRetry.ts.html
2:28:49 PM [vite] page reload coverage-e2e 2/lcov-report/src/hooks/useAuth.ts.html
2:28:49 PM [vite] page reload coverage-e2e 2/lcov-report/src/hooks/useCases.ts.html
2:28:49 PM [vite] page reload coverage-e2e 2/lcov-report/src/hooks/useCollaboration.ts.html
2:28:49 PM [vite] page reload coverage-e2e 2/lcov-report/src/hooks/useContextAwareAI.ts.html
2:28:49 PM [vite] page reload coverage-e2e 2/lcov-report/src/hooks/useDashboard.ts.html
2:28:49 PM [vite] page reload coverage-e2e 2/lcov-report/src/hooks/useDashboardMetrics.ts.html
2:28:49 PM [vite] page reload coverage-e2e 2/lcov-report/src/hooks/useEvidence.ts.html
2:28:49 PM [vite] page reload coverage-e2e 2/lcov-report/src/hooks/useFormValidation.ts.html
2:28:49 PM [vite] page reload coverage-e2e 2/lcov-report/src/hooks/useGraphData.ts.html
2:28:49 PM [vite] page reload coverage-e2e 2/lcov-report/src/hooks/useHttpClient.tsx.html
2:28:49 PM [vite] page reload coverage-e2e 2/lcov-report/src/hooks/useKeyboardNavigation.tsx.html
2:28:49 PM [vite] page reload coverage-e2e 2/lcov-report/src/hooks/useMemoryCleanup.ts.html
2:28:49 PM [vite] page reload coverage-e2e 2/lcov-report/src/hooks/useNetworkStatus.ts.html
2:28:49 PM [vite] page reload coverage-e2e 2/lcov-report/src/hooks/useOfflineQueue.ts.html
2:28:49 PM [vite] page reload coverage-e2e 2/lcov-report/src/hooks/usePerformanceMonitor.ts.html
2:28:49 PM [vite] page reload coverage-e2e 2/lcov-report/src/hooks/usePersistedState.ts.html
2:28:49 PM [vite] page reload coverage-e2e 2/lcov-report/src/hooks/useResizeObserver.ts.html
2:28:49 PM [vite] page reload coverage-e2e 2/lcov-report/src/hooks/useRoleBasedLayout.ts.html
2:28:49 PM [vite] page reload coverage-e2e 2/lcov-report/src/hooks/useSanitizedHTML.tsx.html
2:28:49 PM [vite] page reload coverage-e2e 2/lcov-report/src/hooks/useSettings.ts.html
2:28:49 PM [vite] page reload coverage-e2e 2/lcov-report/src/hooks/useTouchGestures.ts.html
2:28:49 PM [vite] page reload coverage-e2e 2/lcov-report/src/hooks/useWebSocketClient.tsx.html
2:28:49 PM [vite] page reload coverage-e2e 2/lcov-report/src/hooks/useWebSocketQueue.ts.html
2:28:49 PM [vite] page reload coverage-e2e 2/lcov-report/src/context/AIContext.tsx.html
2:28:49 PM [vite] page reload coverage-e2e 2/lcov-report/src/context/AccessibilityContext.tsx.html
2:28:49 PM [vite] page reload coverage-e2e 2/lcov-report/src/context/AuthContext.ts.html
2:28:49 PM [vite] page reload coverage-e2e 2/lcov-report/src/context/NetworkStatusContext.ts.html
2:28:49 PM [vite] page reload coverage-e2e 2/lcov-report/src/context/OfflineQueueContext.ts.html
2:28:49 PM [vite] page reload coverage-e2e 2/lcov-report/src/context/TourContext.tsx.html
2:28:49 PM [vite] page reload coverage-e2e 2/lcov-report/src/context/index.html
2:28:49 PM [vite] page reload coverage-e2e 2/lcov-report/src/components/ApprovalQueue.tsx.html
2:28:49 PM [vite] page reload coverage-e2e 2/lcov-report/src/components/CaseProgressBar.tsx.html
2:28:49 PM [vite] page reload coverage-e2e 2/lcov-report/src/components/CollaborativeEditor.tsx.html
2:28:49 PM [vite] page reload coverage-e2e 2/lcov-report/src/components/DigitalDossierGenerator.tsx.html
2:28:49 PM [vite] page reload coverage-e2e 2/lcov-report/src/components/ErrorBoundary.tsx.html
2:28:49 PM [vite] page reload coverage-e2e 2/lcov-report/src/components/ErrorMessage.tsx.html
2:28:49 PM [vite] page reload coverage-e2e 2/lcov-report/src/components/FriendlyWelcome.tsx.html
2:28:49 PM [vite] page reload coverage-e2e 2/lcov-report/src/components/InvestigationNotebook.tsx.html
2:28:49 PM [vite] page reload coverage-e2e 2/lcov-report/src/components/LoadingState.tsx.html
2:28:49 PM [vite] page reload coverage-e2e 2/lcov-report/src/components/MemoryMonitor.tsx.html
2:28:49 PM [vite] page reload coverage-e2e 2/lcov-report/src/components/NotificationContainer.tsx.html
2:28:49 PM [vite] page reload coverage-e2e 2/lcov-report/src/components/OfflineIndicator.tsx.html
2:28:49 PM [vite] page reload coverage-e2e 2/lcov-report/src/components/OnboardingWizard.tsx.html
2:28:49 PM [vite] page reload coverage-e2e 2/lcov-report/src/components/PageErrorBoundary.tsx.html
2:28:49 PM [vite] page reload coverage-e2e 2/lcov-report/src/components/RelationshipGraph.tsx.html
2:28:49 PM [vite] page reload coverage-e2e 2/lcov-report/src/components/RoleSelection.tsx.html
2:28:49 PM [vite] page reload coverage-e2e 2/lcov-report/src/components/RoleSelector.tsx.html
2:28:49 PM [vite] page reload coverage-e2e 2/lcov-report/src/components/TemporalPlayback.tsx.html
2:28:49 PM [vite] page reload coverage-e2e 2/lcov-report/src/components/WebSocketSync.tsx.html
2:28:49 PM [vite] page reload coverage-e2e 2/lcov-report/src/components/index.html
2:28:49 PM [vite] page reload coverage-e2e 2/lcov-report/src/components/visualizations/NetworkGraph.tsx.html
2:28:49 PM [vite] page reload coverage-e2e 2/lcov-report/src/components/visualizations/index.html
2:28:49 PM [vite] page reload coverage-e2e 2/lcov-report/src/components/ui/AIInsights.tsx.html
2:28:49 PM [vite] page reload coverage-e2e 2/lcov-report/src/components/ui/AccessibleButton.tsx.html
2:28:49 PM [vite] page reload coverage-e2e 2/lcov-report/src/components/ui/AccessibleForm.tsx.html
2:28:49 PM [vite] page reload coverage-e2e 2/lcov-report/src/components/ui/AccessibleModal.tsx.html
2:28:49 PM [vite] page reload coverage-e2e 2/lcov-report/src/components/ui/AgentStatusStream.tsx.html
2:28:49 PM [vite] page reload coverage-e2e 2/lcov-report/src/components/ui/Alert.tsx.html
2:28:49 PM [vite] page reload coverage-e2e 2/lcov-report/src/components/ui/Avatar.tsx.html
2:28:49 PM [vite] page reload coverage-e2e 2/lcov-report/src/components/ui/Badge.tsx.html
2:28:49 PM [vite] page reload coverage-e2e 2/lcov-report/src/components/ui/Button.tsx.html
2:28:49 PM [vite] page reload coverage-e2e 2/lcov-report/src/components/ui/Card.tsx.html
2:28:49 PM [vite] page reload coverage-e2e 2/lcov-report/src/components/ui/Checkbox.tsx.html
2:28:49 PM [vite] page reload coverage-e2e 2/lcov-report/src/components/ui/DataGrid.tsx.html
2:28:49 PM [vite] page reload coverage-e2e 2/lcov-report/src/components/ui/Dialog.tsx.html
2:28:49 PM [vite] page reload coverage-e2e 2/lcov-report/src/components/ui/DraftPreview.tsx.html
2:28:49 PM [vite] page reload coverage-e2e 2/lcov-report/src/components/ui/FileDropZone.tsx.html
2:28:49 PM [vite] page reload coverage-e2e 2/lcov-report/src/components/ui/Input.tsx.html
2:28:49 PM [vite] page reload coverage-e2e 2/lcov-report/src/components/ui/KeyboardShortcutsModal.tsx.html
2:28:49 PM [vite] page reload coverage-e2e 2/lcov-report/src/components/ui/Label.tsx.html
2:28:49 PM [vite] page reload coverage-e2e 2/lcov-report/src/components/ui/Pagination.tsx.html
2:28:49 PM [vite] page reload coverage-e2e 2/lcov-report/src/components/ui/Progress.tsx.html
2:28:49 PM [vite] page reload coverage-e2e 2/lcov-report/src/components/ui/ProgressBar.tsx.html
2:28:49 PM [vite] page reload coverage-e2e 2/lcov-report/src/components/ui/ProgressiveDisclosure.tsx.html
2:28:49 PM [vite] page reload coverage-e2e 2/lcov-report/src/components/ui/ResizablePanel.tsx.html
2:28:49 PM [vite] page reload coverage-e2e 2/lcov-report/src/components/ui/ScrollArea.tsx.html
2:28:49 PM [vite] page reload coverage-e2e 2/lcov-report/src/components/ui/Select.tsx.html
2:28:49 PM [vite] page reload coverage-e2e 2/lcov-report/src/components/ui/SemanticSearch.tsx.html
2:28:49 PM [vite] page reload coverage-e2e 2/lcov-report/src/components/ui/Separator.tsx.html
2:28:49 PM [vite] page reload coverage-e2e 2/lcov-report/src/components/ui/Skeleton.tsx.html
2:28:49 PM [vite] page reload coverage-e2e 2/lcov-report/src/components/ui/Slider.tsx.html
2:28:49 PM [vite] page reload coverage-e2e 2/lcov-report/src/components/ui/SplitView.tsx.html
2:28:49 PM [vite] page reload coverage-e2e 2/lcov-report/src/components/ui/StandardizedErrorDisplay.tsx.html
2:28:49 PM [vite] page reload coverage-e2e 2/lcov-report/src/components/ui/StatusIndicator.tsx.html
2:28:49 PM [vite] page reload coverage-e2e 2/lcov-report/src/components/ui/Switch.tsx.html
2:28:49 PM [vite] page reload coverage-e2e 2/lcov-report/src/components/ui/SyncStatus.tsx.html
2:28:49 PM [vite] page reload coverage-e2e 2/lcov-report/src/components/ui/Table.tsx.html
2:28:49 PM [vite] page reload coverage-e2e 2/lcov-report/src/components/ui/Tabs.tsx.html
2:28:49 PM [vite] page reload coverage-e2e 2/lcov-report/src/components/ui/Textarea.tsx.html
2:28:49 PM [vite] page reload coverage-e2e 2/lcov-report/src/components/ui/VirtualList.tsx.html
2:28:49 PM [vite] page reload coverage-e2e 2/lcov-report/src/components/ui/VirtualizedList.tsx.html
2:28:49 PM [vite] page reload coverage-e2e 2/lcov-report/src/components/ui/index.html
2:28:49 PM [vite] page reload coverage-e2e 2/lcov-report/src/components/settings/AccessibilitySettings.tsx.html
2:28:49 PM [vite] page reload coverage-e2e 2/lcov-report/src/components/settings/AuditLogViewer.tsx.html
2:28:49 PM [vite] page reload coverage-e2e 2/lcov-report/src/components/settings/GeneralSettings.tsx.html
2:28:49 PM [vite] page reload coverage-e2e 2/lcov-report/src/components/settings/HealthGauges.tsx.html
2:28:49 PM [vite] page reload coverage-e2e 2/lcov-report/src/components/settings/NotificationSettings.tsx.html
2:28:49 PM [vite] page reload coverage-e2e 2/lcov-report/src/components/settings/PermissionMatrix.tsx.html
2:28:49 PM [vite] page reload coverage-e2e 2/lcov-report/src/components/settings/RuleBuilder.tsx.html
2:28:49 PM [vite] page reload coverage-e2e 2/lcov-report/src/components/settings/SecuritySettings.tsx.html
2:28:49 PM [vite] page reload coverage-e2e 2/lcov-report/src/components/settings/SettingsErrorState.tsx.html
2:28:49 PM [vite] page reload coverage-e2e 2/lcov-report/src/components/settings/SettingsHeader.tsx.html
2:28:49 PM [vite] page reload coverage-e2e 2/lcov-report/src/components/settings/SettingsLayout.tsx.html
2:28:49 PM [vite] page reload coverage-e2e 2/lcov-report/src/components/settings/SettingsNavigation.tsx.html
2:28:49 PM [vite] page reload coverage-e2e 2/lcov-report/src/components/settings/SettingsSkeleton.tsx.html
2:28:49 PM [vite] page reload coverage-e2e 2/lcov-report/src/components/settings/SystemSettings.tsx.html
2:28:49 PM [vite] page reload coverage-e2e 2/lcov-report/src/components/settings/index.html
2:28:49 PM [vite] page reload coverage-e2e 2/lcov-report/src/components/settings/index.ts.html
2:28:49 PM [vite] page reload coverage-e2e 2/lcov-report/src/components/settings/i18n/LanguageSwitcher.tsx.html
2:28:49 PM [vite] page reload coverage-e2e 2/lcov-report/src/components/settings/i18n/index.html
2:28:49 PM [vite] page reload coverage-e2e 2/lcov-report/src/components/reporting/AIWriter.tsx.html
2:28:49 PM [vite] page reload coverage-e2e 2/lcov-report/src/components/reporting/AutoReportGenerator.tsx.html
2:28:49 PM [vite] page reload coverage-e2e 2/lcov-report/src/components/reporting/ConclusionWizard.tsx.html
2:28:49 PM [vite] page reload coverage-e2e 2/lcov-report/src/components/reporting/DossierExport.tsx.html
2:28:49 PM [vite] page reload coverage-e2e 2/lcov-report/src/components/reporting/FinancialHealth.tsx.html
2:28:49 PM [vite] page reload coverage-e2e 2/lcov-report/src/components/reporting/KeyFindings.tsx.html
2:28:49 PM [vite] page reload coverage-e2e 2/lcov-report/src/components/reporting/ProjectTracker.tsx.html
2:28:49 PM [vite] page reload coverage-e2e 2/lcov-report/src/components/reporting/ReportBuilder.tsx.html
2:28:49 PM [vite] page reload coverage-e2e 2/lcov-report/src/components/reporting/SuccessBanner.tsx.html
2:28:49 PM [vite] page reload coverage-e2e 2/lcov-report/src/components/reporting/SummaryPreview.tsx.html
2:28:49 PM [vite] page reload coverage-e2e 2/lcov-report/src/components/reporting/index.html
2:28:49 PM [vite] page reload coverage-e2e 2/lcov-report/src/components/recon/ExceptionQueue.tsx.html
2:28:49 PM [vite] page reload coverage-e2e 2/lcov-report/src/components/recon/MatchCanvas.tsx.html
2:28:49 PM [vite] page reload coverage-e2e 2/lcov-report/src/components/recon/TransactionCard.tsx.html
2:28:49 PM [vite] page reload coverage-e2e 2/lcov-report/src/components/recon/index.html
2:28:49 PM [vite] page reload coverage-e2e 2/lcov-report/src/components/performance/PerformanceDashboard.tsx.html
2:28:49 PM [vite] page reload coverage-e2e 2/lcov-report/src/components/performance/index.html
2:28:49 PM [vite] page reload coverage-e2e 2/lcov-report/src/components/monitoring/MonitoringDashboard.tsx.html
2:28:49 PM [vite] page reload coverage-e2e 2/lcov-report/src/components/monitoring/PerformanceDashboard.tsx.html
2:28:49 PM [vite] page reload coverage-e2e 2/lcov-report/src/components/monitoring/SystemOrchestrationDashboard.tsx.html
2:28:49 PM [vite] page reload coverage-e2e 2/lcov-report/src/components/monitoring/index.html
2:28:49 PM [vite] page reload coverage-e2e 2/lcov-report/src/components/layout/AppLayout.tsx.html
2:28:49 PM [vite] page reload coverage-e2e 2/lcov-report/src/components/layout/Header.tsx.html
2:28:49 PM [vite] page reload coverage-e2e 2/lcov-report/src/components/layout/Sidebar.tsx.html
2:28:49 PM [vite] page reload coverage-e2e 2/lcov-report/src/components/layout/index.html
2:28:49 PM [vite] page reload coverage-e2e 2/lcov-report/src/components/investigation/CanvasArea.tsx.html
2:28:49 PM [vite] page reload coverage-e2e 2/lcov-report/src/components/investigation/EntityForm.tsx.html
2:28:49 PM [vite] page reload coverage-e2e 2/lcov-report/src/components/investigation/EntityNode.tsx.html
2:28:49 PM [vite] page reload coverage-e2e 2/lcov-report/src/components/investigation/EntityRegistry.tsx.html
2:28:49 PM [vite] page reload coverage-e2e 2/lcov-report/src/components/investigation/EvidenceItem.tsx.html
2:28:49 PM [vite] page reload coverage-e2e 2/lcov-report/src/components/investigation/GraphCanvas.tsx.html
2:28:49 PM [vite] page reload coverage-e2e 2/lcov-report/src/components/investigation/InvestigationCanvas.tsx.html
2:28:49 PM [vite] page reload coverage-e2e 2/lcov-report/src/components/investigation/InvestigationSkeleton.tsx.html
2:28:49 PM [vite] page reload coverage-e2e 2/lcov-report/src/components/investigation/NodeInspector.tsx.html
2:28:49 PM [vite] page reload coverage-e2e 2/lcov-report/src/components/investigation/PathfindingVisualizer.tsx.html
2:28:49 PM [vite] page reload coverage-e2e 2/lcov-report/src/components/investigation/RelationshipForm.tsx.html
2:28:49 PM [vite] page reload coverage-e2e 2/lcov-report/src/components/investigation/ThreeDGraph.tsx.html
2:28:49 PM [vite] page reload coverage-e2e 2/lcov-report/src/components/investigation/index.html
2:28:49 PM [vite] page reload coverage-e2e 2/lcov-report/src/components/intelligence/AutoReportGenerator.tsx.html
2:28:49 PM [vite] page reload coverage-e2e 2/lcov-report/src/components/intelligence/CourtDocumentGenerator.tsx.html
2:28:49 PM [vite] page reload coverage-e2e 2/lcov-report/src/components/intelligence/PredictiveDashboard.tsx.html
2:28:49 PM [vite] page reload coverage-e2e 2/lcov-report/src/components/intelligence/index.html
2:28:49 PM [vite] page reload coverage-e2e 2/lcov-report/src/components/integration/AnalyticsTab.tsx.html
2:28:49 PM [vite] page reload coverage-e2e 2/lcov-report/src/components/integration/EventBusTab.tsx.html
2:28:49 PM [vite] page reload coverage-e2e 2/lcov-report/src/components/integration/GraphQLTab.tsx.html
2:28:49 PM [vite] page reload coverage-e2e 2/lcov-report/src/components/integration/IntegrationsTab.tsx.html
2:28:49 PM [vite] page reload coverage-e2e 2/lcov-report/src/components/integration/MarketplaceTab.tsx.html
2:28:49 PM [vite] page reload coverage-e2e 2/lcov-report/src/components/integration/OverviewTab.tsx.html
2:28:49 PM [vite] page reload coverage-e2e 2/lcov-report/src/components/integration/index.html
2:28:49 PM [vite] page reload coverage-e2e 2/lcov-report/src/components/ingestion/DataMapping.tsx.html
2:28:49 PM [vite] page reload coverage-e2e 2/lcov-report/src/components/ingestion/IngestionStepper.tsx.html
2:28:49 PM [vite] page reload coverage-e2e 2/lcov-report/src/components/ingestion/index.html
2:28:49 PM [vite] page reload coverage-e2e 2/lcov-report/src/components/i18n/LanguageSwitcher.tsx.html
2:28:49 PM [vite] page reload coverage-e2e 2/lcov-report/src/components/i18n/index.html
2:28:49 PM [vite] page reload coverage-e2e 2/lcov-report/src/components/i18n/index.ts.html
2:28:49 PM [vite] page reload coverage-e2e 2/lcov-report/src/components/graph/EntityGraph3DWebGL.tsx.html
2:28:49 PM [vite] page reload coverage-e2e 2/lcov-report/src/components/graph/index.html
2:28:49 PM [vite] page reload coverage-e2e 2/lcov-report/src/components/fraud/FraudRuleBuilder.tsx.html
2:28:49 PM [vite] page reload coverage-e2e 2/lcov-report/src/components/fraud/index.html
2:28:49 PM [vite] page reload coverage-e2e 2/lcov-report/src/components/forensics/EvidenceList.tsx.html
2:28:49 PM [vite] page reload coverage-e2e 2/lcov-report/src/components/forensics/EvidenceViewer.tsx.html
2:28:49 PM [vite] page reload coverage-e2e 2/lcov-report/src/components/forensics/ForensicsErrorState.tsx.html
2:28:49 PM [vite] page reload coverage-e2e 2/lcov-report/src/components/forensics/ForensicsLayout.tsx.html
2:28:49 PM [vite] page reload coverage-e2e 2/lcov-report/src/components/forensics/ForensicsSkeleton.tsx.html
2:28:49 PM [vite] page reload coverage-e2e 2/lcov-report/src/components/forensics/ForensicsToolbar.tsx.html
2:28:49 PM [vite] page reload coverage-e2e 2/lcov-report/src/components/forensics/PdfViewer.tsx.html
2:28:49 PM [vite] page reload coverage-e2e 2/lcov-report/src/components/forensics/index.html
2:28:49 PM [vite] page reload coverage-e2e 2/lcov-report/src/components/forensics/index.ts.html
2:28:49 PM [vite] page reload coverage-e2e 2/lcov-report/src/components/evidence/DocumentViewer.tsx.html
2:28:49 PM [vite] page reload coverage-e2e 2/lcov-report/src/components/evidence/EvidenceViewer.tsx.html
2:28:49 PM [vite] page reload coverage-e2e 2/lcov-report/src/components/evidence/FolderTree.tsx.html
2:28:49 PM [vite] page reload coverage-e2e 2/lcov-report/src/components/evidence/ForensicCanvas.tsx.html
2:28:49 PM [vite] page reload coverage-e2e 2/lcov-report/src/components/evidence/HypothesisBoard.tsx.html
2:28:49 PM [vite] page reload coverage-e2e 2/lcov-report/src/components/evidence/MensReaAnalyzer.tsx.html
2:28:49 PM [vite] page reload coverage-e2e 2/lcov-report/src/components/evidence/TamperDetector.tsx.html
2:28:49 PM [vite] page reload coverage-e2e 2/lcov-report/src/components/evidence/UploadWizard.tsx.html
2:28:49 PM [vite] page reload coverage-e2e 2/lcov-report/src/components/evidence/index.html
2:28:49 PM [vite] page reload coverage-e2e 2/lcov-report/src/components/dashboard/AIWatchtower.tsx.html
2:28:49 PM [vite] page reload coverage-e2e 2/lcov-report/src/components/dashboard/CostOptimizationWidget.tsx.html
2:28:49 PM [vite] page reload coverage-e2e 2/lcov-report/src/components/dashboard/LiveQueue.tsx.html
2:28:49 PM [vite] page reload coverage-e2e 2/lcov-report/src/components/dashboard/MetricCard.tsx.html
2:28:49 PM [vite] page reload coverage-e2e 2/lcov-report/src/components/dashboard/MetricSparkline.tsx.html
2:28:49 PM [vite] page reload coverage-e2e 2/lcov-report/src/components/dashboard/MovableDashboard.tsx.html
2:28:49 PM [vite] page reload coverage-e2e 2/lcov-report/src/components/dashboard/PredictiveDashboard.tsx.html
2:28:49 PM [vite] page reload coverage-e2e 2/lcov-report/src/components/dashboard/ProofVisualizationCard.tsx.html
2:28:49 PM [vite] page reload coverage-e2e 2/lcov-report/src/components/dashboard/RiskDistributionChart.tsx.html
2:28:49 PM [vite] page reload coverage-e2e 2/lcov-report/src/components/dashboard/ThreatMap.tsx.html
2:28:49 PM [vite] page reload coverage-e2e 2/lcov-report/src/components/dashboard/VolumeChart.tsx.html
2:28:49 PM [vite] page reload coverage-e2e 2/lcov-report/src/components/dashboard/index.html
2:28:49 PM [vite] page reload coverage-e2e 2/lcov-report/src/components/compliance/SARCreationWizard.tsx.html
2:28:49 PM [vite] page reload coverage-e2e 2/lcov-report/src/components/compliance/index.html
2:28:49 PM [vite] page reload coverage-e2e 2/lcov-report/src/components/common/EmptyState.tsx.html
2:28:49 PM [vite] page reload coverage-e2e 2/lcov-report/src/components/common/ErrorBoundary.tsx.html
2:28:49 PM [vite] page reload coverage-e2e 2/lcov-report/src/components/common/EvidenceSpotlight.tsx.html
2:28:49 PM [vite] page reload coverage-e2e 2/lcov-report/src/components/common/JourneyProgress.tsx.html
2:28:49 PM [vite] page reload coverage-e2e 2/lcov-report/src/components/common/ProjectSwitcher.tsx.html
2:28:49 PM [vite] page reload coverage-e2e 2/lcov-report/src/components/common/RookieChecklist.tsx.html
2:28:49 PM [vite] page reload coverage-e2e 2/lcov-report/src/components/common/Spinner.tsx.html
2:28:49 PM [vite] page reload coverage-e2e 2/lcov-report/src/components/common/TourSpotlight.tsx.html
2:28:49 PM [vite] page reload coverage-e2e 2/lcov-report/src/components/common/WelcomeMessage.tsx.html
2:28:49 PM [vite] page reload coverage-e2e 2/lcov-report/src/components/common/index.html
2:28:49 PM [vite] page reload coverage-e2e 2/lcov-report/src/components/collaboration/CollaborativeEditor.tsx.html
2:28:49 PM [vite] page reload coverage-e2e 2/lcov-report/src/components/collaboration/EvidenceBoard.tsx.html
2:28:49 PM [vite] page reload coverage-e2e 2/lcov-report/src/components/collaboration/HypothesisBoard.tsx.html
2:28:49 PM [vite] page reload coverage-e2e 2/lcov-report/src/components/collaboration/MensReaAnalyzer.tsx.html
2:28:49 PM [vite] page reload coverage-e2e 2/lcov-report/src/components/collaboration/index.html
2:28:49 PM [vite] page reload coverage-e2e 2/lcov-report/src/components/cases/CaseActions.tsx.html
2:28:49 PM [vite] page reload coverage-e2e 2/lcov-report/src/components/cases/CaseHeader.tsx.html
2:28:49 PM [vite] page reload coverage-e2e 2/lcov-report/src/components/cases/CaseKanban.tsx.html
2:28:49 PM [vite] page reload coverage-e2e 2/lcov-report/src/components/cases/CasePreviewDrawer.tsx.html
2:28:49 PM [vite] page reload coverage-e2e 2/lcov-report/src/components/cases/CaseTable.tsx.html
2:28:49 PM [vite] page reload coverage-e2e 2/lcov-report/src/components/cases/FacetedFilter.tsx.html
2:28:49 PM [vite] page reload coverage-e2e 2/lcov-report/src/components/cases/InvestigationWizard.tsx.html
2:28:49 PM [vite] page reload coverage-e2e 2/lcov-report/src/components/cases/NewInvestigationWizard.tsx.html
2:28:49 PM [vite] page reload coverage-e2e 2/lcov-report/src/components/cases/RichCaseCard.tsx.html
2:28:49 PM [vite] page reload coverage-e2e 2/lcov-report/src/components/cases/index.html
2:28:49 PM [vite] page reload coverage-e2e 2/lcov-report/src/components/auth/LoginForm.tsx.html
2:28:49 PM [vite] page reload coverage-e2e 2/lcov-report/src/components/auth/index.html
2:28:49 PM [vite] page reload coverage-e2e 2/lcov-report/src/components/ai/AIAssistant.tsx.html
2:28:49 PM [vite] page reload coverage-e2e 2/lcov-report/src/components/ai/AIIntelligenceDashboard.tsx.html
2:28:49 PM [vite] page reload coverage-e2e 2/lcov-report/src/components/ai/AdvancedComplianceDashboard.tsx.html
2:28:49 PM [vite] page reload coverage-e2e 2/lcov-report/src/components/ai/CodeReviewDashboard.tsx.html
2:28:49 PM [vite] page reload coverage-e2e 2/lcov-report/src/components/ai/PredictiveMaintenanceDashboard.tsx.html
2:28:49 PM [vite] page reload coverage-e2e 2/lcov-report/src/components/ai/index.html
2:28:49 PM [vite] page reload coverage-e2e 2/lcov-report/src/components/advanced/ai/AiPerformanceMonitor.tsx.html
2:28:49 PM [vite] page reload coverage-e2e 2/lcov-report/src/components/advanced/ai/MultimodalAnalyzer.tsx.html
2:28:49 PM [vite] page reload coverage-e2e 2/lcov-report/src/components/advanced/ai/RagSearchInterface.tsx.html
2:28:49 PM [vite] page reload coverage-e2e 2/lcov-report/src/components/advanced/ai/RedTeamDashboard.tsx.html
2:28:49 PM [vite] page reload coverage-e2e 2/lcov-report/src/components/advanced/ai/index.html
2:28:49 PM [vite] page reload coverage-e2e 2/lcov-report/src/components/adjudication/AdjudicationLayout.tsx.html
2:28:49 PM [vite] page reload coverage-e2e 2/lcov-report/src/components/adjudication/AlertDetail.tsx.html
2:28:49 PM [vite] page reload coverage-e2e 2/lcov-report/src/components/adjudication/AlertList.tsx.html
2:28:49 PM [vite] page reload coverage-e2e 2/lcov-report/src/components/adjudication/AlertListItem.tsx.html
2:28:49 PM [vite] page reload coverage-e2e 2/lcov-report/src/components/adjudication/ContextTabs.tsx.html
2:28:49 PM [vite] page reload coverage-e2e 2/lcov-report/src/components/adjudication/DecisionPanel.tsx.html
2:28:49 PM [vite] page reload coverage-e2e 2/lcov-report/src/components/adjudication/index.html
2:28:49 PM [vite] page reload coverage-e2e 2/lcov-report/src/components/adjudication/tabs/AIReasoningTab.tsx.html
2:28:49 PM [vite] page reload coverage-e2e 2/lcov-report/src/components/adjudication/tabs/ContextTab.tsx.html
2:28:49 PM [vite] page reload coverage-e2e 2/lcov-report/src/components/adjudication/tabs/GraphTab.tsx.html
2:28:49 PM [vite] page reload coverage-e2e 2/lcov-report/src/components/adjudication/tabs/HistoryTab.tsx.html
2:28:49 PM [vite] page reload coverage-e2e 2/lcov-report/src/components/adjudication/tabs/index.html
2:28:49 PM [vite] page reload coverage-e2e 2/lcov-report/src/components/accessibility/AccessibilityChecker.tsx.html
2:28:49 PM [vite] page reload coverage-e2e 2/lcov-report/src/components/accessibility/AccessibilitySettings.tsx.html
2:28:49 PM [vite] page reload coverage-e2e 2/lcov-report/src/components/accessibility/index.html
2:28:50 PM [vite] page reload dist 2/index.html
2:28:50 PM [vite] page reload dist 2/offline.html
2:30:53 PM [vite] page reload dist 2/index.html
2:30:53 PM [vite] page reload dist 2/offline.html
2:30:53 PM [vite] page reload coverage-e2e 2/lcov-report/src/App.tsx.html
2:30:53 PM [vite] page reload coverage-e2e 2/lcov-report/src/components/ApprovalQueue.tsx.html
2:30:53 PM [vite] page reload coverage-e2e 2/lcov-report/src/components/CaseProgressBar.tsx.html
2:30:53 PM [vite] page reload coverage-e2e 2/lcov-report/src/components/CollaborativeEditor.tsx.html
2:30:53 PM [vite] page reload coverage-e2e 2/lcov-report/src/components/DigitalDossierGenerator.tsx.html
2:30:53 PM [vite] page reload coverage-e2e 2/lcov-report/src/components/ErrorBoundary.tsx.html
2:30:53 PM [vite] page reload coverage-e2e 2/lcov-report/src/components/ErrorMessage.tsx.html
2:30:53 PM [vite] page reload coverage-e2e 2/lcov-report/src/components/FriendlyWelcome.tsx.html
2:30:53 PM [vite] page reload coverage-e2e 2/lcov-report/src/components/InvestigationNotebook.tsx.html
2:30:53 PM [vite] page reload coverage-e2e 2/lcov-report/src/components/LoadingState.tsx.html
2:30:53 PM [vite] page reload coverage-e2e 2/lcov-report/src/components/MemoryMonitor.tsx.html
2:30:53 PM [vite] page reload coverage-e2e 2/lcov-report/src/components/NotificationContainer.tsx.html
2:30:53 PM [vite] page reload coverage-e2e 2/lcov-report/src/components/OfflineIndicator.tsx.html
2:30:53 PM [vite] page reload coverage-e2e 2/lcov-report/src/components/OnboardingWizard.tsx.html
2:30:53 PM [vite] page reload coverage-e2e 2/lcov-report/src/components/PageErrorBoundary.tsx.html
2:30:53 PM [vite] page reload coverage-e2e 2/lcov-report/src/components/RelationshipGraph.tsx.html
2:30:53 PM [vite] page reload coverage-e2e 2/lcov-report/src/components/RoleSelection.tsx.html
2:30:53 PM [vite] page reload coverage-e2e 2/lcov-report/src/components/RoleSelector.tsx.html
2:30:53 PM [vite] page reload coverage-e2e 2/lcov-report/src/components/TemporalPlayback.tsx.html
2:30:53 PM [vite] page reload coverage-e2e 2/lcov-report/src/components/WebSocketSync.tsx.html
2:30:53 PM [vite] page reload coverage-e2e 2/lcov-report/src/components/accessibility/AccessibilityChecker.tsx.html
2:30:53 PM [vite] page reload coverage-e2e 2/lcov-report/src/components/accessibility/AccessibilitySettings.tsx.html
2:30:53 PM [vite] page reload coverage-e2e 2/lcov-report/src/components/accessibility/index.html
2:30:53 PM [vite] page reload coverage-e2e 2/lcov-report/src/components/adjudication/AdjudicationLayout.tsx.html
2:30:53 PM [vite] page reload coverage-e2e 2/lcov-report/src/components/adjudication/AlertDetail.tsx.html
2:30:53 PM [vite] page reload coverage-e2e 2/lcov-report/src/components/adjudication/AlertList.tsx.html
2:30:53 PM [vite] page reload coverage-e2e 2/lcov-report/src/components/adjudication/AlertListItem.tsx.html
2:30:53 PM [vite] page reload coverage-e2e 2/lcov-report/src/components/adjudication/ContextTabs.tsx.html
2:30:53 PM [vite] page reload coverage-e2e 2/lcov-report/src/components/adjudication/DecisionPanel.tsx.html
2:30:53 PM [vite] page reload coverage-e2e 2/lcov-report/src/components/adjudication/index.html
2:30:53 PM [vite] page reload coverage-e2e 2/lcov-report/src/components/adjudication/tabs/AIReasoningTab.tsx.html
2:30:53 PM [vite] page reload coverage-e2e 2/lcov-report/src/components/adjudication/tabs/ContextTab.tsx.html
2:30:53 PM [vite] page reload coverage-e2e 2/lcov-report/src/components/adjudication/tabs/GraphTab.tsx.html
2:30:53 PM [vite] page reload coverage-e2e 2/lcov-report/src/components/adjudication/tabs/HistoryTab.tsx.html
2:30:53 PM [vite] page reload coverage-e2e 2/lcov-report/src/components/adjudication/tabs/index.html
2:30:53 PM [vite] page reload coverage-e2e 2/lcov-report/src/components/advanced/ai/AiPerformanceMonitor.tsx.html
2:30:53 PM [vite] page reload coverage-e2e 2/lcov-report/src/components/advanced/ai/MultimodalAnalyzer.tsx.html
2:30:53 PM [vite] page reload coverage-e2e 2/lcov-report/src/components/advanced/ai/RagSearchInterface.tsx.html
2:30:53 PM [vite] page reload coverage-e2e 2/lcov-report/src/components/advanced/ai/RedTeamDashboard.tsx.html
2:30:53 PM [vite] page reload coverage-e2e 2/lcov-report/src/components/advanced/ai/index.html
2:30:53 PM [vite] page reload coverage-e2e 2/lcov-report/src/components/ai/AIAssistant.tsx.html
2:30:53 PM [vite] page reload coverage-e2e 2/lcov-report/src/components/ai/AIIntelligenceDashboard.tsx.html
2:30:53 PM [vite] page reload coverage-e2e 2/lcov-report/src/components/ai/AdvancedComplianceDashboard.tsx.html
2:30:53 PM [vite] page reload coverage-e2e 2/lcov-report/src/components/ai/CodeReviewDashboard.tsx.html
2:30:53 PM [vite] page reload coverage-e2e 2/lcov-report/src/components/ai/PredictiveMaintenanceDashboard.tsx.html
2:30:53 PM [vite] page reload coverage-e2e 2/lcov-report/src/components/ai/index.html
2:30:53 PM [vite] page reload coverage-e2e 2/lcov-report/src/components/auth/LoginForm.tsx.html
2:30:53 PM [vite] page reload coverage-e2e 2/lcov-report/src/components/auth/index.html
2:30:53 PM [vite] page reload coverage-e2e 2/lcov-report/src/components/cases/CaseActions.tsx.html
2:30:53 PM [vite] page reload coverage-e2e 2/lcov-report/src/components/cases/CaseHeader.tsx.html
2:30:53 PM [vite] page reload coverage-e2e 2/lcov-report/src/components/cases/CaseKanban.tsx.html
2:30:53 PM [vite] page reload coverage-e2e 2/lcov-report/src/components/cases/CasePreviewDrawer.tsx.html
2:30:53 PM [vite] page reload coverage-e2e 2/lcov-report/src/components/cases/CaseTable.tsx.html
2:30:53 PM [vite] page reload coverage-e2e 2/lcov-report/src/components/cases/FacetedFilter.tsx.html
2:30:53 PM [vite] page reload coverage-e2e 2/lcov-report/src/components/cases/InvestigationWizard.tsx.html
2:30:53 PM [vite] page reload coverage-e2e 2/lcov-report/src/components/cases/NewInvestigationWizard.tsx.html
2:30:53 PM [vite] page reload coverage-e2e 2/lcov-report/src/components/cases/RichCaseCard.tsx.html
2:30:53 PM [vite] page reload coverage-e2e 2/lcov-report/src/components/cases/index.html
2:30:53 PM [vite] page reload coverage-e2e 2/lcov-report/src/components/collaboration/CollaborativeEditor.tsx.html
2:30:53 PM [vite] page reload coverage-e2e 2/lcov-report/src/components/collaboration/EvidenceBoard.tsx.html
2:30:53 PM [vite] page reload coverage-e2e 2/lcov-report/src/components/collaboration/HypothesisBoard.tsx.html
2:30:53 PM [vite] page reload coverage-e2e 2/lcov-report/src/components/collaboration/MensReaAnalyzer.tsx.html
2:30:53 PM [vite] page reload coverage-e2e 2/lcov-report/src/components/collaboration/index.html
2:30:53 PM [vite] page reload coverage-e2e 2/lcov-report/src/components/common/EmptyState.tsx.html
2:30:53 PM [vite] page reload coverage-e2e 2/lcov-report/src/components/common/ErrorBoundary.tsx.html
2:30:53 PM [vite] page reload coverage-e2e 2/lcov-report/src/components/common/EvidenceSpotlight.tsx.html
2:30:53 PM [vite] page reload coverage-e2e 2/lcov-report/src/components/common/JourneyProgress.tsx.html
2:30:53 PM [vite] page reload coverage-e2e 2/lcov-report/src/components/common/ProjectSwitcher.tsx.html
2:30:53 PM [vite] page reload coverage-e2e 2/lcov-report/src/components/common/RookieChecklist.tsx.html
2:30:53 PM [vite] page reload coverage-e2e 2/lcov-report/src/components/common/Spinner.tsx.html
2:30:53 PM [vite] page reload coverage-e2e 2/lcov-report/src/components/common/TourSpotlight.tsx.html
2:30:53 PM [vite] page reload coverage-e2e 2/lcov-report/src/components/common/WelcomeMessage.tsx.html
2:30:53 PM [vite] page reload coverage-e2e 2/lcov-report/src/components/common/index.html
2:30:53 PM [vite] page reload coverage-e2e 2/lcov-report/src/components/compliance/SARCreationWizard.tsx.html
2:30:53 PM [vite] page reload coverage-e2e 2/lcov-report/src/components/compliance/index.html
2:30:53 PM [vite] page reload coverage-e2e 2/lcov-report/src/components/dashboard/AIWatchtower.tsx.html
2:30:53 PM [vite] page reload coverage-e2e 2/lcov-report/src/components/dashboard/CostOptimizationWidget.tsx.html
2:30:53 PM [vite] page reload coverage-e2e 2/lcov-report/src/components/dashboard/LiveQueue.tsx.html
2:30:53 PM [vite] page reload coverage-e2e 2/lcov-report/src/components/dashboard/MetricCard.tsx.html
2:30:53 PM [vite] page reload coverage-e2e 2/lcov-report/src/components/dashboard/MetricSparkline.tsx.html
2:30:53 PM [vite] page reload coverage-e2e 2/lcov-report/src/components/dashboard/MovableDashboard.tsx.html
2:30:53 PM [vite] page reload coverage-e2e 2/lcov-report/src/components/dashboard/PredictiveDashboard.tsx.html
2:30:53 PM [vite] page reload coverage-e2e 2/lcov-report/src/components/dashboard/ProofVisualizationCard.tsx.html
2:30:53 PM [vite] page reload coverage-e2e 2/lcov-report/src/components/dashboard/RiskDistributionChart.tsx.html
2:30:53 PM [vite] page reload coverage-e2e 2/lcov-report/src/components/dashboard/ThreatMap.tsx.html
2:30:53 PM [vite] page reload coverage-e2e 2/lcov-report/src/components/dashboard/VolumeChart.tsx.html
2:30:53 PM [vite] page reload coverage-e2e 2/lcov-report/src/components/dashboard/index.html
2:30:53 PM [vite] page reload coverage-e2e 2/lcov-report/src/components/evidence/DocumentViewer.tsx.html
2:30:53 PM [vite] page reload coverage-e2e 2/lcov-report/src/components/evidence/EvidenceViewer.tsx.html
2:30:53 PM [vite] page reload coverage-e2e 2/lcov-report/src/components/evidence/FolderTree.tsx.html
2:30:53 PM [vite] page reload coverage-e2e 2/lcov-report/src/components/evidence/ForensicCanvas.tsx.html
2:30:53 PM [vite] page reload coverage-e2e 2/lcov-report/src/components/evidence/HypothesisBoard.tsx.html
2:30:53 PM [vite] page reload coverage-e2e 2/lcov-report/src/components/evidence/MensReaAnalyzer.tsx.html
2:30:53 PM [vite] page reload coverage-e2e 2/lcov-report/src/components/evidence/TamperDetector.tsx.html
2:30:53 PM [vite] page reload coverage-e2e 2/lcov-report/src/components/evidence/UploadWizard.tsx.html
2:30:53 PM [vite] page reload coverage-e2e 2/lcov-report/src/components/evidence/index.html
2:30:53 PM [vite] page reload coverage-e2e 2/lcov-report/src/components/forensics/EvidenceList.tsx.html
2:30:53 PM [vite] page reload coverage-e2e 2/lcov-report/src/components/forensics/EvidenceViewer.tsx.html
2:30:53 PM [vite] page reload coverage-e2e 2/lcov-report/src/components/forensics/ForensicsErrorState.tsx.html
2:30:53 PM [vite] page reload coverage-e2e 2/lcov-report/src/components/forensics/ForensicsLayout.tsx.html
2:30:53 PM [vite] page reload coverage-e2e 2/lcov-report/src/components/forensics/ForensicsSkeleton.tsx.html
2:30:53 PM [vite] page reload coverage-e2e 2/lcov-report/src/components/forensics/ForensicsToolbar.tsx.html
2:30:53 PM [vite] page reload coverage-e2e 2/lcov-report/src/components/forensics/PdfViewer.tsx.html
2:30:53 PM [vite] page reload coverage-e2e 2/lcov-report/src/components/forensics/index.html
2:30:53 PM [vite] page reload coverage-e2e 2/lcov-report/src/components/forensics/index.ts.html
2:30:53 PM [vite] page reload coverage-e2e 2/lcov-report/src/components/fraud/FraudRuleBuilder.tsx.html
2:30:53 PM [vite] page reload coverage-e2e 2/lcov-report/src/components/fraud/index.html
2:30:53 PM [vite] page reload coverage-e2e 2/lcov-report/src/components/graph/EntityGraph3DWebGL.tsx.html
2:30:53 PM [vite] page reload coverage-e2e 2/lcov-report/src/components/graph/index.html
2:30:53 PM [vite] page reload coverage-e2e 2/lcov-report/src/components/i18n/LanguageSwitcher.tsx.html
2:30:53 PM [vite] page reload coverage-e2e 2/lcov-report/src/components/i18n/index.html
2:30:53 PM [vite] page reload coverage-e2e 2/lcov-report/src/components/i18n/index.ts.html
2:30:53 PM [vite] page reload coverage-e2e 2/lcov-report/src/components/index.html
2:30:53 PM [vite] page reload coverage-e2e 2/lcov-report/src/components/ingestion/DataMapping.tsx.html
2:30:53 PM [vite] page reload coverage-e2e 2/lcov-report/src/components/ingestion/IngestionStepper.tsx.html
2:30:53 PM [vite] page reload coverage-e2e 2/lcov-report/src/components/ingestion/index.html
2:30:53 PM [vite] page reload coverage-e2e 2/lcov-report/src/components/integration/AnalyticsTab.tsx.html
2:30:53 PM [vite] page reload coverage-e2e 2/lcov-report/src/components/integration/EventBusTab.tsx.html
2:30:53 PM [vite] page reload coverage-e2e 2/lcov-report/src/components/integration/GraphQLTab.tsx.html
2:30:53 PM [vite] page reload coverage-e2e 2/lcov-report/src/components/integration/IntegrationsTab.tsx.html
2:30:53 PM [vite] page reload coverage-e2e 2/lcov-report/src/components/integration/MarketplaceTab.tsx.html
2:30:53 PM [vite] page reload coverage-e2e 2/lcov-report/src/components/integration/OverviewTab.tsx.html
2:30:53 PM [vite] page reload coverage-e2e 2/lcov-report/src/components/integration/index.html
2:30:53 PM [vite] page reload coverage-e2e 2/lcov-report/src/components/intelligence/AutoReportGenerator.tsx.html
2:30:53 PM [vite] page reload coverage-e2e 2/lcov-report/src/components/intelligence/CourtDocumentGenerator.tsx.html
2:30:53 PM [vite] page reload coverage-e2e 2/lcov-report/src/components/intelligence/PredictiveDashboard.tsx.html
2:30:53 PM [vite] page reload coverage-e2e 2/lcov-report/src/components/intelligence/index.html
2:30:53 PM [vite] page reload coverage-e2e 2/lcov-report/src/components/investigation/CanvasArea.tsx.html
2:30:53 PM [vite] page reload coverage-e2e 2/lcov-report/src/components/investigation/EntityForm.tsx.html
2:30:53 PM [vite] page reload coverage-e2e 2/lcov-report/src/components/investigation/EntityNode.tsx.html
2:30:53 PM [vite] page reload coverage-e2e 2/lcov-report/src/components/investigation/EntityRegistry.tsx.html
2:30:53 PM [vite] page reload coverage-e2e 2/lcov-report/src/components/investigation/EvidenceItem.tsx.html
2:30:53 PM [vite] page reload coverage-e2e 2/lcov-report/src/components/investigation/GraphCanvas.tsx.html
2:30:53 PM [vite] page reload coverage-e2e 2/lcov-report/src/components/investigation/InvestigationCanvas.tsx.html
2:30:53 PM [vite] page reload coverage-e2e 2/lcov-report/src/components/investigation/InvestigationSkeleton.tsx.html
2:30:53 PM [vite] page reload coverage-e2e 2/lcov-report/src/components/investigation/NodeInspector.tsx.html
2:30:53 PM [vite] page reload coverage-e2e 2/lcov-report/src/components/investigation/PathfindingVisualizer.tsx.html
2:30:53 PM [vite] page reload coverage-e2e 2/lcov-report/src/components/investigation/RelationshipForm.tsx.html
2:30:53 PM [vite] page reload coverage-e2e 2/lcov-report/src/components/investigation/ThreeDGraph.tsx.html
2:30:53 PM [vite] page reload coverage-e2e 2/lcov-report/src/components/investigation/index.html
2:30:53 PM [vite] page reload coverage-e2e 2/lcov-report/src/components/layout/AppLayout.tsx.html
2:30:53 PM [vite] page reload coverage-e2e 2/lcov-report/src/components/layout/Header.tsx.html
2:30:53 PM [vite] page reload coverage-e2e 2/lcov-report/src/components/layout/Sidebar.tsx.html
2:30:53 PM [vite] page reload coverage-e2e 2/lcov-report/src/components/layout/index.html
2:30:53 PM [vite] page reload coverage-e2e 2/lcov-report/src/components/monitoring/MonitoringDashboard.tsx.html
2:30:53 PM [vite] page reload coverage-e2e 2/lcov-report/src/components/monitoring/PerformanceDashboard.tsx.html
2:30:53 PM [vite] page reload coverage-e2e 2/lcov-report/src/components/monitoring/SystemOrchestrationDashboard.tsx.html
2:30:53 PM [vite] page reload coverage-e2e 2/lcov-report/src/components/monitoring/index.html
2:30:53 PM [vite] page reload coverage-e2e 2/lcov-report/src/components/performance/PerformanceDashboard.tsx.html
2:30:53 PM [vite] page reload coverage-e2e 2/lcov-report/src/components/performance/index.html
2:30:53 PM [vite] page reload coverage-e2e 2/lcov-report/src/components/recon/ExceptionQueue.tsx.html
2:30:53 PM [vite] page reload coverage-e2e 2/lcov-report/src/components/recon/MatchCanvas.tsx.html
2:30:53 PM [vite] page reload coverage-e2e 2/lcov-report/src/components/recon/TransactionCard.tsx.html
2:30:53 PM [vite] page reload coverage-e2e 2/lcov-report/src/components/recon/index.html
2:30:53 PM [vite] page reload coverage-e2e 2/lcov-report/src/components/reporting/AIWriter.tsx.html
2:30:53 PM [vite] page reload coverage-e2e 2/lcov-report/src/components/reporting/AutoReportGenerator.tsx.html
2:30:53 PM [vite] page reload coverage-e2e 2/lcov-report/src/components/reporting/ConclusionWizard.tsx.html
2:30:53 PM [vite] page reload coverage-e2e 2/lcov-report/src/components/reporting/DossierExport.tsx.html
2:30:53 PM [vite] page reload coverage-e2e 2/lcov-report/src/components/reporting/FinancialHealth.tsx.html
2:30:53 PM [vite] page reload coverage-e2e 2/lcov-report/src/components/reporting/KeyFindings.tsx.html
2:30:53 PM [vite] page reload coverage-e2e 2/lcov-report/src/components/reporting/ProjectTracker.tsx.html
2:30:53 PM [vite] page reload coverage-e2e 2/lcov-report/src/components/reporting/ReportBuilder.tsx.html
2:30:53 PM [vite] page reload coverage-e2e 2/lcov-report/src/components/reporting/SuccessBanner.tsx.html
2:30:53 PM [vite] page reload coverage-e2e 2/lcov-report/src/components/reporting/SummaryPreview.tsx.html
2:30:53 PM [vite] page reload coverage-e2e 2/lcov-report/src/components/reporting/index.html
2:30:53 PM [vite] page reload coverage-e2e 2/lcov-report/src/components/settings/AccessibilitySettings.tsx.html
2:30:53 PM [vite] page reload coverage-e2e 2/lcov-report/src/components/settings/AuditLogViewer.tsx.html
2:30:53 PM [vite] page reload coverage-e2e 2/lcov-report/src/components/settings/GeneralSettings.tsx.html
2:30:53 PM [vite] page reload coverage-e2e 2/lcov-report/src/components/settings/HealthGauges.tsx.html
2:30:53 PM [vite] page reload coverage-e2e 2/lcov-report/src/components/settings/NotificationSettings.tsx.html
2:30:53 PM [vite] page reload coverage-e2e 2/lcov-report/src/components/settings/PermissionMatrix.tsx.html
2:30:53 PM [vite] page reload coverage-e2e 2/lcov-report/src/components/settings/RuleBuilder.tsx.html
2:30:53 PM [vite] page reload coverage-e2e 2/lcov-report/src/components/settings/SecuritySettings.tsx.html
2:30:53 PM [vite] page reload coverage-e2e 2/lcov-report/src/components/settings/SettingsErrorState.tsx.html
2:30:53 PM [vite] page reload coverage-e2e 2/lcov-report/src/components/settings/SettingsHeader.tsx.html
2:30:53 PM [vite] page reload coverage-e2e 2/lcov-report/src/components/settings/SettingsLayout.tsx.html
2:30:53 PM [vite] page reload coverage-e2e 2/lcov-report/src/components/settings/SettingsNavigation.tsx.html
2:30:53 PM [vite] page reload coverage-e2e 2/lcov-report/src/components/settings/SettingsSkeleton.tsx.html
2:30:53 PM [vite] page reload coverage-e2e 2/lcov-report/src/components/settings/SystemSettings.tsx.html
2:30:53 PM [vite] page reload coverage-e2e 2/lcov-report/src/components/settings/i18n/LanguageSwitcher.tsx.html
2:30:53 PM [vite] page reload coverage-e2e 2/lcov-report/src/components/settings/i18n/index.html
2:30:53 PM [vite] page reload coverage-e2e 2/lcov-report/src/components/settings/index.html
2:30:53 PM [vite] page reload coverage-e2e 2/lcov-report/src/components/settings/index.ts.html
2:30:53 PM [vite] page reload coverage-e2e 2/lcov-report/src/components/ui/AIInsights.tsx.html
2:30:53 PM [vite] page reload coverage-e2e 2/lcov-report/src/components/ui/AccessibleButton.tsx.html
2:30:53 PM [vite] page reload coverage-e2e 2/lcov-report/src/components/ui/AccessibleForm.tsx.html
2:30:53 PM [vite] page reload coverage-e2e 2/lcov-report/src/components/ui/AccessibleModal.tsx.html
2:30:53 PM [vite] page reload coverage-e2e 2/lcov-report/src/components/ui/AgentStatusStream.tsx.html
2:30:53 PM [vite] page reload coverage-e2e 2/lcov-report/src/components/ui/Alert.tsx.html
2:30:53 PM [vite] page reload coverage-e2e 2/lcov-report/src/components/ui/Avatar.tsx.html
2:30:53 PM [vite] page reload coverage-e2e 2/lcov-report/src/components/ui/Badge.tsx.html
2:30:53 PM [vite] page reload coverage-e2e 2/lcov-report/src/components/ui/Button.tsx.html
2:30:53 PM [vite] page reload coverage-e2e 2/lcov-report/src/components/ui/Card.tsx.html
2:30:53 PM [vite] page reload coverage-e2e 2/lcov-report/src/components/ui/Checkbox.tsx.html
2:30:53 PM [vite] page reload coverage-e2e 2/lcov-report/src/components/ui/DataGrid.tsx.html
2:30:53 PM [vite] page reload coverage-e2e 2/lcov-report/src/components/ui/Dialog.tsx.html
2:30:53 PM [vite] page reload coverage-e2e 2/lcov-report/src/components/ui/DraftPreview.tsx.html
2:30:53 PM [vite] page reload coverage-e2e 2/lcov-report/src/components/ui/FileDropZone.tsx.html
2:30:53 PM [vite] page reload coverage-e2e 2/lcov-report/src/components/ui/Input.tsx.html
2:30:53 PM [vite] page reload coverage-e2e 2/lcov-report/src/components/ui/KeyboardShortcutsModal.tsx.html
2:30:53 PM [vite] page reload coverage-e2e 2/lcov-report/src/components/ui/Label.tsx.html
2:30:53 PM [vite] page reload coverage-e2e 2/lcov-report/src/components/ui/Pagination.tsx.html
2:30:53 PM [vite] page reload coverage-e2e 2/lcov-report/src/components/ui/Progress.tsx.html
2:30:53 PM [vite] page reload coverage-e2e 2/lcov-report/src/components/ui/ProgressBar.tsx.html
2:30:53 PM [vite] page reload coverage-e2e 2/lcov-report/src/components/ui/ProgressiveDisclosure.tsx.html
2:30:53 PM [vite] page reload coverage-e2e 2/lcov-report/src/components/ui/ResizablePanel.tsx.html
2:30:53 PM [vite] page reload coverage-e2e 2/lcov-report/src/components/ui/ScrollArea.tsx.html
2:30:53 PM [vite] page reload coverage-e2e 2/lcov-report/src/components/ui/Select.tsx.html
2:30:53 PM [vite] page reload coverage-e2e 2/lcov-report/src/components/ui/SemanticSearch.tsx.html
2:30:53 PM [vite] page reload coverage-e2e 2/lcov-report/src/components/ui/Separator.tsx.html
2:30:53 PM [vite] page reload coverage-e2e 2/lcov-report/src/components/ui/Skeleton.tsx.html
2:30:53 PM [vite] page reload coverage-e2e 2/lcov-report/src/components/ui/Slider.tsx.html
2:30:53 PM [vite] page reload coverage-e2e 2/lcov-report/src/components/ui/SplitView.tsx.html
2:30:53 PM [vite] page reload coverage-e2e 2/lcov-report/src/components/ui/StandardizedErrorDisplay.tsx.html
2:30:53 PM [vite] page reload coverage-e2e 2/lcov-report/src/components/ui/StatusIndicator.tsx.html
2:30:53 PM [vite] page reload coverage-e2e 2/lcov-report/src/components/ui/Switch.tsx.html
2:30:53 PM [vite] page reload coverage-e2e 2/lcov-report/src/components/ui/SyncStatus.tsx.html
2:30:53 PM [vite] page reload coverage-e2e 2/lcov-report/src/components/ui/Table.tsx.html
2:30:53 PM [vite] page reload coverage-e2e 2/lcov-report/src/components/ui/Tabs.tsx.html
2:30:53 PM [vite] page reload coverage-e2e 2/lcov-report/src/components/ui/Textarea.tsx.html
2:30:53 PM [vite] page reload coverage-e2e 2/lcov-report/src/components/ui/VirtualList.tsx.html
2:30:53 PM [vite] page reload coverage-e2e 2/lcov-report/src/components/ui/VirtualizedList.tsx.html
2:30:53 PM [vite] page reload coverage-e2e 2/lcov-report/src/components/ui/index.html
2:30:53 PM [vite] page reload coverage-e2e 2/lcov-report/src/components/visualizations/NetworkGraph.tsx.html
2:30:53 PM [vite] page reload coverage-e2e 2/lcov-report/src/components/visualizations/index.html
2:30:53 PM [vite] page reload coverage-e2e 2/lcov-report/src/config.ts.html
2:30:53 PM [vite] page reload coverage-e2e 2/lcov-report/src/context/AIContext.tsx.html
2:30:53 PM [vite] page reload coverage-e2e 2/lcov-report/src/context/AccessibilityContext.tsx.html
2:30:53 PM [vite] page reload coverage-e2e 2/lcov-report/src/context/AuthContext.ts.html
2:30:53 PM [vite] page reload coverage-e2e 2/lcov-report/src/context/NetworkStatusContext.ts.html
2:30:53 PM [vite] page reload coverage-e2e 2/lcov-report/src/context/OfflineQueueContext.ts.html
2:30:53 PM [vite] page reload coverage-e2e 2/lcov-report/src/context/TourContext.tsx.html
2:30:53 PM [vite] page reload coverage-e2e 2/lcov-report/src/context/index.html
2:30:53 PM [vite] page reload coverage-e2e 2/lcov-report/src/hooks/index.html
2:30:53 PM [vite] page reload coverage-e2e 2/lcov-report/src/hooks/use-toast.ts.html
2:30:53 PM [vite] page reload coverage-e2e 2/lcov-report/src/hooks/useAccessibility.ts.html
2:30:53 PM [vite] page reload coverage-e2e 2/lcov-report/src/hooks/useAlerts.ts.html
2:30:53 PM [vite] page reload coverage-e2e 2/lcov-report/src/hooks/useApiError.ts.html
2:30:53 PM [vite] page reload coverage-e2e 2/lcov-report/src/hooks/useApiWithRetry.ts.html
2:30:53 PM [vite] page reload coverage-e2e 2/lcov-report/src/hooks/useAuth.ts.html
2:30:53 PM [vite] page reload coverage-e2e 2/lcov-report/src/hooks/useCases.ts.html
2:30:53 PM [vite] page reload coverage-e2e 2/lcov-report/src/hooks/useCollaboration.ts.html
2:30:53 PM [vite] page reload coverage-e2e 2/lcov-report/src/hooks/useContextAwareAI.ts.html
2:30:53 PM [vite] page reload coverage-e2e 2/lcov-report/src/hooks/useDashboard.ts.html
2:30:53 PM [vite] page reload coverage-e2e 2/lcov-report/src/hooks/useDashboardMetrics.ts.html
2:30:53 PM [vite] page reload coverage-e2e 2/lcov-report/src/hooks/useEvidence.ts.html
2:30:53 PM [vite] page reload coverage-e2e 2/lcov-report/src/hooks/useFormValidation.ts.html
2:30:53 PM [vite] page reload coverage-e2e 2/lcov-report/src/hooks/useGraphData.ts.html
2:30:53 PM [vite] page reload coverage-e2e 2/lcov-report/src/hooks/useHttpClient.tsx.html
2:30:53 PM [vite] page reload coverage-e2e 2/lcov-report/src/hooks/useKeyboardNavigation.tsx.html
2:30:53 PM [vite] page reload coverage-e2e 2/lcov-report/src/hooks/useMemoryCleanup.ts.html
2:30:53 PM [vite] page reload coverage-e2e 2/lcov-report/src/hooks/useNetworkStatus.ts.html
2:30:53 PM [vite] page reload coverage-e2e 2/lcov-report/src/hooks/useOfflineQueue.ts.html
2:30:53 PM [vite] page reload coverage-e2e 2/lcov-report/src/hooks/usePerformanceMonitor.ts.html
2:30:53 PM [vite] page reload coverage-e2e 2/lcov-report/src/hooks/usePersistedState.ts.html
2:30:53 PM [vite] page reload coverage-e2e 2/lcov-report/src/hooks/useResizeObserver.ts.html
2:30:53 PM [vite] page reload coverage-e2e 2/lcov-report/src/hooks/useRoleBasedLayout.ts.html
2:30:53 PM [vite] page reload coverage-e2e 2/lcov-report/src/hooks/useSanitizedHTML.tsx.html
2:30:53 PM [vite] page reload coverage-e2e 2/lcov-report/src/hooks/useSettings.ts.html
2:30:53 PM [vite] page reload coverage-e2e 2/lcov-report/src/hooks/useTouchGestures.ts.html
2:30:53 PM [vite] page reload coverage-e2e 2/lcov-report/src/hooks/useWebSocketClient.tsx.html
2:30:53 PM [vite] page reload coverage-e2e 2/lcov-report/src/hooks/useWebSocketQueue.ts.html
2:30:53 PM [vite] page reload coverage-e2e 2/lcov-report/src/i18n/config.ts.html
2:30:53 PM [vite] page reload coverage-e2e 2/lcov-report/src/i18n/index.html
2:30:53 PM [vite] page reload coverage-e2e 2/lcov-report/src/index.html
2:30:53 PM [vite] page reload coverage-e2e 2/lcov-report/src/lib/AIFraudDetection.ts.html
2:30:53 PM [vite] page reload coverage-e2e 2/lcov-report/src/lib/LocalDataManager.ts.html
2:30:53 PM [vite] page reload coverage-e2e 2/lcov-report/src/lib/accessibility/aria-helpers.ts.html
2:30:53 PM [vite] page reload coverage-e2e 2/lcov-report/src/lib/accessibility/focus-management.ts.html
2:30:53 PM [vite] page reload coverage-e2e 2/lcov-report/src/lib/accessibility/index.html
2:30:53 PM [vite] page reload coverage-e2e 2/lcov-report/src/lib/accessibility/keyboard-navigation.ts.html
2:30:53 PM [vite] page reload coverage-e2e 2/lcov-report/src/lib/accessibility.ts.html
2:30:53 PM [vite] page reload coverage-e2e 2/lcov-report/src/lib/advancedAI.ts.html
2:30:53 PM [vite] page reload coverage-e2e 2/lcov-report/src/lib/advancedMonitoring.ts.html
2:30:53 PM [vite] page reload coverage-e2e 2/lcov-report/src/lib/advancedTesting.ts.html
2:30:53 PM [vite] page reload coverage-e2e 2/lcov-report/src/lib/api.ts.html
2:30:53 PM [vite] page reload coverage-e2e 2/lcov-report/src/lib/chaosEngineering.ts.html
2:30:53 PM [vite] page reload coverage-e2e 2/lcov-report/src/lib/circuitBreaker.ts.html
2:30:53 PM [vite] page reload coverage-e2e 2/lcov-report/src/lib/electron.ts.html
2:30:53 PM [vite] page reload coverage-e2e 2/lcov-report/src/lib/formatters.ts.html
2:30:53 PM [vite] page reload coverage-e2e 2/lcov-report/src/lib/index.html
2:30:53 PM [vite] page reload coverage-e2e 2/lcov-report/src/lib/keyboardShortcuts.ts.html
2:30:53 PM [vite] page reload coverage-e2e 2/lcov-report/src/lib/reliabilityManager.ts.html
2:30:53 PM [vite] page reload coverage-e2e 2/lcov-report/src/lib/testGenerator.ts.html
2:30:53 PM [vite] page reload coverage-e2e 2/lcov-report/src/lib/utils.ts.html
2:30:53 PM [vite] page reload coverage-e2e 2/lcov-report/src/main.tsx.html
2:30:53 PM [vite] page reload coverage-e2e 2/lcov-report/src/pages/AdjudicationQueue.tsx.html
2:30:53 PM [vite] page reload coverage-e2e 2/lcov-report/src/pages/AgentApprovals.tsx.html
2:30:53 PM [vite] page reload coverage-e2e 2/lcov-report/src/pages/AgentDrafts.tsx.html
2:30:53 PM [vite] page reload coverage-e2e 2/lcov-report/src/pages/Cases.tsx.html
2:30:53 PM [vite] page reload coverage-e2e 2/lcov-report/src/pages/CasesRefactored.tsx.html
2:30:53 PM [vite] page reload coverage-e2e 2/lcov-report/src/pages/ComplianceMonitoring.tsx.html
2:30:53 PM [vite] page reload coverage-e2e 2/lcov-report/src/pages/Dashboard.tsx.html
2:30:53 PM [vite] page reload coverage-e2e 2/lcov-report/src/pages/DesignSystemShowcase.tsx.html
2:30:53 PM [vite] page reload coverage-e2e 2/lcov-report/src/pages/EnhancedEvidenceLocker.tsx.html
2:30:53 PM [vite] page reload coverage-e2e 2/lcov-report/src/pages/Forensics.tsx.html
2:30:53 PM [vite] page reload coverage-e2e 2/lcov-report/src/pages/ForensicsRefactored.tsx.html
2:30:53 PM [vite] page reload coverage-e2e 2/lcov-report/src/pages/Ingestion.tsx.html
2:30:53 PM [vite] page reload coverage-e2e 2/lcov-report/src/pages/Investigation.tsx.html
2:30:53 PM [vite] page reload coverage-e2e 2/lcov-report/src/pages/Login.tsx.html
2:30:53 PM [vite] page reload coverage-e2e 2/lcov-report/src/pages/NetworkAnalysis.tsx.html
2:30:53 PM [vite] page reload coverage-e2e 2/lcov-report/src/pages/NotFound.tsx.html
2:30:53 PM [vite] page reload coverage-e2e 2/lcov-report/src/pages/PerformanceDashboard.tsx.html
2:30:53 PM [vite] page reload coverage-e2e 2/lcov-report/src/pages/ProjectSelection.tsx.html
2:30:53 PM [vite] page reload coverage-e2e 2/lcov-report/src/pages/ProofVisualizationRoute.tsx.html
2:30:53 PM [vite] page reload coverage-e2e 2/lcov-report/src/pages/Reconciliation.tsx.html
2:30:53 PM [vite] page reload coverage-e2e 2/lcov-report/src/pages/RegulatoryIntelligence.tsx.html
2:30:53 PM [vite] page reload coverage-e2e 2/lcov-report/src/pages/Reporting.tsx.html
2:30:53 PM [vite] page reload coverage-e2e 2/lcov-report/src/pages/SARCreation.tsx.html
2:30:53 PM [vite] page reload coverage-e2e 2/lcov-report/src/pages/Settings.tsx.html
2:30:53 PM [vite] page reload coverage-e2e 2/lcov-report/src/pages/Setup.tsx.html
2:30:53 PM [vite] page reload coverage-e2e 2/lcov-report/src/pages/SystemDiagnosticsCenter.tsx.html
2:30:53 PM [vite] page reload coverage-e2e 2/lcov-report/src/pages/index.html
2:30:53 PM [vite] page reload coverage-e2e 2/lcov-report/src/pages/settings/components/GeneralTab.tsx.html
2:30:53 PM [vite] page reload coverage-e2e 2/lcov-report/src/pages/settings/components/index.html
2:30:53 PM [vite] page reload coverage-e2e 2/lcov-report/src/providers/AppProviders.tsx.html
2:30:53 PM [vite] page reload coverage-e2e 2/lcov-report/src/providers/AuthProvider.tsx.html
2:30:53 PM [vite] page reload coverage-e2e 2/lcov-report/src/providers/AuthenticationProvider.tsx.html
2:30:53 PM [vite] page reload coverage-e2e 2/lcov-report/src/providers/LocaleProvider.tsx.html
2:30:53 PM [vite] page reload coverage-e2e 2/lcov-report/src/providers/NetworkStatusProvider.tsx.html
2:30:53 PM [vite] page reload coverage-e2e 2/lcov-report/src/providers/OfflineQueueContext.tsx.html
2:30:53 PM [vite] page reload coverage-e2e 2/lcov-report/src/providers/ToastProvider.tsx.html
2:30:53 PM [vite] page reload coverage-e2e 2/lcov-report/src/providers/WebSocketProvider.tsx.html
2:30:53 PM [vite] page reload coverage-e2e 2/lcov-report/src/providers/index.html
2:30:53 PM [vite] page reload coverage-e2e 2/lcov-report/src/services/CaseSyncEngine.ts.html
2:30:53 PM [vite] page reload coverage-e2e 2/lcov-report/src/services/EvidenceScorer.ts.html
2:30:53 PM [vite] page reload coverage-e2e 2/lcov-report/src/services/ai.ts.html
2:30:53 PM [vite] page reload coverage-e2e 2/lcov-report/src/services/alerts.ts.html
2:30:53 PM [vite] page reload coverage-e2e 2/lcov-report/src/services/approvalService.ts.html
2:30:53 PM [vite] page reload coverage-e2e 2/lcov-report/src/services/auth.ts.html
2:30:53 PM [vite] page reload coverage-e2e 2/lcov-report/src/services/cases.ts.html
2:30:53 PM [vite] page reload coverage-e2e 2/lcov-report/src/services/client.ts.html
2:30:53 PM [vite] page reload coverage-e2e 2/lcov-report/src/services/compliance.ts.html
2:30:53 PM [vite] page reload coverage-e2e 2/lcov-report/src/services/complianceMonitoring.ts.html
2:30:53 PM [vite] page reload coverage-e2e 2/lcov-report/src/services/costOptimization.ts.html
2:30:53 PM [vite] page reload coverage-e2e 2/lcov-report/src/services/diagnosticsService.ts.html
2:30:53 PM [vite] page reload coverage-e2e 2/lcov-report/src/services/draftPreviewService.ts.html
2:30:53 PM [vite] page reload coverage-e2e 2/lcov-report/src/services/errorReporting.ts.html
2:30:53 PM [vite] page reload coverage-e2e 2/lcov-report/src/services/evidence.ts.html
2:30:53 PM [vite] page reload coverage-e2e 2/lcov-report/src/services/fileProcessing.ts.html
2:30:53 PM [vite] page reload coverage-e2e 2/lcov-report/src/services/graph.ts.html
2:30:53 PM [vite] page reload coverage-e2e 2/lcov-report/src/services/index.html
2:30:53 PM [vite] page reload coverage-e2e 2/lcov-report/src/services/integrations.ts.html
2:30:53 PM [vite] page reload coverage-e2e 2/lcov-report/src/services/intelligenceService.ts.html
2:30:53 PM [vite] page reload coverage-e2e 2/lcov-report/src/services/monitoring.ts.html
2:30:53 PM [vite] page reload coverage-e2e 2/lcov-report/src/services/notifications.ts.html
2:30:53 PM [vite] page reload coverage-e2e 2/lcov-report/src/services/onboarding.ts.html
2:30:53 PM [vite] page reload coverage-e2e 2/lcov-report/src/services/reconciliation.ts.html
2:30:53 PM [vite] page reload coverage-e2e 2/lcov-report/src/services/reporting.ts.html
2:30:53 PM [vite] page reload coverage-e2e 2/lcov-report/src/services/settings.ts.html
2:30:53 PM [vite] page reload coverage-e2e 2/lcov-report/src/services/socket.ts.html
2:30:53 PM [vite] page reload coverage-e2e 2/lcov-report/src/services/sync.ts.html
2:30:53 PM [vite] page reload coverage-e2e 2/lcov-report/src/services/syncOrchestrator.ts.html
2:30:53 PM [vite] page reload coverage-e2e 2/lcov-report/src/services/user.ts.html
2:30:53 PM [vite] page reload coverage-e2e 2/lcov-report/src/store/globalStore.ts.html
2:30:53 PM [vite] page reload coverage-e2e 2/lcov-report/src/store/index.html
2:30:53 PM [vite] page reload coverage-e2e 2/lcov-report/src/store/projectStore.ts.html
2:30:53 PM [vite] page reload coverage-e2e 2/lcov-report/src/store/reconciliationStore.ts.html
2:30:53 PM [vite] page reload coverage-e2e 2/lcov-report/src/store/useAuthStore.ts.html
2:30:53 PM [vite] page reload coverage-e2e 2/lcov-report/src/store/useIngestionStore.ts.html
2:30:53 PM [vite] page reload coverage-e2e 2/lcov-report/src/store/useUIStore.ts.html
2:30:53 PM [vite] page reload coverage-e2e 2/lcov-report/src/types/declarations.d.ts.html
2:30:53 PM [vite] page reload coverage-e2e 2/lcov-report/src/types/electron.d.ts.html
2:30:53 PM [vite] page reload coverage-e2e 2/lcov-report/src/types/index.html
2:30:53 PM [vite] page reload coverage-e2e 2/lcov-report/src/types/locale.ts.html
2:30:53 PM [vite] page reload coverage-e2e 2/lcov-report/src/types/react-pdf-highlighter-extended.d.ts.html
2:30:53 PM [vite] page reload coverage-e2e 2/lcov-report/src/utils/antiDebug.ts.html
2:30:53 PM [vite] page reload coverage-e2e 2/lcov-report/src/utils/csrfProtection.ts.html
2:30:53 PM [vite] page reload coverage-e2e 2/lcov-report/src/utils/electron.ts.html
2:30:53 PM [vite] page reload coverage-e2e 2/lcov-report/src/utils/electronStore.ts.html
2:30:53 PM [vite] page reload coverage-e2e 2/lcov-report/src/utils/errorHandler.ts.html
2:30:53 PM [vite] page reload coverage-e2e 2/lcov-report/src/utils/index.html
2:30:53 PM [vite] page reload coverage-e2e 2/lcov-report/src/utils/logger.ts.html
2:30:53 PM [vite] page reload coverage-e2e 2/lcov-report/src/utils/performanceMonitor.ts.html
2:30:53 PM [vite] page reload coverage-e2e 2/lcov-report/src/utils/secureLogger.ts.html
2:30:53 PM [vite] page reload coverage-e2e 2/lcov-report/src/utils/secureRandom.ts.html
2:30:53 PM [vite] page reload coverage-e2e 2/lcov-report/src/utils/secureTokenStorage.ts.html
2:30:53 PM [vite] page reload coverage-e2e 2/lcov-report/src/utils/validation.ts.html
2:30:53 PM [vite] page reload coverage-e2e 2/lcov-report/src/utils/verifyIntegrity.ts.html
2:30:53 PM [vite] page reload coverage-e2e 2/lcov-report/src/utils/webVitals.ts.html
2:30:53 PM [vite] page reload coverage-e2e 2/lcov-report/src/vite-env.d.ts.html
2:30:53 PM [vite] page reload coverage-e2e 2/src/components/CaseProgressBar.tsx.html
2:30:53 PM [vite] page reload coverage-e2e 2/src/components/CollaborativeEditor.tsx.html
2:30:53 PM [vite] page reload coverage-e2e 2/src/components/DigitalDossierGenerator.tsx.html
2:30:53 PM [vite] page reload coverage-e2e 2/src/components/OnboardingWizard.tsx.html
2:30:53 PM [vite] page reload coverage-e2e 2/src/components/accessibility/AccessibilityChecker.tsx.html
2:30:53 PM [vite] page reload coverage-e2e 2/src/components/accessibility/AccessibilitySettings.tsx.html
2:30:53 PM [vite] page reload coverage-e2e 2/src/components/accessibility/index.html
2:30:53 PM [vite] page reload coverage-e2e 2/src/components/adjudication/AdjudicationLayout.tsx.html
2:30:53 PM [vite] page reload coverage-e2e 2/src/components/adjudication/AlertDetail.tsx.html
2:30:53 PM [vite] page reload coverage-e2e 2/src/components/adjudication/AlertList.tsx.html
2:30:53 PM [vite] page reload coverage-e2e 2/src/components/adjudication/AlertListItem.tsx.html
2:30:53 PM [vite] page reload coverage-e2e 2/src/components/adjudication/ContextTabs.tsx.html
2:30:53 PM [vite] page reload coverage-e2e 2/src/components/adjudication/DecisionPanel.tsx.html
2:30:53 PM [vite] page reload coverage-e2e 2/src/components/adjudication/index.html
2:30:53 PM [vite] page reload coverage-e2e 2/src/components/adjudication/tabs/AIReasoningTab.tsx.html
2:30:53 PM [vite] page reload coverage-e2e 2/src/components/adjudication/tabs/ContextTab.tsx.html
2:30:53 PM [vite] page reload coverage-e2e 2/src/components/adjudication/tabs/GraphTab.tsx.html
2:30:53 PM [vite] page reload coverage-e2e 2/src/components/adjudication/tabs/HistoryTab.tsx.html
2:30:53 PM [vite] page reload coverage-e2e 2/src/components/adjudication/tabs/index.html
2:30:53 PM [vite] page reload coverage-e2e 2/src/components/advanced/ai/AiPerformanceMonitor.tsx.html
2:30:53 PM [vite] page reload coverage-e2e 2/src/components/advanced/ai/MultimodalAnalyzer.tsx.html
2:30:53 PM [vite] page reload coverage-e2e 2/src/components/advanced/ai/RagSearchInterface.tsx.html
2:30:53 PM [vite] page reload coverage-e2e 2/src/components/advanced/ai/RedTeamDashboard.tsx.html
2:30:53 PM [vite] page reload coverage-e2e 2/src/components/advanced/ai/index.html
2:30:53 PM [vite] page reload coverage-e2e 2/src/components/ai/AIAssistant.tsx.html
2:30:53 PM [vite] page reload coverage-e2e 2/src/components/ai/AIIntelligenceDashboard.tsx.html
2:30:53 PM [vite] page reload coverage-e2e 2/src/components/ai/AdvancedComplianceDashboard.tsx.html
2:30:53 PM [vite] page reload coverage-e2e 2/src/components/ai/CodeReviewDashboard.tsx.html
2:30:53 PM [vite] page reload coverage-e2e 2/src/components/ai/PredictiveMaintenanceDashboard.tsx.html
2:30:53 PM [vite] page reload coverage-e2e 2/src/components/ai/index.html
2:30:53 PM [vite] page reload coverage-e2e 2/src/components/auth/LoginForm.tsx.html
2:30:53 PM [vite] page reload coverage-e2e 2/src/components/auth/index.html
2:30:53 PM [vite] page reload coverage-e2e 2/src/components/cases/CaseActions.tsx.html
2:30:53 PM [vite] page reload coverage-e2e 2/src/components/cases/CaseHeader.tsx.html
2:30:53 PM [vite] page reload coverage-e2e 2/src/components/cases/CaseKanban.tsx.html
2:30:53 PM [vite] page reload coverage-e2e 2/src/components/cases/CasePreviewDrawer.tsx.html
2:30:53 PM [vite] page reload coverage-e2e 2/src/components/cases/CaseTable.tsx.html
2:30:53 PM [vite] page reload coverage-e2e 2/src/components/cases/FacetedFilter.tsx.html
2:30:53 PM [vite] page reload coverage-e2e 2/src/components/cases/InvestigationWizard.tsx.html
2:30:53 PM [vite] page reload coverage-e2e 2/src/components/cases/NewInvestigationWizard.tsx.html
2:30:53 PM [vite] page reload coverage-e2e 2/src/components/cases/RichCaseCard.tsx.html
2:30:53 PM [vite] page reload coverage-e2e 2/src/components/cases/index.html
2:30:53 PM [vite] page reload coverage-e2e 2/src/components/collaboration/CollaborativeEditor.tsx.html
2:30:53 PM [vite] page reload coverage-e2e 2/src/components/collaboration/EvidenceBoard.tsx.html
2:30:53 PM [vite] page reload coverage-e2e 2/src/components/collaboration/HypothesisBoard.tsx.html
2:30:53 PM [vite] page reload coverage-e2e 2/src/components/collaboration/MensReaAnalyzer.tsx.html
2:30:53 PM [vite] page reload coverage-e2e 2/src/components/collaboration/index.html
2:30:53 PM [vite] page reload coverage-e2e 2/src/components/common/EmptyState.tsx.html
2:30:53 PM [vite] page reload coverage-e2e 2/src/components/common/ErrorBoundary.tsx.html
2:30:53 PM [vite] page reload coverage-e2e 2/src/components/common/EvidenceSpotlight.tsx.html
2:30:53 PM [vite] page reload coverage-e2e 2/src/components/common/JourneyProgress.tsx.html
2:30:53 PM [vite] page reload coverage-e2e 2/src/components/common/ProjectSwitcher.tsx.html
2:30:53 PM [vite] page reload coverage-e2e 2/src/components/common/RookieChecklist.tsx.html
2:30:53 PM [vite] page reload coverage-e2e 2/src/components/common/Spinner.tsx.html
2:30:53 PM [vite] page reload coverage-e2e 2/src/components/common/TourSpotlight.tsx.html
2:30:53 PM [vite] page reload coverage-e2e 2/src/components/common/WelcomeMessage.tsx.html
2:30:53 PM [vite] page reload coverage-e2e 2/src/components/common/index.html
2:30:53 PM [vite] page reload coverage-e2e 2/src/components/compliance/SARCreationWizard.tsx.html
2:30:53 PM [vite] page reload coverage-e2e 2/src/components/compliance/index.html
2:30:53 PM [vite] page reload coverage-e2e 2/src/components/dashboard/AIWatchtower.tsx.html
2:30:53 PM [vite] page reload coverage-e2e 2/src/components/dashboard/CostOptimizationWidget.tsx.html
2:30:53 PM [vite] page reload coverage-e2e 2/src/components/dashboard/LiveQueue.tsx.html
2:30:53 PM [vite] page reload coverage-e2e 2/src/components/dashboard/MetricCard.tsx.html
2:30:53 PM [vite] page reload coverage-e2e 2/src/components/dashboard/MetricSparkline.tsx.html
2:30:53 PM [vite] page reload coverage-e2e 2/src/components/dashboard/MovableDashboard.tsx.html
2:30:53 PM [vite] page reload coverage-e2e 2/src/components/dashboard/PredictiveDashboard.tsx.html
2:30:53 PM [vite] page reload coverage-e2e 2/src/components/dashboard/ProofVisualizationCard.tsx.html
2:30:53 PM [vite] page reload coverage-e2e 2/src/components/dashboard/RiskDistributionChart.tsx.html
2:30:53 PM [vite] page reload coverage-e2e 2/src/components/dashboard/ThreatMap.tsx.html
2:30:53 PM [vite] page reload coverage-e2e 2/src/components/dashboard/VolumeChart.tsx.html
2:30:53 PM [vite] page reload coverage-e2e 2/src/components/dashboard/index.html
2:30:53 PM [vite] page reload coverage-e2e 2/src/components/evidence/DocumentViewer.tsx.html
2:30:53 PM [vite] page reload coverage-e2e 2/src/components/evidence/EvidenceViewer.tsx.html
2:30:53 PM [vite] page reload coverage-e2e 2/src/components/evidence/FolderTree.tsx.html
2:30:53 PM [vite] page reload coverage-e2e 2/src/components/evidence/ForensicCanvas.tsx.html
2:30:53 PM [vite] page reload coverage-e2e 2/src/components/evidence/HypothesisBoard.tsx.html
2:30:53 PM [vite] page reload coverage-e2e 2/src/components/evidence/MensReaAnalyzer.tsx.html
2:30:53 PM [vite] page reload coverage-e2e 2/src/components/evidence/TamperDetector.tsx.html
2:30:53 PM [vite] page reload coverage-e2e 2/src/components/evidence/UploadWizard.tsx.html
2:30:53 PM [vite] page reload coverage-e2e 2/src/components/evidence/index.html
2:30:53 PM [vite] page reload coverage-e2e 2/src/components/forensics/EvidenceList.tsx.html
2:30:53 PM [vite] page reload coverage-e2e 2/src/components/forensics/EvidenceViewer.tsx.html
2:30:53 PM [vite] page reload coverage-e2e 2/src/components/forensics/ForensicsErrorState.tsx.html
2:30:53 PM [vite] page reload coverage-e2e 2/src/components/forensics/ForensicsLayout.tsx.html
2:30:53 PM [vite] page reload coverage-e2e 2/src/components/forensics/ForensicsSkeleton.tsx.html
2:30:53 PM [vite] page reload coverage-e2e 2/src/components/forensics/ForensicsToolbar.tsx.html
2:30:53 PM [vite] page reload coverage-e2e 2/src/components/forensics/PdfViewer.tsx.html
2:30:53 PM [vite] page reload coverage-e2e 2/src/components/forensics/index.html
2:30:53 PM [vite] page reload coverage-e2e 2/src/components/forensics/index.ts.html
2:30:53 PM [vite] page reload coverage-e2e 2/src/components/fraud/FraudRuleBuilder.tsx.html
2:30:53 PM [vite] page reload coverage-e2e 2/src/components/fraud/index.html
2:30:53 PM [vite] page reload coverage-e2e 2/src/components/graph/EntityGraph3DWebGL.tsx.html
2:30:53 PM [vite] page reload coverage-e2e 2/src/components/graph/index.html
2:30:53 PM [vite] page reload coverage-e2e 2/src/components/i18n/LanguageSwitcher.tsx.html
2:30:53 PM [vite] page reload coverage-e2e 2/src/components/i18n/index.html
2:30:53 PM [vite] page reload coverage-e2e 2/src/components/i18n/index.ts.html
2:30:53 PM [vite] page reload coverage-e2e 2/src/components/index.html
2:30:53 PM [vite] page reload coverage-e2e 2/src/components/ingestion/DataMapping.tsx.html
2:30:53 PM [vite] page reload coverage-e2e 2/src/components/ingestion/IngestionStepper.tsx.html
2:30:53 PM [vite] page reload coverage-e2e 2/src/components/ingestion/index.html
2:30:53 PM [vite] page reload coverage-e2e 2/src/components/integration/AnalyticsTab.tsx.html
2:30:53 PM [vite] page reload coverage-e2e 2/src/components/integration/EventBusTab.tsx.html
2:30:53 PM [vite] page reload coverage-e2e 2/src/components/integration/GraphQLTab.tsx.html
2:30:53 PM [vite] page reload coverage-e2e 2/src/components/integration/IntegrationsTab.tsx.html
2:30:53 PM [vite] page reload coverage-e2e 2/src/components/integration/MarketplaceTab.tsx.html
2:30:53 PM [vite] page reload coverage-e2e 2/src/components/integration/OverviewTab.tsx.html
2:30:53 PM [vite] page reload coverage-e2e 2/src/components/integration/index.html
2:30:53 PM [vite] page reload coverage-e2e 2/src/components/intelligence/AutoReportGenerator.tsx.html
2:30:53 PM [vite] page reload coverage-e2e 2/src/components/intelligence/CourtDocumentGenerator.tsx.html
2:30:53 PM [vite] page reload coverage-e2e 2/src/components/intelligence/PredictiveDashboard.tsx.html
2:30:53 PM [vite] page reload coverage-e2e 2/src/components/intelligence/index.html
2:30:53 PM [vite] page reload coverage-e2e 2/src/components/investigation/CanvasArea.tsx.html
2:30:53 PM [vite] page reload coverage-e2e 2/src/components/investigation/EntityForm.tsx.html
2:30:53 PM [vite] page reload coverage-e2e 2/src/components/investigation/EntityNode.tsx.html
2:30:53 PM [vite] page reload coverage-e2e 2/src/components/investigation/EntityRegistry.tsx.html
2:30:53 PM [vite] page reload coverage-e2e 2/src/components/investigation/EvidenceItem.tsx.html
2:30:53 PM [vite] page reload coverage-e2e 2/src/components/investigation/GraphCanvas.tsx.html
2:30:53 PM [vite] page reload coverage-e2e 2/src/components/investigation/InvestigationCanvas.tsx.html
2:30:53 PM [vite] page reload coverage-e2e 2/src/components/investigation/InvestigationSkeleton.tsx.html
2:30:53 PM [vite] page reload coverage-e2e 2/src/components/investigation/NodeInspector.tsx.html
2:30:53 PM [vite] page reload coverage-e2e 2/src/components/investigation/PathfindingVisualizer.tsx.html
2:30:53 PM [vite] page reload coverage-e2e 2/src/components/investigation/RelationshipForm.tsx.html
2:30:53 PM [vite] page reload coverage-e2e 2/src/components/investigation/ThreeDGraph.tsx.html
2:30:53 PM [vite] page reload coverage-e2e 2/src/components/investigation/index.html
2:30:53 PM [vite] page reload coverage-e2e 2/src/components/layout/AppLayout.tsx.html
2:30:53 PM [vite] page reload coverage-e2e 2/src/components/layout/Header.tsx.html
2:30:53 PM [vite] page reload coverage-e2e 2/src/components/layout/Sidebar.tsx.html
2:30:53 PM [vite] page reload coverage-e2e 2/src/components/layout/index.html
2:30:53 PM [vite] page reload coverage-e2e 2/src/components/monitoring/MonitoringDashboard.tsx.html
2:30:53 PM [vite] page reload coverage-e2e 2/src/components/monitoring/PerformanceDashboard.tsx.html
2:30:53 PM [vite] page reload coverage-e2e 2/src/components/monitoring/SystemOrchestrationDashboard.tsx.html
2:30:53 PM [vite] page reload coverage-e2e 2/src/components/monitoring/index.html
2:30:53 PM [vite] page reload coverage-e2e 2/src/components/performance/PerformanceDashboard.tsx.html
2:30:53 PM [vite] page reload coverage-e2e 2/src/components/performance/index.html
2:30:53 PM [vite] page reload coverage-e2e 2/src/components/recon/ExceptionQueue.tsx.html
2:30:53 PM [vite] page reload coverage-e2e 2/src/components/recon/MatchCanvas.tsx.html
2:30:53 PM [vite] page reload coverage-e2e 2/src/components/recon/TransactionCard.tsx.html
2:30:53 PM [vite] page reload coverage-e2e 2/src/components/recon/index.html
2:30:53 PM [vite] page reload coverage-e2e 2/src/components/reporting/AIWriter.tsx.html
2:30:53 PM [vite] page reload coverage-e2e 2/src/components/reporting/AutoReportGenerator.tsx.html
2:30:53 PM [vite] page reload coverage-e2e 2/src/components/reporting/ConclusionWizard.tsx.html
2:30:53 PM [vite] page reload coverage-e2e 2/src/components/reporting/DossierExport.tsx.html
2:30:53 PM [vite] page reload coverage-e2e 2/src/components/reporting/FinancialHealth.tsx.html
2:30:53 PM [vite] page reload coverage-e2e 2/src/components/reporting/KeyFindings.tsx.html
2:30:53 PM [vite] page reload coverage-e2e 2/src/components/reporting/ProjectTracker.tsx.html
2:30:53 PM [vite] page reload coverage-e2e 2/src/components/reporting/ReportBuilder.tsx.html
2:30:53 PM [vite] page reload coverage-e2e 2/src/components/reporting/SuccessBanner.tsx.html
2:30:53 PM [vite] page reload coverage-e2e 2/src/components/reporting/SummaryPreview.tsx.html
2:30:53 PM [vite] page reload coverage-e2e 2/src/components/reporting/index.html
2:30:53 PM [vite] page reload coverage-e2e 2/src/components/settings/AccessibilitySettings.tsx.html
2:30:53 PM [vite] page reload coverage-e2e 2/src/components/settings/AuditLogViewer.tsx.html
2:30:53 PM [vite] page reload coverage-e2e 2/src/components/settings/GeneralSettings.tsx.html
2:30:53 PM [vite] page reload coverage-e2e 2/src/components/settings/HealthGauges.tsx.html
2:30:53 PM [vite] page reload coverage-e2e 2/src/components/settings/NotificationSettings.tsx.html
2:30:53 PM [vite] page reload coverage-e2e 2/src/components/settings/PermissionMatrix.tsx.html
2:30:53 PM [vite] page reload coverage-e2e 2/src/components/settings/RuleBuilder.tsx.html
2:30:53 PM [vite] page reload coverage-e2e 2/src/components/settings/SecuritySettings.tsx.html
2:30:53 PM [vite] page reload coverage-e2e 2/src/components/settings/SettingsErrorState.tsx.html
2:30:53 PM [vite] page reload coverage-e2e 2/src/components/settings/SettingsHeader.tsx.html
2:30:53 PM [vite] page reload coverage-e2e 2/src/components/settings/SettingsLayout.tsx.html
2:30:53 PM [vite] page reload coverage-e2e 2/src/components/settings/SettingsNavigation.tsx.html
2:30:53 PM [vite] page reload coverage-e2e 2/src/components/settings/SettingsSkeleton.tsx.html
2:30:53 PM [vite] page reload coverage-e2e 2/src/components/settings/SystemSettings.tsx.html
2:30:53 PM [vite] page reload coverage-e2e 2/src/components/settings/i18n/LanguageSwitcher.tsx.html
2:30:53 PM [vite] page reload coverage-e2e 2/src/components/settings/i18n/index.html
2:30:53 PM [vite] page reload coverage-e2e 2/src/components/settings/index.html
2:30:53 PM [vite] page reload coverage-e2e 2/src/components/settings/index.ts.html
2:30:53 PM [vite] page reload coverage-e2e 2/src/components/ui/AIInsights.tsx.html
2:30:53 PM [vite] page reload coverage-e2e 2/src/components/ui/AccessibleButton.tsx.html
2:30:53 PM [vite] page reload coverage-e2e 2/src/components/ui/AccessibleForm.tsx.html
2:30:53 PM [vite] page reload coverage-e2e 2/src/components/ui/AccessibleModal.tsx.html
2:30:53 PM [vite] page reload coverage-e2e 2/src/components/ui/AgentStatusStream.tsx.html
2:30:53 PM [vite] page reload coverage-e2e 2/src/components/ui/Alert.tsx.html
2:30:53 PM [vite] page reload coverage-e2e 2/src/components/ui/Avatar.tsx.html
2:30:53 PM [vite] page reload coverage-e2e 2/src/components/ui/Badge.tsx.html
2:30:53 PM [vite] page reload coverage-e2e 2/src/components/ui/Button.tsx.html
2:30:53 PM [vite] page reload coverage-e2e 2/src/components/ui/Card.tsx.html
2:30:53 PM [vite] page reload coverage-e2e 2/src/components/ui/Checkbox.tsx.html
2:30:53 PM [vite] page reload coverage-e2e 2/src/components/ui/DataGrid.tsx.html
2:30:53 PM [vite] page reload coverage-e2e 2/src/components/ui/Dialog.tsx.html
2:30:53 PM [vite] page reload coverage-e2e 2/src/components/ui/DraftPreview.tsx.html
2:30:53 PM [vite] page reload coverage-e2e 2/src/components/ui/FileDropZone.tsx.html
2:30:53 PM [vite] page reload coverage-e2e 2/src/components/ui/Input.tsx.html
2:30:53 PM [vite] page reload coverage-e2e 2/src/components/ui/KeyboardShortcutsModal.tsx.html
2:30:53 PM [vite] page reload coverage-e2e 2/src/components/ui/Label.tsx.html
2:30:53 PM [vite] page reload coverage-e2e 2/src/components/ui/Pagination.tsx.html
2:30:53 PM [vite] page reload coverage-e2e 2/src/components/ui/Progress.tsx.html
2:30:53 PM [vite] page reload coverage-e2e 2/src/components/ui/ProgressBar.tsx.html
2:30:53 PM [vite] page reload coverage-e2e 2/src/components/ui/ProgressiveDisclosure.tsx.html
2:30:53 PM [vite] page reload coverage-e2e 2/src/components/ui/ResizablePanel.tsx.html
2:30:53 PM [vite] page reload coverage-e2e 2/src/components/ui/ScrollArea.tsx.html
2:30:53 PM [vite] page reload coverage-e2e 2/src/components/ui/Select.tsx.html
2:30:53 PM [vite] page reload coverage-e2e 2/src/components/ui/SemanticSearch.tsx.html
2:30:53 PM [vite] page reload coverage-e2e 2/src/components/ui/Separator.tsx.html
2:30:53 PM [vite] page reload coverage-e2e 2/src/components/ui/Skeleton.tsx.html
2:30:53 PM [vite] page reload coverage-e2e 2/src/components/ui/Slider.tsx.html
2:30:53 PM [vite] page reload coverage-e2e 2/src/components/ui/SplitView.tsx.html
2:30:53 PM [vite] page reload coverage-e2e 2/src/components/ui/StandardizedErrorDisplay.tsx.html
2:30:53 PM [vite] page reload coverage-e2e 2/src/components/ui/StatusIndicator.tsx.html
2:30:53 PM [vite] page reload coverage-e2e 2/src/components/ui/Switch.tsx.html
2:30:53 PM [vite] page reload coverage-e2e 2/src/components/ui/SyncStatus.tsx.html
2:30:53 PM [vite] page reload coverage-e2e 2/src/components/ui/Table.tsx.html
2:30:53 PM [vite] page reload coverage-e2e 2/src/components/ui/Tabs.tsx.html
2:30:53 PM [vite] page reload coverage-e2e 2/src/components/ui/Textarea.tsx.html
2:30:53 PM [vite] page reload coverage-e2e 2/src/components/ui/VirtualList.tsx.html
2:30:53 PM [vite] page reload coverage-e2e 2/src/components/ui/VirtualizedList.tsx.html
2:30:53 PM [vite] page reload coverage-e2e 2/src/components/ui/index.html
2:30:53 PM [vite] page reload coverage-e2e 2/src/components/visualizations/NetworkGraph.tsx.html
2:30:53 PM [vite] page reload coverage-e2e 2/src/components/visualizations/index.html
2:30:53 PM [vite] page reload coverage-e2e 2/src/context/AIContext.tsx.html
2:30:53 PM [vite] page reload coverage-e2e 2/src/context/AccessibilityContext.tsx.html
2:30:53 PM [vite] page reload coverage-e2e 2/src/context/AuthContext.ts.html
2:30:53 PM [vite] page reload coverage-e2e 2/src/context/NetworkStatusContext.ts.html
2:30:53 PM [vite] page reload coverage-e2e 2/src/context/OfflineQueueContext.ts.html
2:30:53 PM [vite] page reload coverage-e2e 2/src/context/TourContext.tsx.html
2:30:53 PM [vite] page reload coverage-e2e 2/src/context/index.html
2:30:53 PM [vite] page reload coverage-e2e 2/src/hooks/index.html
2:30:53 PM [vite] page reload coverage-e2e 2/src/hooks/use-toast.ts.html
2:30:53 PM [vite] page reload coverage-e2e 2/src/hooks/useAccessibility.ts.html
2:30:53 PM [vite] page reload coverage-e2e 2/src/hooks/useAlerts.ts.html
2:30:53 PM [vite] page reload coverage-e2e 2/src/hooks/useApiError.ts.html
2:30:53 PM [vite] page reload coverage-e2e 2/src/hooks/useApiWithRetry.ts.html
2:30:53 PM [vite] page reload coverage-e2e 2/src/hooks/useAuth.ts.html
2:30:53 PM [vite] page reload coverage-e2e 2/src/hooks/useCases.ts.html
2:30:53 PM [vite] page reload coverage-e2e 2/src/hooks/useCollaboration.ts.html
2:30:53 PM [vite] page reload coverage-e2e 2/src/hooks/useContextAwareAI.ts.html
2:30:53 PM [vite] page reload coverage-e2e 2/src/hooks/useDashboard.ts.html
2:30:53 PM [vite] page reload coverage-e2e 2/src/hooks/useDashboardMetrics.ts.html
2:30:53 PM [vite] page reload coverage-e2e 2/src/hooks/useEvidence.ts.html
2:30:53 PM [vite] page reload coverage-e2e 2/src/hooks/useFormValidation.ts.html
2:30:53 PM [vite] page reload coverage-e2e 2/src/hooks/useGraphData.ts.html
2:30:53 PM [vite] page reload coverage-e2e 2/src/hooks/useHttpClient.tsx.html
2:30:53 PM [vite] page reload coverage-e2e 2/src/hooks/useKeyboardNavigation.tsx.html
2:30:53 PM [vite] page reload coverage-e2e 2/src/hooks/useMemoryCleanup.ts.html
2:30:53 PM [vite] page reload coverage-e2e 2/src/hooks/useNetworkStatus.ts.html
2:30:53 PM [vite] page reload coverage-e2e 2/src/hooks/useOfflineQueue.ts.html
2:30:53 PM [vite] page reload coverage-e2e 2/src/hooks/usePerformanceMonitor.ts.html
2:30:53 PM [vite] page reload coverage-e2e 2/src/hooks/usePersistedState.ts.html
2:30:53 PM [vite] page reload coverage-e2e 2/src/hooks/useResizeObserver.ts.html
2:30:53 PM [vite] page reload coverage-e2e 2/src/hooks/useRoleBasedLayout.ts.html
2:30:53 PM [vite] page reload coverage-e2e 2/src/hooks/useSanitizedHTML.tsx.html
2:30:53 PM [vite] page reload coverage-e2e 2/src/hooks/useSettings.ts.html
2:30:53 PM [vite] page reload coverage-e2e 2/src/hooks/useTouchGestures.ts.html
2:30:53 PM [vite] page reload coverage-e2e 2/src/hooks/useWebSocketClient.tsx.html
2:30:53 PM [vite] page reload coverage-e2e 2/src/hooks/useWebSocketQueue.ts.html
2:30:53 PM [vite] page reload coverage-e2e 2/src/i18n/config.ts.html
2:30:53 PM [vite] page reload coverage-e2e 2/src/i18n/index.html
2:30:53 PM [vite] page reload coverage-e2e 2/src/lib/AIFraudDetection.ts.html
2:30:53 PM [vite] page reload coverage-e2e 2/src/lib/LocalDataManager.ts.html
2:30:53 PM [vite] page reload coverage-e2e 2/src/lib/accessibility/aria-helpers.ts.html
2:30:53 PM [vite] page reload coverage-e2e 2/src/lib/accessibility/focus-management.ts.html
2:30:53 PM [vite] page reload coverage-e2e 2/src/lib/accessibility/index.html
2:30:53 PM [vite] page reload coverage-e2e 2/src/lib/accessibility/keyboard-navigation.ts.html
2:30:53 PM [vite] page reload coverage-e2e 2/src/lib/accessibility.ts.html
2:30:53 PM [vite] page reload coverage-e2e 2/src/lib/advancedAI.ts.html
2:30:53 PM [vite] page reload coverage-e2e 2/src/lib/advancedMonitoring.ts.html
2:30:53 PM [vite] page reload coverage-e2e 2/src/lib/advancedTesting.ts.html
2:30:53 PM [vite] page reload coverage-e2e 2/src/lib/api.ts.html
2:30:53 PM [vite] page reload coverage-e2e 2/src/lib/chaosEngineering.ts.html
2:30:53 PM [vite] page reload coverage-e2e 2/src/lib/circuitBreaker.ts.html
2:30:53 PM [vite] page reload coverage-e2e 2/src/lib/electron.ts.html
2:30:53 PM [vite] page reload coverage-e2e 2/src/lib/formatters.ts.html
2:30:53 PM [vite] page reload coverage-e2e 2/src/lib/index.html
2:30:53 PM [vite] page reload coverage-e2e 2/src/lib/keyboardShortcuts.ts.html
2:30:53 PM [vite] page reload coverage-e2e 2/src/lib/reliabilityManager.ts.html
2:30:53 PM [vite] page reload coverage-e2e 2/src/lib/testGenerator.ts.html
2:30:53 PM [vite] page reload coverage-e2e 2/src/lib/utils.ts.html
2:30:53 PM [vite] page reload coverage-e2e 2/src/pages/AdjudicationQueue.tsx.html
2:30:53 PM [vite] page reload coverage-e2e 2/src/pages/AgentApprovals.tsx.html
2:30:53 PM [vite] page reload coverage-e2e 2/src/pages/AgentDrafts.tsx.html
2:30:53 PM [vite] page reload coverage-e2e 2/src/pages/Cases.tsx.html
2:30:53 PM [vite] page reload coverage-e2e 2/src/pages/CasesRefactored.tsx.html
2:30:53 PM [vite] page reload coverage-e2e 2/src/pages/ComplianceMonitoring.tsx.html
2:30:53 PM [vite] page reload coverage-e2e 2/src/pages/Dashboard.tsx.html
2:30:53 PM [vite] page reload coverage-e2e 2/src/pages/DesignSystemShowcase.tsx.html
2:30:53 PM [vite] page reload coverage-e2e 2/src/pages/EnhancedEvidenceLocker.tsx.html
2:30:53 PM [vite] page reload coverage-e2e 2/src/pages/Forensics.tsx.html
2:30:53 PM [vite] page reload coverage-e2e 2/src/pages/ForensicsRefactored.tsx.html
2:30:53 PM [vite] page reload coverage-e2e 2/src/pages/Ingestion.tsx.html
2:30:53 PM [vite] page reload coverage-e2e 2/src/pages/Investigation.tsx.html
2:30:53 PM [vite] page reload coverage-e2e 2/src/pages/Login.tsx.html
2:30:53 PM [vite] page reload coverage-e2e 2/src/pages/NetworkAnalysis.tsx.html
2:30:53 PM [vite] page reload coverage-e2e 2/src/pages/NotFound.tsx.html
2:30:53 PM [vite] page reload coverage-e2e 2/src/pages/PerformanceDashboard.tsx.html
2:30:53 PM [vite] page reload coverage-e2e 2/src/pages/ProjectSelection.tsx.html
2:30:53 PM [vite] page reload coverage-e2e 2/src/pages/ProofVisualizationRoute.tsx.html
2:30:53 PM [vite] page reload coverage-e2e 2/src/pages/Reconciliation.tsx.html
2:30:53 PM [vite] page reload coverage-e2e 2/src/pages/RegulatoryIntelligence.tsx.html
2:30:53 PM [vite] page reload coverage-e2e 2/src/pages/Reporting.tsx.html
2:30:53 PM [vite] page reload coverage-e2e 2/src/pages/SARCreation.tsx.html
2:30:53 PM [vite] page reload coverage-e2e 2/src/pages/Settings.tsx.html
2:30:53 PM [vite] page reload coverage-e2e 2/src/pages/Setup.tsx.html
2:30:53 PM [vite] page reload coverage-e2e 2/src/pages/SystemDiagnosticsCenter.tsx.html
2:30:53 PM [vite] page reload coverage-e2e 2/src/pages/index.html
2:30:53 PM [vite] page reload coverage-e2e 2/src/pages/settings/components/GeneralTab.tsx.html
2:30:53 PM [vite] page reload coverage-e2e 2/src/pages/settings/components/index.html
2:30:53 PM [vite] page reload coverage-e2e 2/src/providers/AppProviders.tsx.html
2:30:53 PM [vite] page reload coverage-e2e 2/src/providers/AuthProvider.tsx.html
2:30:53 PM [vite] page reload coverage-e2e 2/src/providers/AuthenticationProvider.tsx.html
2:30:53 PM [vite] page reload coverage-e2e 2/src/providers/LocaleProvider.tsx.html
2:30:53 PM [vite] page reload coverage-e2e 2/src/providers/NetworkStatusProvider.tsx.html
2:30:53 PM [vite] page reload coverage-e2e 2/src/providers/OfflineQueueContext.tsx.html
2:30:53 PM [vite] page reload coverage-e2e 2/src/providers/ToastProvider.tsx.html
2:30:53 PM [vite] page reload coverage-e2e 2/src/providers/WebSocketProvider.tsx.html
2:30:53 PM [vite] page reload coverage-e2e 2/src/providers/index.html
2:30:53 PM [vite] page reload coverage-e2e 2/src/services/CaseSyncEngine.ts.html
2:30:53 PM [vite] page reload coverage-e2e 2/src/services/EvidenceScorer.ts.html
2:30:53 PM [vite] page reload coverage-e2e 2/src/services/ai.ts.html
2:30:53 PM [vite] page reload coverage-e2e 2/src/services/alerts.ts.html
2:30:53 PM [vite] page reload coverage-e2e 2/src/services/approvalService.ts.html
2:30:53 PM [vite] page reload coverage-e2e 2/src/services/auth.ts.html
2:30:53 PM [vite] page reload coverage-e2e 2/src/services/cases.ts.html
2:30:53 PM [vite] page reload coverage-e2e 2/src/services/client.ts.html
2:30:53 PM [vite] page reload coverage-e2e 2/src/services/compliance.ts.html
2:30:53 PM [vite] page reload coverage-e2e 2/src/services/complianceMonitoring.ts.html
2:30:53 PM [vite] page reload coverage-e2e 2/src/services/costOptimization.ts.html
2:30:53 PM [vite] page reload coverage-e2e 2/src/services/diagnosticsService.ts.html
2:30:53 PM [vite] page reload coverage-e2e 2/src/services/draftPreviewService.ts.html
2:30:53 PM [vite] page reload coverage-e2e 2/src/services/errorReporting.ts.html
2:30:53 PM [vite] page reload coverage-e2e 2/src/services/evidence.ts.html
2:30:53 PM [vite] page reload coverage-e2e 2/src/services/fileProcessing.ts.html
2:30:53 PM [vite] page reload coverage-e2e 2/src/services/graph.ts.html
2:30:53 PM [vite] page reload coverage-e2e 2/src/services/index.html
2:30:53 PM [vite] page reload coverage-e2e 2/src/services/integrations.ts.html
2:30:53 PM [vite] page reload coverage-e2e 2/src/services/intelligenceService.ts.html
2:30:53 PM [vite] page reload coverage-e2e 2/src/services/monitoring.ts.html
2:30:53 PM [vite] page reload coverage-e2e 2/src/services/notifications.ts.html
2:30:53 PM [vite] page reload coverage-e2e 2/src/services/onboarding.ts.html
2:30:53 PM [vite] page reload coverage-e2e 2/src/services/reconciliation.ts.html
2:30:53 PM [vite] page reload coverage-e2e 2/src/services/reporting.ts.html
2:30:53 PM [vite] page reload coverage-e2e 2/src/services/settings.ts.html
2:30:53 PM [vite] page reload coverage-e2e 2/src/services/socket.ts.html
2:30:53 PM [vite] page reload coverage-e2e 2/src/services/sync.ts.html
2:30:53 PM [vite] page reload coverage-e2e 2/src/services/syncOrchestrator.ts.html
2:30:53 PM [vite] page reload coverage-e2e 2/src/services/user.ts.html
2:30:53 PM [vite] page reload coverage-e2e 2/src/store/globalStore.ts.html
2:30:53 PM [vite] page reload coverage-e2e 2/src/store/index.html
2:30:53 PM [vite] page reload coverage-e2e 2/src/store/projectStore.ts.html
2:30:53 PM [vite] page reload coverage-e2e 2/src/store/reconciliationStore.ts.html
2:30:53 PM [vite] page reload coverage-e2e 2/src/store/useAuthStore.ts.html
2:30:53 PM [vite] page reload coverage-e2e 2/src/store/useIngestionStore.ts.html
2:30:53 PM [vite] page reload coverage-e2e 2/src/store/useUIStore.ts.html
2:30:53 PM [vite] page reload coverage-e2e 2/src/types/declarations.d.ts.html
2:30:53 PM [vite] page reload coverage-e2e 2/src/types/electron.d.ts.html
2:30:53 PM [vite] page reload coverage-e2e 2/src/types/index.html
2:30:53 PM [vite] page reload coverage-e2e 2/src/types/locale.ts.html
2:30:53 PM [vite] page reload coverage-e2e 2/src/types/react-pdf-highlighter-extended.d.ts.html
2:30:53 PM [vite] page reload coverage-e2e/src/types/declarations.d.ts.html
2:30:53 PM [vite] page reload coverage-e2e/src/types/electron.d.ts.html
2:30:53 PM [vite] page reload coverage-e2e/src/types/index.html
2:30:53 PM [vite] page reload coverage-e2e/src/types/locale.ts.html
2:30:53 PM [vite] page reload coverage-e2e/src/types/react-pdf-highlighter-extended.d.ts.html
2:30:53 PM [vite] page reload coverage-e2e/src/store/globalStore.ts.html
2:30:53 PM [vite] page reload coverage-e2e/src/store/index.html
2:30:53 PM [vite] page reload coverage-e2e/src/store/projectStore.ts.html
2:30:53 PM [vite] page reload coverage-e2e/src/store/reconciliationStore.ts.html
2:30:53 PM [vite] page reload coverage-e2e/src/store/useAuthStore.ts.html
2:30:53 PM [vite] page reload coverage-e2e/src/store/useIngestionStore.ts.html
2:30:53 PM [vite] page reload coverage-e2e/src/store/useUIStore.ts.html
2:30:53 PM [vite] page reload coverage-e2e/src/services/CaseSyncEngine.ts.html
2:30:53 PM [vite] page reload coverage-e2e/src/services/EvidenceScorer.ts.html
2:30:53 PM [vite] page reload coverage-e2e/src/services/ai.ts.html
2:30:53 PM [vite] page reload coverage-e2e/src/services/alerts.ts.html
2:30:53 PM [vite] page reload coverage-e2e/src/services/approvalService.ts.html
2:30:53 PM [vite] page reload coverage-e2e/src/services/auth.ts.html
2:30:53 PM [vite] page reload coverage-e2e/src/services/cases.ts.html
2:30:53 PM [vite] page reload coverage-e2e/src/services/client.ts.html
2:30:53 PM [vite] page reload coverage-e2e/src/services/compliance.ts.html
2:30:53 PM [vite] page reload coverage-e2e/src/services/complianceMonitoring.ts.html
2:30:53 PM [vite] page reload coverage-e2e/src/services/costOptimization.ts.html
2:30:53 PM [vite] page reload coverage-e2e/src/services/diagnosticsService.ts.html
2:30:53 PM [vite] page reload coverage-e2e/src/services/draftPreviewService.ts.html
2:30:53 PM [vite] page reload coverage-e2e/src/services/errorReporting.ts.html
2:30:53 PM [vite] page reload coverage-e2e/src/services/evidence.ts.html
2:30:53 PM [vite] page reload coverage-e2e/src/services/fileProcessing.ts.html
2:30:53 PM [vite] page reload coverage-e2e/src/services/graph.ts.html
2:30:53 PM [vite] page reload coverage-e2e/src/services/index.html
2:30:53 PM [vite] page reload coverage-e2e/src/services/integrations.ts.html
2:30:53 PM [vite] page reload coverage-e2e/src/services/intelligenceService.ts.html
2:30:53 PM [vite] page reload coverage-e2e/src/services/monitoring.ts.html
2:30:53 PM [vite] page reload coverage-e2e/src/services/notifications.ts.html
2:30:53 PM [vite] page reload coverage-e2e/src/services/onboarding.ts.html
2:30:53 PM [vite] page reload coverage-e2e/src/services/reconciliation.ts.html
2:30:53 PM [vite] page reload coverage-e2e/src/services/reporting.ts.html
2:30:53 PM [vite] page reload coverage-e2e/src/services/settings.ts.html
2:30:53 PM [vite] page reload coverage-e2e/src/services/socket.ts.html
2:30:53 PM [vite] page reload coverage-e2e/src/services/sync.ts.html
2:30:53 PM [vite] page reload coverage-e2e/src/services/syncOrchestrator.ts.html
2:30:53 PM [vite] page reload coverage-e2e/src/services/user.ts.html
2:30:53 PM [vite] page reload coverage-e2e/src/providers/AppProviders.tsx.html
2:30:53 PM [vite] page reload coverage-e2e/src/providers/AuthProvider.tsx.html
2:30:53 PM [vite] page reload coverage-e2e/src/providers/AuthenticationProvider.tsx.html
2:30:53 PM [vite] page reload coverage-e2e/src/providers/LocaleProvider.tsx.html
2:30:53 PM [vite] page reload coverage-e2e/src/providers/NetworkStatusProvider.tsx.html
2:30:53 PM [vite] page reload coverage-e2e/src/providers/OfflineQueueContext.tsx.html
2:30:53 PM [vite] page reload coverage-e2e/src/providers/ToastProvider.tsx.html
2:30:53 PM [vite] page reload coverage-e2e/src/providers/WebSocketProvider.tsx.html
2:30:53 PM [vite] page reload coverage-e2e/src/providers/index.html
2:30:53 PM [vite] page reload coverage-e2e/src/pages/AdjudicationQueue.tsx.html
2:30:53 PM [vite] page reload coverage-e2e/src/pages/AgentApprovals.tsx.html
2:30:53 PM [vite] page reload coverage-e2e/src/pages/AgentDrafts.tsx.html
2:30:53 PM [vite] page reload coverage-e2e/src/pages/Cases.tsx.html
2:30:53 PM [vite] page reload coverage-e2e/src/pages/CasesRefactored.tsx.html
2:30:53 PM [vite] page reload coverage-e2e/src/pages/ComplianceMonitoring.tsx.html
2:30:53 PM [vite] page reload coverage-e2e/src/pages/Dashboard.tsx.html
2:30:53 PM [vite] page reload coverage-e2e/src/pages/DesignSystemShowcase.tsx.html
2:30:53 PM [vite] page reload coverage-e2e/src/pages/EnhancedEvidenceLocker.tsx.html
2:30:53 PM [vite] page reload coverage-e2e/src/pages/Forensics.tsx.html
2:30:53 PM [vite] page reload coverage-e2e/src/pages/ForensicsRefactored.tsx.html
2:30:53 PM [vite] page reload coverage-e2e/src/pages/Ingestion.tsx.html
2:30:53 PM [vite] page reload coverage-e2e/src/pages/Investigation.tsx.html
2:30:53 PM [vite] page reload coverage-e2e/src/pages/Login.tsx.html
2:30:53 PM [vite] page reload coverage-e2e/src/pages/NetworkAnalysis.tsx.html
2:30:53 PM [vite] page reload coverage-e2e/src/pages/NotFound.tsx.html
2:30:53 PM [vite] page reload coverage-e2e/src/pages/PerformanceDashboard.tsx.html
2:30:53 PM [vite] page reload coverage-e2e/src/pages/ProjectSelection.tsx.html
2:30:53 PM [vite] page reload coverage-e2e/src/pages/ProofVisualizationRoute.tsx.html
2:30:53 PM [vite] page reload coverage-e2e/src/pages/Reconciliation.tsx.html
2:30:53 PM [vite] page reload coverage-e2e/src/pages/RegulatoryIntelligence.tsx.html
2:30:53 PM [vite] page reload coverage-e2e/src/pages/Reporting.tsx.html
2:30:53 PM [vite] page reload coverage-e2e/src/pages/SARCreation.tsx.html
2:30:53 PM [vite] page reload coverage-e2e/src/pages/Settings.tsx.html
2:30:53 PM [vite] page reload coverage-e2e/src/pages/Setup.tsx.html
2:30:53 PM [vite] page reload coverage-e2e/src/pages/SystemDiagnosticsCenter.tsx.html
2:30:53 PM [vite] page reload coverage-e2e/src/pages/index.html
2:30:53 PM [vite] page reload coverage-e2e/src/pages/settings/components/GeneralTab.tsx.html
2:30:53 PM [vite] page reload coverage-e2e/src/pages/settings/components/index.html
2:30:53 PM [vite] page reload coverage-e2e/src/lib/AIFraudDetection.ts.html
2:30:53 PM [vite] page reload coverage-e2e/src/lib/LocalDataManager.ts.html
2:30:53 PM [vite] page reload coverage-e2e/src/lib/accessibility.ts.html
2:30:53 PM [vite] page reload coverage-e2e/src/lib/advancedAI.ts.html
2:30:53 PM [vite] page reload coverage-e2e/src/lib/advancedMonitoring.ts.html
2:30:53 PM [vite] page reload coverage-e2e/src/lib/advancedTesting.ts.html
2:30:53 PM [vite] page reload coverage-e2e/src/lib/api.ts.html
2:30:53 PM [vite] page reload coverage-e2e/src/lib/chaosEngineering.ts.html
2:30:53 PM [vite] page reload coverage-e2e/src/lib/circuitBreaker.ts.html
2:30:53 PM [vite] page reload coverage-e2e/src/lib/electron.ts.html
2:30:53 PM [vite] page reload coverage-e2e/src/lib/formatters.ts.html
2:30:53 PM [vite] page reload coverage-e2e/src/lib/index.html
2:30:53 PM [vite] page reload coverage-e2e/src/lib/keyboardShortcuts.ts.html
2:30:53 PM [vite] page reload coverage-e2e/src/lib/reliabilityManager.ts.html
2:30:53 PM [vite] page reload coverage-e2e/src/lib/testGenerator.ts.html
2:30:53 PM [vite] page reload coverage-e2e/src/lib/utils.ts.html
2:30:53 PM [vite] page reload coverage-e2e/src/lib/accessibility/aria-helpers.ts.html
2:30:53 PM [vite] page reload coverage-e2e/src/lib/accessibility/focus-management.ts.html
2:30:53 PM [vite] page reload coverage-e2e/src/lib/accessibility/index.html
2:30:53 PM [vite] page reload coverage-e2e/src/lib/accessibility/keyboard-navigation.ts.html
2:30:53 PM [vite] page reload coverage-e2e/src/i18n/config.ts.html
2:30:53 PM [vite] page reload coverage-e2e/src/i18n/index.html
2:30:53 PM [vite] page reload coverage-e2e/src/hooks/index.html
2:30:53 PM [vite] page reload coverage-e2e/src/hooks/use-toast.ts.html
2:30:53 PM [vite] page reload coverage-e2e/src/hooks/useAccessibility.ts.html
2:30:53 PM [vite] page reload coverage-e2e/src/hooks/useAlerts.ts.html
2:30:53 PM [vite] page reload coverage-e2e/src/hooks/useApiError.ts.html
2:30:53 PM [vite] page reload coverage-e2e/src/hooks/useApiWithRetry.ts.html
2:30:53 PM [vite] page reload coverage-e2e/src/hooks/useAuth.ts.html
2:30:53 PM [vite] page reload coverage-e2e/src/hooks/useCases.ts.html
2:30:53 PM [vite] page reload coverage-e2e/src/hooks/useCollaboration.ts.html
2:30:53 PM [vite] page reload coverage-e2e/src/hooks/useContextAwareAI.ts.html
2:30:53 PM [vite] page reload coverage-e2e/src/hooks/useDashboard.ts.html
2:30:53 PM [vite] page reload coverage-e2e/src/hooks/useDashboardMetrics.ts.html
2:30:53 PM [vite] page reload coverage-e2e/src/hooks/useEvidence.ts.html
2:30:53 PM [vite] page reload coverage-e2e/src/hooks/useFormValidation.ts.html
2:30:53 PM [vite] page reload coverage-e2e/src/hooks/useGraphData.ts.html
2:30:53 PM [vite] page reload coverage-e2e/src/hooks/useHttpClient.tsx.html
2:30:53 PM [vite] page reload coverage-e2e/src/hooks/useKeyboardNavigation.tsx.html
2:30:53 PM [vite] page reload coverage-e2e/src/hooks/useMemoryCleanup.ts.html
2:30:53 PM [vite] page reload coverage-e2e/src/hooks/useNetworkStatus.ts.html
2:30:53 PM [vite] page reload coverage-e2e/src/hooks/useOfflineQueue.ts.html
2:30:53 PM [vite] page reload coverage-e2e/src/hooks/usePerformanceMonitor.ts.html
2:30:53 PM [vite] page reload coverage-e2e/src/hooks/usePersistedState.ts.html
2:30:53 PM [vite] page reload coverage-e2e/src/hooks/useResizeObserver.ts.html
2:30:53 PM [vite] page reload coverage-e2e/src/hooks/useRoleBasedLayout.ts.html
2:30:53 PM [vite] page reload coverage-e2e/src/hooks/useSanitizedHTML.tsx.html
2:30:53 PM [vite] page reload coverage-e2e/src/hooks/useSettings.ts.html
2:30:53 PM [vite] page reload coverage-e2e/src/hooks/useTouchGestures.ts.html
2:30:53 PM [vite] page reload coverage-e2e/src/hooks/useWebSocketClient.tsx.html
2:30:53 PM [vite] page reload coverage-e2e/src/hooks/useWebSocketQueue.ts.html
2:30:53 PM [vite] page reload coverage-e2e/src/context/AIContext.tsx.html
2:30:53 PM [vite] page reload coverage-e2e/src/context/AccessibilityContext.tsx.html
2:30:53 PM [vite] page reload coverage-e2e/src/context/AuthContext.ts.html
2:30:53 PM [vite] page reload coverage-e2e/src/context/NetworkStatusContext.ts.html
2:30:53 PM [vite] page reload coverage-e2e/src/context/OfflineQueueContext.ts.html
2:30:53 PM [vite] page reload coverage-e2e/src/context/TourContext.tsx.html
2:30:53 PM [vite] page reload coverage-e2e/src/context/index.html
2:30:53 PM [vite] page reload coverage-e2e/src/components/CaseProgressBar.tsx.html
2:30:53 PM [vite] page reload coverage-e2e/src/components/CollaborativeEditor.tsx.html
2:30:53 PM [vite] page reload coverage-e2e/src/components/DigitalDossierGenerator.tsx.html
2:30:53 PM [vite] page reload coverage-e2e/src/components/OnboardingWizard.tsx.html
2:30:53 PM [vite] page reload coverage-e2e/src/components/index.html
2:30:53 PM [vite] page reload coverage-e2e/src/components/visualizations/NetworkGraph.tsx.html
2:30:53 PM [vite] page reload coverage-e2e/src/components/visualizations/index.html
2:30:53 PM [vite] page reload coverage-e2e/src/components/ui/AIInsights.tsx.html
2:30:53 PM [vite] page reload coverage-e2e/src/components/ui/AccessibleButton.tsx.html
2:30:53 PM [vite] page reload coverage-e2e/src/components/ui/AccessibleForm.tsx.html
2:30:53 PM [vite] page reload coverage-e2e/src/components/ui/AccessibleModal.tsx.html
2:30:53 PM [vite] page reload coverage-e2e/src/components/ui/AgentStatusStream.tsx.html
2:30:53 PM [vite] page reload coverage-e2e/src/components/ui/Alert.tsx.html
2:30:53 PM [vite] page reload coverage-e2e/src/components/ui/Avatar.tsx.html
2:30:53 PM [vite] page reload coverage-e2e/src/components/ui/Badge.tsx.html
2:30:53 PM [vite] page reload coverage-e2e/src/components/ui/Button.tsx.html
2:30:53 PM [vite] page reload coverage-e2e/src/components/ui/Card.tsx.html
2:30:53 PM [vite] page reload coverage-e2e/src/components/ui/Checkbox.tsx.html
2:30:53 PM [vite] page reload coverage-e2e/src/components/ui/DataGrid.tsx.html
2:30:53 PM [vite] page reload coverage-e2e/src/components/ui/Dialog.tsx.html
2:30:53 PM [vite] page reload coverage-e2e/src/components/ui/DraftPreview.tsx.html
2:30:53 PM [vite] page reload coverage-e2e/src/components/ui/FileDropZone.tsx.html
2:30:53 PM [vite] page reload coverage-e2e/src/components/ui/Input.tsx.html
2:30:53 PM [vite] page reload coverage-e2e/src/components/ui/KeyboardShortcutsModal.tsx.html
2:30:53 PM [vite] page reload coverage-e2e/src/components/ui/Label.tsx.html
2:30:53 PM [vite] page reload coverage-e2e/src/components/ui/Pagination.tsx.html
2:30:53 PM [vite] page reload coverage-e2e/src/components/ui/Progress.tsx.html
2:30:53 PM [vite] page reload coverage-e2e/src/components/ui/ProgressBar.tsx.html
2:30:53 PM [vite] page reload coverage-e2e/src/components/ui/ProgressiveDisclosure.tsx.html
2:30:53 PM [vite] page reload coverage-e2e/src/components/ui/ResizablePanel.tsx.html
2:30:53 PM [vite] page reload coverage-e2e/src/components/ui/ScrollArea.tsx.html
2:30:53 PM [vite] page reload coverage-e2e/src/components/ui/Select.tsx.html
2:30:53 PM [vite] page reload coverage-e2e/src/components/ui/SemanticSearch.tsx.html
2:30:53 PM [vite] page reload coverage-e2e/src/components/ui/Separator.tsx.html
2:30:53 PM [vite] page reload coverage-e2e/src/components/ui/Skeleton.tsx.html
2:30:53 PM [vite] page reload coverage-e2e/src/components/ui/Slider.tsx.html
2:30:53 PM [vite] page reload coverage-e2e/src/components/ui/SplitView.tsx.html
2:30:53 PM [vite] page reload coverage-e2e/src/components/ui/StandardizedErrorDisplay.tsx.html
2:30:53 PM [vite] page reload coverage-e2e/src/components/ui/StatusIndicator.tsx.html
2:30:53 PM [vite] page reload coverage-e2e/src/components/ui/Switch.tsx.html
2:30:53 PM [vite] page reload coverage-e2e/src/components/ui/SyncStatus.tsx.html
2:30:53 PM [vite] page reload coverage-e2e/src/components/ui/Table.tsx.html
2:30:53 PM [vite] page reload coverage-e2e/src/components/ui/Tabs.tsx.html
2:30:53 PM [vite] page reload coverage-e2e/src/components/ui/Textarea.tsx.html
2:30:53 PM [vite] page reload coverage-e2e/src/components/ui/VirtualList.tsx.html
2:30:53 PM [vite] page reload coverage-e2e/src/components/ui/VirtualizedList.tsx.html
2:30:53 PM [vite] page reload coverage-e2e/src/components/ui/index.html
2:30:53 PM [vite] page reload coverage-e2e/src/components/settings/AccessibilitySettings.tsx.html
2:30:53 PM [vite] page reload coverage-e2e/src/components/settings/AuditLogViewer.tsx.html
2:30:53 PM [vite] page reload coverage-e2e/src/components/settings/GeneralSettings.tsx.html
2:30:53 PM [vite] page reload coverage-e2e/src/components/settings/HealthGauges.tsx.html
2:30:53 PM [vite] page reload coverage-e2e/src/components/settings/NotificationSettings.tsx.html
2:30:53 PM [vite] page reload coverage-e2e/src/components/settings/PermissionMatrix.tsx.html
2:30:53 PM [vite] page reload coverage-e2e/src/components/settings/RuleBuilder.tsx.html
2:30:53 PM [vite] page reload coverage-e2e/src/components/settings/SecuritySettings.tsx.html
2:30:53 PM [vite] page reload coverage-e2e/src/components/settings/SettingsErrorState.tsx.html
2:30:53 PM [vite] page reload coverage-e2e/src/components/settings/SettingsHeader.tsx.html
2:30:53 PM [vite] page reload coverage-e2e/src/components/settings/SettingsLayout.tsx.html
2:30:53 PM [vite] page reload coverage-e2e/src/components/settings/SettingsNavigation.tsx.html
2:30:53 PM [vite] page reload coverage-e2e/src/components/settings/SettingsSkeleton.tsx.html
2:30:53 PM [vite] page reload coverage-e2e/src/components/settings/SystemSettings.tsx.html
2:30:53 PM [vite] page reload coverage-e2e/src/components/settings/index.html
2:30:53 PM [vite] page reload coverage-e2e/src/components/settings/index.ts.html
2:30:53 PM [vite] page reload coverage-e2e/src/components/settings/i18n/LanguageSwitcher.tsx.html
2:30:53 PM [vite] page reload coverage-e2e/src/components/settings/i18n/index.html
2:30:53 PM [vite] page reload coverage-e2e/src/components/reporting/AIWriter.tsx.html
2:30:53 PM [vite] page reload coverage-e2e/src/components/reporting/AutoReportGenerator.tsx.html
2:30:53 PM [vite] page reload coverage-e2e/src/components/reporting/ConclusionWizard.tsx.html
2:30:53 PM [vite] page reload coverage-e2e/src/components/reporting/DossierExport.tsx.html
2:30:53 PM [vite] page reload coverage-e2e/src/components/reporting/FinancialHealth.tsx.html
2:30:53 PM [vite] page reload coverage-e2e/src/components/reporting/KeyFindings.tsx.html
2:30:53 PM [vite] page reload coverage-e2e/src/components/reporting/ProjectTracker.tsx.html
2:30:53 PM [vite] page reload coverage-e2e/src/components/reporting/ReportBuilder.tsx.html
2:30:53 PM [vite] page reload coverage-e2e/src/components/reporting/SuccessBanner.tsx.html
2:30:53 PM [vite] page reload coverage-e2e/src/components/reporting/SummaryPreview.tsx.html
2:30:53 PM [vite] page reload coverage-e2e/src/components/reporting/index.html
2:30:53 PM [vite] page reload coverage-e2e/src/components/recon/ExceptionQueue.tsx.html
2:30:53 PM [vite] page reload coverage-e2e/src/components/recon/MatchCanvas.tsx.html
2:30:53 PM [vite] page reload coverage-e2e/src/components/recon/TransactionCard.tsx.html
2:30:53 PM [vite] page reload coverage-e2e/src/components/recon/index.html
2:30:53 PM [vite] page reload coverage-e2e/src/components/performance/PerformanceDashboard.tsx.html
2:30:53 PM [vite] page reload coverage-e2e/src/components/performance/index.html
2:30:53 PM [vite] page reload coverage-e2e/src/components/monitoring/MonitoringDashboard.tsx.html
2:30:53 PM [vite] page reload coverage-e2e/src/components/monitoring/PerformanceDashboard.tsx.html
2:30:53 PM [vite] page reload coverage-e2e/src/components/monitoring/SystemOrchestrationDashboard.tsx.html
2:30:53 PM [vite] page reload coverage-e2e/src/components/monitoring/index.html
2:30:53 PM [vite] page reload coverage-e2e/src/components/layout/AppLayout.tsx.html
2:30:53 PM [vite] page reload coverage-e2e/src/components/layout/Header.tsx.html
2:30:53 PM [vite] page reload coverage-e2e/src/components/layout/Sidebar.tsx.html
2:30:53 PM [vite] page reload coverage-e2e/src/components/layout/index.html
2:30:53 PM [vite] page reload coverage-e2e/src/components/investigation/CanvasArea.tsx.html
2:30:53 PM [vite] page reload coverage-e2e/src/components/investigation/EntityForm.tsx.html
2:30:53 PM [vite] page reload coverage-e2e/src/components/investigation/EntityNode.tsx.html
2:30:53 PM [vite] page reload coverage-e2e/src/components/investigation/EntityRegistry.tsx.html
2:30:53 PM [vite] page reload coverage-e2e/src/components/investigation/EvidenceItem.tsx.html
2:30:53 PM [vite] page reload coverage-e2e/src/components/investigation/GraphCanvas.tsx.html
2:30:53 PM [vite] page reload coverage-e2e/src/components/investigation/InvestigationCanvas.tsx.html
2:30:53 PM [vite] page reload coverage-e2e/src/components/investigation/InvestigationSkeleton.tsx.html
2:30:53 PM [vite] page reload coverage-e2e/src/components/investigation/NodeInspector.tsx.html
2:30:53 PM [vite] page reload coverage-e2e/src/components/investigation/PathfindingVisualizer.tsx.html
2:30:53 PM [vite] page reload coverage-e2e/src/components/investigation/RelationshipForm.tsx.html
2:30:53 PM [vite] page reload coverage-e2e/src/components/investigation/ThreeDGraph.tsx.html
2:30:53 PM [vite] page reload coverage-e2e/src/components/investigation/index.html
2:30:53 PM [vite] page reload coverage-e2e/src/components/intelligence/AutoReportGenerator.tsx.html
2:30:53 PM [vite] page reload coverage-e2e/src/components/intelligence/CourtDocumentGenerator.tsx.html
2:30:53 PM [vite] page reload coverage-e2e/src/components/intelligence/PredictiveDashboard.tsx.html
2:30:53 PM [vite] page reload coverage-e2e/src/components/intelligence/index.html
2:30:53 PM [vite] page reload coverage-e2e/src/components/integration/AnalyticsTab.tsx.html
2:30:53 PM [vite] page reload coverage-e2e/src/components/integration/EventBusTab.tsx.html
2:30:53 PM [vite] page reload coverage-e2e/src/components/integration/GraphQLTab.tsx.html
2:30:53 PM [vite] page reload coverage-e2e/src/components/integration/IntegrationsTab.tsx.html
2:30:53 PM [vite] page reload coverage-e2e/src/components/integration/MarketplaceTab.tsx.html
2:30:53 PM [vite] page reload coverage-e2e/src/components/integration/OverviewTab.tsx.html
2:30:53 PM [vite] page reload coverage-e2e/src/components/integration/index.html
2:30:53 PM [vite] page reload coverage-e2e/src/components/ingestion/DataMapping.tsx.html
2:30:53 PM [vite] page reload coverage-e2e/src/components/ingestion/IngestionStepper.tsx.html
2:30:53 PM [vite] page reload coverage-e2e/src/components/ingestion/index.html
2:30:53 PM [vite] page reload coverage-e2e/src/components/i18n/LanguageSwitcher.tsx.html
2:30:53 PM [vite] page reload coverage-e2e/src/components/i18n/index.html
2:30:53 PM [vite] page reload coverage-e2e/src/components/i18n/index.ts.html
2:30:53 PM [vite] page reload coverage-e2e/src/components/graph/EntityGraph3DWebGL.tsx.html
2:30:53 PM [vite] page reload coverage-e2e/src/components/graph/index.html
2:30:53 PM [vite] page reload coverage-e2e/src/components/fraud/FraudRuleBuilder.tsx.html
2:30:53 PM [vite] page reload coverage-e2e/src/components/fraud/index.html
2:30:53 PM [vite] page reload coverage-e2e/src/components/forensics/EvidenceList.tsx.html
2:30:53 PM [vite] page reload coverage-e2e/src/components/forensics/EvidenceViewer.tsx.html
2:30:53 PM [vite] page reload coverage-e2e/src/components/forensics/ForensicsErrorState.tsx.html
2:30:53 PM [vite] page reload coverage-e2e/src/components/forensics/ForensicsLayout.tsx.html
2:30:53 PM [vite] page reload coverage-e2e/src/components/forensics/ForensicsSkeleton.tsx.html
2:30:53 PM [vite] page reload coverage-e2e/src/components/forensics/ForensicsToolbar.tsx.html
2:30:53 PM [vite] page reload coverage-e2e/src/components/forensics/PdfViewer.tsx.html
2:30:53 PM [vite] page reload coverage-e2e/src/components/forensics/index.html
2:30:53 PM [vite] page reload coverage-e2e/src/components/forensics/index.ts.html
2:30:53 PM [vite] page reload coverage-e2e/src/components/evidence/DocumentViewer.tsx.html
2:30:53 PM [vite] page reload coverage-e2e/src/components/evidence/EvidenceViewer.tsx.html
2:30:53 PM [vite] page reload coverage-e2e/src/components/evidence/FolderTree.tsx.html
2:30:53 PM [vite] page reload coverage-e2e/src/components/evidence/ForensicCanvas.tsx.html
2:30:53 PM [vite] page reload coverage-e2e/src/components/evidence/HypothesisBoard.tsx.html
2:30:53 PM [vite] page reload coverage-e2e/src/components/evidence/MensReaAnalyzer.tsx.html
2:30:53 PM [vite] page reload coverage-e2e/src/components/evidence/TamperDetector.tsx.html
2:30:53 PM [vite] page reload coverage-e2e/src/components/evidence/UploadWizard.tsx.html
2:30:53 PM [vite] page reload coverage-e2e/src/components/evidence/index.html
2:30:53 PM [vite] page reload coverage-e2e/src/components/dashboard/AIWatchtower.tsx.html
2:30:53 PM [vite] page reload coverage-e2e/src/components/dashboard/CostOptimizationWidget.tsx.html
2:30:53 PM [vite] page reload coverage-e2e/src/components/dashboard/LiveQueue.tsx.html
2:30:53 PM [vite] page reload coverage-e2e/src/components/dashboard/MetricCard.tsx.html
2:30:53 PM [vite] page reload coverage-e2e/src/components/dashboard/MetricSparkline.tsx.html
2:30:53 PM [vite] page reload coverage-e2e/src/components/dashboard/MovableDashboard.tsx.html
2:30:53 PM [vite] page reload coverage-e2e/src/components/dashboard/PredictiveDashboard.tsx.html
2:30:53 PM [vite] page reload coverage-e2e/src/components/dashboard/ProofVisualizationCard.tsx.html
2:30:53 PM [vite] page reload coverage-e2e/src/components/dashboard/RiskDistributionChart.tsx.html
2:30:53 PM [vite] page reload coverage-e2e/src/components/dashboard/ThreatMap.tsx.html
2:30:53 PM [vite] page reload coverage-e2e/src/components/dashboard/VolumeChart.tsx.html
2:30:53 PM [vite] page reload coverage-e2e/src/components/dashboard/index.html
2:30:53 PM [vite] page reload coverage-e2e/src/components/compliance/SARCreationWizard.tsx.html
2:30:53 PM [vite] page reload coverage-e2e/src/components/compliance/index.html
2:30:53 PM [vite] page reload coverage-e2e/src/components/common/EmptyState.tsx.html
2:30:53 PM [vite] page reload coverage-e2e/src/components/common/ErrorBoundary.tsx.html
2:30:53 PM [vite] page reload coverage-e2e/src/components/common/EvidenceSpotlight.tsx.html
2:30:53 PM [vite] page reload coverage-e2e/src/components/common/JourneyProgress.tsx.html
2:30:53 PM [vite] page reload coverage-e2e/src/components/common/ProjectSwitcher.tsx.html
2:30:53 PM [vite] page reload coverage-e2e/src/components/common/RookieChecklist.tsx.html
2:30:53 PM [vite] page reload coverage-e2e/src/components/common/Spinner.tsx.html
2:30:53 PM [vite] page reload coverage-e2e/src/components/common/TourSpotlight.tsx.html
2:30:53 PM [vite] page reload coverage-e2e/src/components/common/WelcomeMessage.tsx.html
2:30:53 PM [vite] page reload coverage-e2e/src/components/common/index.html
2:30:53 PM [vite] page reload coverage-e2e/src/components/collaboration/CollaborativeEditor.tsx.html
2:30:53 PM [vite] page reload coverage-e2e/src/components/collaboration/EvidenceBoard.tsx.html
2:30:53 PM [vite] page reload coverage-e2e/src/components/collaboration/HypothesisBoard.tsx.html
2:30:53 PM [vite] page reload coverage-e2e/src/components/collaboration/MensReaAnalyzer.tsx.html
2:30:53 PM [vite] page reload coverage-e2e/src/components/collaboration/index.html
2:30:53 PM [vite] page reload coverage-e2e/src/components/cases/CaseActions.tsx.html
2:30:53 PM [vite] page reload coverage-e2e/src/components/cases/CaseHeader.tsx.html
2:30:53 PM [vite] page reload coverage-e2e/src/components/cases/CaseKanban.tsx.html
2:30:53 PM [vite] page reload coverage-e2e/src/components/cases/CasePreviewDrawer.tsx.html
2:30:53 PM [vite] page reload coverage-e2e/src/components/cases/CaseTable.tsx.html
2:30:53 PM [vite] page reload coverage-e2e/src/components/cases/FacetedFilter.tsx.html
2:30:53 PM [vite] page reload coverage-e2e/src/components/cases/InvestigationWizard.tsx.html
2:30:53 PM [vite] page reload coverage-e2e/src/components/cases/NewInvestigationWizard.tsx.html
2:30:53 PM [vite] page reload coverage-e2e/src/components/cases/RichCaseCard.tsx.html
2:30:53 PM [vite] page reload coverage-e2e/src/components/cases/index.html
2:30:53 PM [vite] page reload coverage-e2e/src/components/auth/LoginForm.tsx.html
2:30:53 PM [vite] page reload coverage-e2e/src/components/auth/index.html
2:30:53 PM [vite] page reload coverage-e2e/src/components/ai/AIAssistant.tsx.html
2:30:53 PM [vite] page reload coverage-e2e/src/components/ai/AIIntelligenceDashboard.tsx.html
2:30:53 PM [vite] page reload coverage-e2e/src/components/ai/AdvancedComplianceDashboard.tsx.html
2:30:53 PM [vite] page reload coverage-e2e/src/components/ai/CodeReviewDashboard.tsx.html
2:30:53 PM [vite] page reload coverage-e2e/src/components/ai/PredictiveMaintenanceDashboard.tsx.html
2:30:53 PM [vite] page reload coverage-e2e/src/components/ai/index.html
2:30:53 PM [vite] page reload coverage-e2e/src/components/advanced/ai/AiPerformanceMonitor.tsx.html
2:30:53 PM [vite] page reload coverage-e2e/src/components/advanced/ai/MultimodalAnalyzer.tsx.html
2:30:53 PM [vite] page reload coverage-e2e/src/components/advanced/ai/RagSearchInterface.tsx.html
2:30:53 PM [vite] page reload coverage-e2e/src/components/advanced/ai/RedTeamDashboard.tsx.html
2:30:53 PM [vite] page reload coverage-e2e/src/components/advanced/ai/index.html
2:30:53 PM [vite] page reload coverage-e2e/src/components/adjudication/AdjudicationLayout.tsx.html
2:30:53 PM [vite] page reload coverage-e2e/src/components/adjudication/AlertDetail.tsx.html
2:30:53 PM [vite] page reload coverage-e2e/src/components/adjudication/AlertList.tsx.html
2:30:53 PM [vite] page reload coverage-e2e/src/components/adjudication/AlertListItem.tsx.html
2:30:53 PM [vite] page reload coverage-e2e/src/components/adjudication/ContextTabs.tsx.html
2:30:53 PM [vite] page reload coverage-e2e/src/components/adjudication/DecisionPanel.tsx.html
2:30:53 PM [vite] page reload coverage-e2e/src/components/adjudication/index.html
2:30:53 PM [vite] page reload coverage-e2e/src/components/adjudication/tabs/AIReasoningTab.tsx.html
2:30:53 PM [vite] page reload coverage-e2e/src/components/adjudication/tabs/ContextTab.tsx.html
2:30:53 PM [vite] page reload coverage-e2e/src/components/adjudication/tabs/GraphTab.tsx.html
2:30:53 PM [vite] page reload coverage-e2e/src/components/adjudication/tabs/HistoryTab.tsx.html
2:30:53 PM [vite] page reload coverage-e2e/src/components/adjudication/tabs/index.html
2:30:53 PM [vite] page reload coverage-e2e/src/components/accessibility/AccessibilityChecker.tsx.html
2:30:53 PM [vite] page reload coverage-e2e/src/components/accessibility/AccessibilitySettings.tsx.html
2:30:53 PM [vite] page reload coverage-e2e/src/components/accessibility/index.html
2:30:53 PM [vite] page reload coverage-e2e/lcov-report/src/App.tsx.html
2:30:53 PM [vite] page reload coverage-e2e/lcov-report/src/config.ts.html
2:30:53 PM [vite] page reload coverage-e2e/lcov-report/src/index.html
2:30:53 PM [vite] page reload coverage-e2e/lcov-report/src/main.tsx.html
2:30:53 PM [vite] page reload coverage-e2e/lcov-report/src/vite-env.d.ts.html
2:30:53 PM [vite] page reload coverage-e2e/lcov-report/src/utils/antiDebug.ts.html
2:30:53 PM [vite] page reload coverage-e2e/lcov-report/src/utils/csrfProtection.ts.html
2:30:53 PM [vite] page reload coverage-e2e/lcov-report/src/utils/electron.ts.html
2:30:53 PM [vite] page reload coverage-e2e/lcov-report/src/utils/electronStore.ts.html
2:30:53 PM [vite] page reload coverage-e2e/lcov-report/src/utils/errorHandler.ts.html
2:30:53 PM [vite] page reload coverage-e2e/lcov-report/src/utils/index.html
2:30:53 PM [vite] page reload coverage-e2e/lcov-report/src/utils/logger.ts.html
2:30:53 PM [vite] page reload coverage-e2e/lcov-report/src/utils/performanceMonitor.ts.html
2:30:53 PM [vite] page reload coverage-e2e/lcov-report/src/utils/secureLogger.ts.html
2:30:53 PM [vite] page reload coverage-e2e/lcov-report/src/utils/secureRandom.ts.html
2:30:53 PM [vite] page reload coverage-e2e/lcov-report/src/utils/secureTokenStorage.ts.html
2:30:53 PM [vite] page reload coverage-e2e/lcov-report/src/utils/validation.ts.html
2:30:53 PM [vite] page reload coverage-e2e/lcov-report/src/utils/verifyIntegrity.ts.html
2:30:53 PM [vite] page reload coverage-e2e/lcov-report/src/utils/webVitals.ts.html
2:30:53 PM [vite] page reload coverage-e2e/lcov-report/src/types/declarations.d.ts.html
2:30:53 PM [vite] page reload coverage-e2e/lcov-report/src/types/electron.d.ts.html
2:30:53 PM [vite] page reload coverage-e2e/lcov-report/src/types/index.html
2:30:53 PM [vite] page reload coverage-e2e/lcov-report/src/types/locale.ts.html
2:30:53 PM [vite] page reload coverage-e2e/lcov-report/src/types/react-pdf-highlighter-extended.d.ts.html
2:30:53 PM [vite] page reload coverage-e2e/lcov-report/src/store/globalStore.ts.html
2:30:53 PM [vite] page reload coverage-e2e/lcov-report/src/store/index.html
2:30:53 PM [vite] page reload coverage-e2e/lcov-report/src/store/projectStore.ts.html
2:30:53 PM [vite] page reload coverage-e2e/lcov-report/src/store/reconciliationStore.ts.html
2:30:53 PM [vite] page reload coverage-e2e/lcov-report/src/store/useAuthStore.ts.html
2:30:53 PM [vite] page reload coverage-e2e/lcov-report/src/store/useIngestionStore.ts.html
2:30:53 PM [vite] page reload coverage-e2e/lcov-report/src/store/useUIStore.ts.html
2:30:53 PM [vite] page reload coverage-e2e/lcov-report/src/services/CaseSyncEngine.ts.html
2:30:53 PM [vite] page reload coverage-e2e/lcov-report/src/services/EvidenceScorer.ts.html
2:30:53 PM [vite] page reload coverage-e2e/lcov-report/src/services/ai.ts.html
2:30:53 PM [vite] page reload coverage-e2e/lcov-report/src/services/alerts.ts.html
2:30:53 PM [vite] page reload coverage-e2e/lcov-report/src/services/approvalService.ts.html
2:30:53 PM [vite] page reload coverage-e2e/lcov-report/src/services/auth.ts.html
2:30:53 PM [vite] page reload coverage-e2e/lcov-report/src/services/cases.ts.html
2:30:53 PM [vite] page reload coverage-e2e/lcov-report/src/services/client.ts.html
2:30:53 PM [vite] page reload coverage-e2e/lcov-report/src/services/compliance.ts.html
2:30:53 PM [vite] page reload coverage-e2e/lcov-report/src/services/complianceMonitoring.ts.html
2:30:53 PM [vite] page reload coverage-e2e/lcov-report/src/services/costOptimization.ts.html
2:30:53 PM [vite] page reload coverage-e2e/lcov-report/src/services/diagnosticsService.ts.html
2:30:53 PM [vite] page reload coverage-e2e/lcov-report/src/services/draftPreviewService.ts.html
2:30:53 PM [vite] page reload coverage-e2e/lcov-report/src/services/errorReporting.ts.html
2:30:53 PM [vite] page reload coverage-e2e/lcov-report/src/services/evidence.ts.html
2:30:53 PM [vite] page reload coverage-e2e/lcov-report/src/services/fileProcessing.ts.html
2:30:53 PM [vite] page reload coverage-e2e/lcov-report/src/services/graph.ts.html
2:30:53 PM [vite] page reload coverage-e2e/lcov-report/src/services/index.html
2:30:53 PM [vite] page reload coverage-e2e/lcov-report/src/services/integrations.ts.html
2:30:53 PM [vite] page reload coverage-e2e/lcov-report/src/services/intelligenceService.ts.html
2:30:53 PM [vite] page reload coverage-e2e/lcov-report/src/services/monitoring.ts.html
2:30:53 PM [vite] page reload coverage-e2e/lcov-report/src/services/notifications.ts.html
2:30:53 PM [vite] page reload coverage-e2e/lcov-report/src/services/onboarding.ts.html
2:30:53 PM [vite] page reload coverage-e2e/lcov-report/src/services/reconciliation.ts.html
2:30:53 PM [vite] page reload coverage-e2e/lcov-report/src/services/reporting.ts.html
2:30:53 PM [vite] page reload coverage-e2e/lcov-report/src/services/settings.ts.html
2:30:53 PM [vite] page reload coverage-e2e/lcov-report/src/services/socket.ts.html
2:30:53 PM [vite] page reload coverage-e2e/lcov-report/src/services/sync.ts.html
2:30:53 PM [vite] page reload coverage-e2e/lcov-report/src/services/syncOrchestrator.ts.html
2:30:53 PM [vite] page reload coverage-e2e/lcov-report/src/services/user.ts.html
2:30:53 PM [vite] page reload coverage-e2e/lcov-report/src/providers/AppProviders.tsx.html
2:30:53 PM [vite] page reload coverage-e2e/lcov-report/src/providers/AuthProvider.tsx.html
2:30:53 PM [vite] page reload coverage-e2e/lcov-report/src/providers/AuthenticationProvider.tsx.html
2:30:53 PM [vite] page reload coverage-e2e/lcov-report/src/providers/LocaleProvider.tsx.html
2:30:53 PM [vite] page reload coverage-e2e/lcov-report/src/providers/NetworkStatusProvider.tsx.html
2:30:53 PM [vite] page reload coverage-e2e/lcov-report/src/providers/OfflineQueueContext.tsx.html
2:30:53 PM [vite] page reload coverage-e2e/lcov-report/src/providers/ToastProvider.tsx.html
2:30:53 PM [vite] page reload coverage-e2e/lcov-report/src/providers/WebSocketProvider.tsx.html
2:30:53 PM [vite] page reload coverage-e2e/lcov-report/src/providers/index.html
2:30:53 PM [vite] page reload coverage-e2e/lcov-report/src/pages/AdjudicationQueue.tsx.html
2:30:53 PM [vite] page reload coverage-e2e/lcov-report/src/pages/AgentApprovals.tsx.html
2:30:53 PM [vite] page reload coverage-e2e/lcov-report/src/pages/AgentDrafts.tsx.html
2:30:53 PM [vite] page reload coverage-e2e/lcov-report/src/pages/Cases.tsx.html
2:30:53 PM [vite] page reload coverage-e2e/lcov-report/src/pages/CasesRefactored.tsx.html
2:30:53 PM [vite] page reload coverage-e2e/lcov-report/src/pages/ComplianceMonitoring.tsx.html
2:30:53 PM [vite] page reload coverage-e2e/lcov-report/src/pages/Dashboard.tsx.html
2:30:53 PM [vite] page reload coverage-e2e/lcov-report/src/pages/DesignSystemShowcase.tsx.html
2:30:53 PM [vite] page reload coverage-e2e/lcov-report/src/pages/EnhancedEvidenceLocker.tsx.html
2:30:53 PM [vite] page reload coverage-e2e/lcov-report/src/pages/Forensics.tsx.html
2:30:53 PM [vite] page reload coverage-e2e/lcov-report/src/pages/ForensicsRefactored.tsx.html
2:30:53 PM [vite] page reload coverage-e2e/lcov-report/src/pages/Ingestion.tsx.html
2:30:53 PM [vite] page reload coverage-e2e/lcov-report/src/pages/Investigation.tsx.html
2:30:53 PM [vite] page reload coverage-e2e/lcov-report/src/pages/Login.tsx.html
2:30:53 PM [vite] page reload coverage-e2e/lcov-report/src/pages/NetworkAnalysis.tsx.html
2:30:53 PM [vite] page reload coverage-e2e/lcov-report/src/pages/NotFound.tsx.html
2:30:53 PM [vite] page reload coverage-e2e/lcov-report/src/pages/PerformanceDashboard.tsx.html
2:30:53 PM [vite] page reload coverage-e2e/lcov-report/src/pages/ProjectSelection.tsx.html
2:30:53 PM [vite] page reload coverage-e2e/lcov-report/src/pages/ProofVisualizationRoute.tsx.html
2:30:53 PM [vite] page reload coverage-e2e/lcov-report/src/pages/Reconciliation.tsx.html
2:30:53 PM [vite] page reload coverage-e2e/lcov-report/src/pages/RegulatoryIntelligence.tsx.html
2:30:53 PM [vite] page reload coverage-e2e/lcov-report/src/pages/Reporting.tsx.html
2:30:53 PM [vite] page reload coverage-e2e/lcov-report/src/pages/SARCreation.tsx.html
2:30:53 PM [vite] page reload coverage-e2e/lcov-report/src/pages/Settings.tsx.html
2:30:53 PM [vite] page reload coverage-e2e/lcov-report/src/pages/Setup.tsx.html
2:30:53 PM [vite] page reload coverage-e2e/lcov-report/src/pages/SystemDiagnosticsCenter.tsx.html
2:30:53 PM [vite] page reload coverage-e2e/lcov-report/src/pages/index.html
2:30:53 PM [vite] page reload coverage-e2e/lcov-report/src/pages/settings/components/GeneralTab.tsx.html
2:30:53 PM [vite] page reload coverage-e2e/lcov-report/src/pages/settings/components/index.html
2:30:53 PM [vite] page reload coverage-e2e/lcov-report/src/lib/AIFraudDetection.ts.html
2:30:53 PM [vite] page reload coverage-e2e/lcov-report/src/lib/LocalDataManager.ts.html
2:30:53 PM [vite] page reload coverage-e2e/lcov-report/src/lib/accessibility.ts.html
2:30:53 PM [vite] page reload coverage-e2e/lcov-report/src/lib/advancedAI.ts.html
2:30:53 PM [vite] page reload coverage-e2e/lcov-report/src/lib/advancedMonitoring.ts.html
2:30:53 PM [vite] page reload coverage-e2e/lcov-report/src/lib/advancedTesting.ts.html
2:30:53 PM [vite] page reload coverage-e2e/lcov-report/src/lib/api.ts.html
2:30:53 PM [vite] page reload coverage-e2e/lcov-report/src/lib/chaosEngineering.ts.html
2:30:53 PM [vite] page reload coverage-e2e/lcov-report/src/lib/circuitBreaker.ts.html
2:30:53 PM [vite] page reload coverage-e2e/lcov-report/src/lib/electron.ts.html
2:30:53 PM [vite] page reload coverage-e2e/lcov-report/src/lib/formatters.ts.html
2:30:53 PM [vite] page reload coverage-e2e/lcov-report/src/lib/index.html
2:30:53 PM [vite] page reload coverage-e2e/lcov-report/src/lib/keyboardShortcuts.ts.html
2:30:53 PM [vite] page reload coverage-e2e/lcov-report/src/lib/reliabilityManager.ts.html
2:30:53 PM [vite] page reload coverage-e2e/lcov-report/src/lib/testGenerator.ts.html
2:30:53 PM [vite] page reload coverage-e2e/lcov-report/src/lib/utils.ts.html
2:30:53 PM [vite] page reload coverage-e2e/lcov-report/src/lib/accessibility/aria-helpers.ts.html
2:30:53 PM [vite] page reload coverage-e2e/lcov-report/src/lib/accessibility/focus-management.ts.html
2:30:53 PM [vite] page reload coverage-e2e/lcov-report/src/lib/accessibility/index.html
2:30:53 PM [vite] page reload coverage-e2e/lcov-report/src/lib/accessibility/keyboard-navigation.ts.html
2:30:53 PM [vite] page reload coverage-e2e/lcov-report/src/i18n/config.ts.html
2:30:53 PM [vite] page reload coverage-e2e/lcov-report/src/i18n/index.html
2:30:53 PM [vite] page reload coverage-e2e/lcov-report/src/hooks/index.html
2:30:53 PM [vite] page reload coverage-e2e/lcov-report/src/hooks/use-toast.ts.html
2:30:53 PM [vite] page reload coverage-e2e/lcov-report/src/hooks/useAccessibility.ts.html
2:30:53 PM [vite] page reload coverage-e2e/lcov-report/src/hooks/useAlerts.ts.html
2:30:53 PM [vite] page reload coverage-e2e/lcov-report/src/hooks/useApiError.ts.html
2:30:53 PM [vite] page reload coverage-e2e/lcov-report/src/hooks/useApiWithRetry.ts.html
2:30:53 PM [vite] page reload coverage-e2e/lcov-report/src/hooks/useAuth.ts.html
2:30:53 PM [vite] page reload coverage-e2e/lcov-report/src/hooks/useCases.ts.html
2:30:53 PM [vite] page reload coverage-e2e/lcov-report/src/hooks/useCollaboration.ts.html
2:30:53 PM [vite] page reload coverage-e2e/lcov-report/src/hooks/useContextAwareAI.ts.html
2:30:53 PM [vite] page reload coverage-e2e/lcov-report/src/hooks/useDashboard.ts.html
2:30:53 PM [vite] page reload coverage-e2e/lcov-report/src/hooks/useDashboardMetrics.ts.html
2:30:53 PM [vite] page reload coverage-e2e/lcov-report/src/hooks/useEvidence.ts.html
2:30:53 PM [vite] page reload coverage-e2e/lcov-report/src/hooks/useFormValidation.ts.html
2:30:53 PM [vite] page reload coverage-e2e/lcov-report/src/hooks/useGraphData.ts.html
2:30:53 PM [vite] page reload coverage-e2e/lcov-report/src/hooks/useHttpClient.tsx.html
2:30:53 PM [vite] page reload coverage-e2e/lcov-report/src/hooks/useKeyboardNavigation.tsx.html
2:30:53 PM [vite] page reload coverage-e2e/lcov-report/src/hooks/useMemoryCleanup.ts.html
2:30:53 PM [vite] page reload coverage-e2e/lcov-report/src/hooks/useNetworkStatus.ts.html
2:30:53 PM [vite] page reload coverage-e2e/lcov-report/src/hooks/useOfflineQueue.ts.html
2:30:53 PM [vite] page reload coverage-e2e/lcov-report/src/hooks/usePerformanceMonitor.ts.html
2:30:53 PM [vite] page reload coverage-e2e/lcov-report/src/hooks/usePersistedState.ts.html
2:30:53 PM [vite] page reload coverage-e2e/lcov-report/src/hooks/useResizeObserver.ts.html
2:30:53 PM [vite] page reload coverage-e2e/lcov-report/src/hooks/useRoleBasedLayout.ts.html
2:30:53 PM [vite] page reload coverage-e2e/lcov-report/src/hooks/useSanitizedHTML.tsx.html
2:30:53 PM [vite] page reload coverage-e2e/lcov-report/src/hooks/useSettings.ts.html
2:30:53 PM [vite] page reload coverage-e2e/lcov-report/src/hooks/useTouchGestures.ts.html
2:30:53 PM [vite] page reload coverage-e2e/lcov-report/src/hooks/useWebSocketClient.tsx.html
2:30:53 PM [vite] page reload coverage-e2e/lcov-report/src/hooks/useWebSocketQueue.ts.html
2:30:53 PM [vite] page reload coverage-e2e/lcov-report/src/context/AIContext.tsx.html
2:30:53 PM [vite] page reload coverage-e2e/lcov-report/src/context/AccessibilityContext.tsx.html
2:30:53 PM [vite] page reload coverage-e2e/lcov-report/src/context/AuthContext.ts.html
2:30:53 PM [vite] page reload coverage-e2e/lcov-report/src/context/NetworkStatusContext.ts.html
2:30:53 PM [vite] page reload coverage-e2e/lcov-report/src/context/OfflineQueueContext.ts.html
2:30:53 PM [vite] page reload coverage-e2e/lcov-report/src/context/TourContext.tsx.html
2:30:53 PM [vite] page reload coverage-e2e/lcov-report/src/context/index.html
2:30:53 PM [vite] page reload coverage-e2e/lcov-report/src/components/ApprovalQueue.tsx.html
2:30:53 PM [vite] page reload coverage-e2e/lcov-report/src/components/CaseProgressBar.tsx.html
2:30:53 PM [vite] page reload coverage-e2e/lcov-report/src/components/CollaborativeEditor.tsx.html
2:30:53 PM [vite] page reload coverage-e2e/lcov-report/src/components/DigitalDossierGenerator.tsx.html
2:30:53 PM [vite] page reload coverage-e2e/lcov-report/src/components/ErrorBoundary.tsx.html
2:30:53 PM [vite] page reload coverage-e2e/lcov-report/src/components/ErrorMessage.tsx.html
2:30:53 PM [vite] page reload coverage-e2e/lcov-report/src/components/FriendlyWelcome.tsx.html
2:30:53 PM [vite] page reload coverage-e2e/lcov-report/src/components/InvestigationNotebook.tsx.html
2:30:53 PM [vite] page reload coverage-e2e/lcov-report/src/components/LoadingState.tsx.html
2:30:53 PM [vite] page reload coverage-e2e/lcov-report/src/components/MemoryMonitor.tsx.html
2:30:53 PM [vite] page reload coverage-e2e/lcov-report/src/components/NotificationContainer.tsx.html
2:30:53 PM [vite] page reload coverage-e2e/lcov-report/src/components/OfflineIndicator.tsx.html
2:30:53 PM [vite] page reload coverage-e2e/lcov-report/src/components/OnboardingWizard.tsx.html
2:30:53 PM [vite] page reload coverage-e2e/lcov-report/src/components/PageErrorBoundary.tsx.html
2:30:53 PM [vite] page reload coverage-e2e/lcov-report/src/components/RelationshipGraph.tsx.html
2:30:53 PM [vite] page reload coverage-e2e/lcov-report/src/components/RoleSelection.tsx.html
2:30:53 PM [vite] page reload coverage-e2e/lcov-report/src/components/RoleSelector.tsx.html
2:30:53 PM [vite] page reload coverage-e2e/lcov-report/src/components/TemporalPlayback.tsx.html
2:30:53 PM [vite] page reload coverage-e2e/lcov-report/src/components/WebSocketSync.tsx.html
2:30:53 PM [vite] page reload coverage-e2e/lcov-report/src/components/index.html
2:30:53 PM [vite] page reload coverage-e2e/lcov-report/src/components/visualizations/NetworkGraph.tsx.html
2:30:53 PM [vite] page reload coverage-e2e/lcov-report/src/components/visualizations/index.html
2:30:54 PM [vite] page reload coverage-e2e/lcov-report/src/components/ui/AIInsights.tsx.html
2:30:54 PM [vite] page reload coverage-e2e/lcov-report/src/components/ui/AccessibleButton.tsx.html
2:30:54 PM [vite] page reload coverage-e2e/lcov-report/src/components/ui/AccessibleForm.tsx.html
2:30:54 PM [vite] page reload coverage-e2e/lcov-report/src/components/ui/AccessibleModal.tsx.html
2:30:54 PM [vite] page reload coverage-e2e/lcov-report/src/components/ui/AgentStatusStream.tsx.html
2:30:54 PM [vite] page reload coverage-e2e/lcov-report/src/components/ui/Alert.tsx.html
2:30:54 PM [vite] page reload coverage-e2e/lcov-report/src/components/ui/Avatar.tsx.html
2:30:54 PM [vite] page reload coverage-e2e/lcov-report/src/components/ui/Badge.tsx.html
2:30:54 PM [vite] page reload coverage-e2e/lcov-report/src/components/ui/Button.tsx.html
2:30:54 PM [vite] page reload coverage-e2e/lcov-report/src/components/ui/Card.tsx.html
2:30:54 PM [vite] page reload coverage-e2e/lcov-report/src/components/ui/Checkbox.tsx.html
2:30:54 PM [vite] page reload coverage-e2e/lcov-report/src/components/ui/DataGrid.tsx.html
2:30:54 PM [vite] page reload coverage-e2e/lcov-report/src/components/ui/Dialog.tsx.html
2:30:54 PM [vite] page reload coverage-e2e/lcov-report/src/components/ui/DraftPreview.tsx.html
2:30:54 PM [vite] page reload coverage-e2e/lcov-report/src/components/ui/FileDropZone.tsx.html
2:30:54 PM [vite] page reload coverage-e2e/lcov-report/src/components/ui/Input.tsx.html
2:30:54 PM [vite] page reload coverage-e2e/lcov-report/src/components/ui/KeyboardShortcutsModal.tsx.html
2:30:54 PM [vite] page reload coverage-e2e/lcov-report/src/components/ui/Label.tsx.html
2:30:54 PM [vite] page reload coverage-e2e/lcov-report/src/components/ui/Pagination.tsx.html
2:30:54 PM [vite] page reload coverage-e2e/lcov-report/src/components/ui/Progress.tsx.html
2:30:54 PM [vite] page reload coverage-e2e/lcov-report/src/components/ui/ProgressBar.tsx.html
2:30:54 PM [vite] page reload coverage-e2e/lcov-report/src/components/ui/ProgressiveDisclosure.tsx.html
2:30:54 PM [vite] page reload coverage-e2e/lcov-report/src/components/ui/ResizablePanel.tsx.html
2:30:54 PM [vite] page reload coverage-e2e/lcov-report/src/components/ui/ScrollArea.tsx.html
2:30:54 PM [vite] page reload coverage-e2e/lcov-report/src/components/ui/Select.tsx.html
2:30:54 PM [vite] page reload coverage-e2e/lcov-report/src/components/ui/SemanticSearch.tsx.html
2:30:54 PM [vite] page reload coverage-e2e/lcov-report/src/components/ui/Separator.tsx.html
2:30:54 PM [vite] page reload coverage-e2e/lcov-report/src/components/ui/Skeleton.tsx.html
2:30:54 PM [vite] page reload coverage-e2e/lcov-report/src/components/ui/Slider.tsx.html
2:30:54 PM [vite] page reload coverage-e2e/lcov-report/src/components/ui/SplitView.tsx.html
2:30:54 PM [vite] page reload coverage-e2e/lcov-report/src/components/ui/StandardizedErrorDisplay.tsx.html
2:30:54 PM [vite] page reload coverage-e2e/lcov-report/src/components/ui/StatusIndicator.tsx.html
2:30:54 PM [vite] page reload coverage-e2e/lcov-report/src/components/ui/Switch.tsx.html
2:30:54 PM [vite] page reload coverage-e2e/lcov-report/src/components/ui/SyncStatus.tsx.html
2:30:54 PM [vite] page reload coverage-e2e/lcov-report/src/components/ui/Table.tsx.html
2:30:54 PM [vite] page reload coverage-e2e/lcov-report/src/components/ui/Tabs.tsx.html
2:30:54 PM [vite] page reload coverage-e2e/lcov-report/src/components/ui/Textarea.tsx.html
2:30:54 PM [vite] page reload coverage-e2e/lcov-report/src/components/ui/VirtualList.tsx.html
2:30:54 PM [vite] page reload coverage-e2e/lcov-report/src/components/ui/VirtualizedList.tsx.html
2:30:54 PM [vite] page reload coverage-e2e/lcov-report/src/components/ui/index.html
2:30:54 PM [vite] page reload coverage-e2e/lcov-report/src/components/settings/AccessibilitySettings.tsx.html
2:30:54 PM [vite] page reload coverage-e2e/lcov-report/src/components/settings/AuditLogViewer.tsx.html
2:30:54 PM [vite] page reload coverage-e2e/lcov-report/src/components/settings/GeneralSettings.tsx.html
2:30:54 PM [vite] page reload coverage-e2e/lcov-report/src/components/settings/HealthGauges.tsx.html
2:30:54 PM [vite] page reload coverage-e2e/lcov-report/src/components/settings/NotificationSettings.tsx.html
2:30:54 PM [vite] page reload coverage-e2e/lcov-report/src/components/settings/PermissionMatrix.tsx.html
2:30:54 PM [vite] page reload coverage-e2e/lcov-report/src/components/settings/RuleBuilder.tsx.html
2:30:54 PM [vite] page reload coverage-e2e/lcov-report/src/components/settings/SecuritySettings.tsx.html
2:30:54 PM [vite] page reload coverage-e2e/lcov-report/src/components/settings/SettingsErrorState.tsx.html
2:30:54 PM [vite] page reload coverage-e2e/lcov-report/src/components/settings/SettingsHeader.tsx.html
2:30:54 PM [vite] page reload coverage-e2e/lcov-report/src/components/settings/SettingsLayout.tsx.html
2:30:54 PM [vite] page reload coverage-e2e/lcov-report/src/components/settings/SettingsNavigation.tsx.html
2:30:54 PM [vite] page reload coverage-e2e/lcov-report/src/components/settings/SettingsSkeleton.tsx.html
2:30:54 PM [vite] page reload coverage-e2e/lcov-report/src/components/settings/SystemSettings.tsx.html
2:30:54 PM [vite] page reload coverage-e2e/lcov-report/src/components/settings/index.html
2:30:54 PM [vite] page reload coverage-e2e/lcov-report/src/components/settings/index.ts.html
2:30:54 PM [vite] page reload coverage-e2e/lcov-report/src/components/settings/i18n/LanguageSwitcher.tsx.html
2:30:54 PM [vite] page reload coverage-e2e/lcov-report/src/components/settings/i18n/index.html
2:30:54 PM [vite] page reload coverage-e2e/lcov-report/src/components/reporting/AIWriter.tsx.html
2:30:54 PM [vite] page reload coverage-e2e/lcov-report/src/components/reporting/AutoReportGenerator.tsx.html
2:30:54 PM [vite] page reload coverage-e2e/lcov-report/src/components/reporting/ConclusionWizard.tsx.html
2:30:54 PM [vite] page reload coverage-e2e/lcov-report/src/components/reporting/DossierExport.tsx.html
2:30:54 PM [vite] page reload coverage-e2e/lcov-report/src/components/reporting/FinancialHealth.tsx.html
2:30:54 PM [vite] page reload coverage-e2e/lcov-report/src/components/reporting/KeyFindings.tsx.html
2:30:54 PM [vite] page reload coverage-e2e/lcov-report/src/components/reporting/ProjectTracker.tsx.html
2:30:54 PM [vite] page reload coverage-e2e/lcov-report/src/components/reporting/ReportBuilder.tsx.html
2:30:54 PM [vite] page reload coverage-e2e/lcov-report/src/components/reporting/SuccessBanner.tsx.html
2:30:54 PM [vite] page reload coverage-e2e/lcov-report/src/components/reporting/SummaryPreview.tsx.html
2:30:54 PM [vite] page reload coverage-e2e/lcov-report/src/components/reporting/index.html
2:30:54 PM [vite] page reload coverage-e2e/lcov-report/src/components/recon/ExceptionQueue.tsx.html
2:30:54 PM [vite] page reload coverage-e2e/lcov-report/src/components/recon/MatchCanvas.tsx.html
2:30:54 PM [vite] page reload coverage-e2e/lcov-report/src/components/recon/TransactionCard.tsx.html
2:30:54 PM [vite] page reload coverage-e2e/lcov-report/src/components/recon/index.html
2:30:54 PM [vite] page reload coverage-e2e/lcov-report/src/components/performance/PerformanceDashboard.tsx.html
2:30:54 PM [vite] page reload coverage-e2e/lcov-report/src/components/performance/index.html
2:30:54 PM [vite] page reload coverage-e2e/lcov-report/src/components/monitoring/MonitoringDashboard.tsx.html
2:30:54 PM [vite] page reload coverage-e2e/lcov-report/src/components/monitoring/PerformanceDashboard.tsx.html
2:30:54 PM [vite] page reload coverage-e2e/lcov-report/src/components/monitoring/SystemOrchestrationDashboard.tsx.html
2:30:54 PM [vite] page reload coverage-e2e/lcov-report/src/components/monitoring/index.html
2:30:54 PM [vite] page reload coverage-e2e/lcov-report/src/components/layout/AppLayout.tsx.html
2:30:54 PM [vite] page reload coverage-e2e/lcov-report/src/components/layout/Header.tsx.html
2:30:54 PM [vite] page reload coverage-e2e/lcov-report/src/components/layout/Sidebar.tsx.html
2:30:54 PM [vite] page reload coverage-e2e/lcov-report/src/components/layout/index.html
2:30:54 PM [vite] page reload coverage-e2e/lcov-report/src/components/investigation/CanvasArea.tsx.html
2:30:54 PM [vite] page reload coverage-e2e/lcov-report/src/components/investigation/EntityForm.tsx.html
2:30:54 PM [vite] page reload coverage-e2e/lcov-report/src/components/investigation/EntityNode.tsx.html
2:30:54 PM [vite] page reload coverage-e2e/lcov-report/src/components/investigation/EntityRegistry.tsx.html
2:30:54 PM [vite] page reload coverage-e2e/lcov-report/src/components/investigation/EvidenceItem.tsx.html
2:30:54 PM [vite] page reload coverage-e2e/lcov-report/src/components/investigation/GraphCanvas.tsx.html
2:30:54 PM [vite] page reload coverage-e2e/lcov-report/src/components/investigation/InvestigationCanvas.tsx.html
2:30:54 PM [vite] page reload coverage-e2e/lcov-report/src/components/investigation/InvestigationSkeleton.tsx.html
2:30:54 PM [vite] page reload coverage-e2e/lcov-report/src/components/investigation/NodeInspector.tsx.html
2:30:54 PM [vite] page reload coverage-e2e/lcov-report/src/components/investigation/PathfindingVisualizer.tsx.html
2:30:54 PM [vite] page reload coverage-e2e/lcov-report/src/components/investigation/RelationshipForm.tsx.html
2:30:54 PM [vite] page reload coverage-e2e/lcov-report/src/components/investigation/ThreeDGraph.tsx.html
2:30:54 PM [vite] page reload coverage-e2e/lcov-report/src/components/investigation/index.html
2:30:54 PM [vite] page reload coverage-e2e/lcov-report/src/components/intelligence/AutoReportGenerator.tsx.html
2:30:54 PM [vite] page reload coverage-e2e/lcov-report/src/components/intelligence/CourtDocumentGenerator.tsx.html
2:30:54 PM [vite] page reload coverage-e2e/lcov-report/src/components/intelligence/PredictiveDashboard.tsx.html
2:30:54 PM [vite] page reload coverage-e2e/lcov-report/src/components/intelligence/index.html
2:30:54 PM [vite] page reload coverage-e2e/lcov-report/src/components/integration/AnalyticsTab.tsx.html
2:30:54 PM [vite] page reload coverage-e2e/lcov-report/src/components/integration/EventBusTab.tsx.html
2:30:54 PM [vite] page reload coverage-e2e/lcov-report/src/components/integration/GraphQLTab.tsx.html
2:30:54 PM [vite] page reload coverage-e2e/lcov-report/src/components/integration/IntegrationsTab.tsx.html
2:30:54 PM [vite] page reload coverage-e2e/lcov-report/src/components/integration/MarketplaceTab.tsx.html
2:30:54 PM [vite] page reload coverage-e2e/lcov-report/src/components/integration/OverviewTab.tsx.html
2:30:54 PM [vite] page reload coverage-e2e/lcov-report/src/components/integration/index.html
2:30:54 PM [vite] page reload coverage-e2e/lcov-report/src/components/ingestion/DataMapping.tsx.html
2:30:54 PM [vite] page reload coverage-e2e/lcov-report/src/components/ingestion/IngestionStepper.tsx.html
2:30:54 PM [vite] page reload coverage-e2e/lcov-report/src/components/ingestion/index.html
2:30:54 PM [vite] page reload coverage-e2e/lcov-report/src/components/i18n/LanguageSwitcher.tsx.html
2:30:54 PM [vite] page reload coverage-e2e/lcov-report/src/components/i18n/index.html
2:30:54 PM [vite] page reload coverage-e2e/lcov-report/src/components/i18n/index.ts.html
2:30:54 PM [vite] page reload coverage-e2e/lcov-report/src/components/graph/EntityGraph3DWebGL.tsx.html
2:30:54 PM [vite] page reload coverage-e2e/lcov-report/src/components/graph/index.html
2:30:54 PM [vite] page reload coverage-e2e/lcov-report/src/components/fraud/FraudRuleBuilder.tsx.html
2:30:54 PM [vite] page reload coverage-e2e/lcov-report/src/components/fraud/index.html
2:30:54 PM [vite] page reload coverage-e2e/lcov-report/src/components/forensics/EvidenceList.tsx.html
2:30:54 PM [vite] page reload coverage-e2e/lcov-report/src/components/forensics/EvidenceViewer.tsx.html
2:30:54 PM [vite] page reload coverage-e2e/lcov-report/src/components/forensics/ForensicsErrorState.tsx.html
2:30:54 PM [vite] page reload coverage-e2e/lcov-report/src/components/forensics/ForensicsLayout.tsx.html
2:30:54 PM [vite] page reload coverage-e2e/lcov-report/src/components/forensics/ForensicsSkeleton.tsx.html
2:30:54 PM [vite] page reload coverage-e2e/lcov-report/src/components/forensics/ForensicsToolbar.tsx.html
2:30:54 PM [vite] page reload coverage-e2e/lcov-report/src/components/forensics/PdfViewer.tsx.html
2:30:54 PM [vite] page reload coverage-e2e/lcov-report/src/components/forensics/index.html
2:30:54 PM [vite] page reload coverage-e2e/lcov-report/src/components/forensics/index.ts.html
2:30:54 PM [vite] page reload coverage-e2e/lcov-report/src/components/evidence/DocumentViewer.tsx.html
2:30:54 PM [vite] page reload coverage-e2e/lcov-report/src/components/evidence/EvidenceViewer.tsx.html
2:30:54 PM [vite] page reload coverage-e2e/lcov-report/src/components/evidence/FolderTree.tsx.html
2:30:54 PM [vite] page reload coverage-e2e/lcov-report/src/components/evidence/ForensicCanvas.tsx.html
2:30:54 PM [vite] page reload coverage-e2e/lcov-report/src/components/evidence/HypothesisBoard.tsx.html
2:30:54 PM [vite] page reload coverage-e2e/lcov-report/src/components/evidence/MensReaAnalyzer.tsx.html
2:30:54 PM [vite] page reload coverage-e2e/lcov-report/src/components/evidence/TamperDetector.tsx.html
2:30:54 PM [vite] page reload coverage-e2e/lcov-report/src/components/evidence/UploadWizard.tsx.html
2:30:54 PM [vite] page reload coverage-e2e/lcov-report/src/components/evidence/index.html
2:30:54 PM [vite] page reload coverage-e2e/lcov-report/src/components/dashboard/AIWatchtower.tsx.html
2:30:54 PM [vite] page reload coverage-e2e/lcov-report/src/components/dashboard/CostOptimizationWidget.tsx.html
2:30:54 PM [vite] page reload coverage-e2e/lcov-report/src/components/dashboard/LiveQueue.tsx.html
2:30:54 PM [vite] page reload coverage-e2e/lcov-report/src/components/dashboard/MetricCard.tsx.html
2:30:54 PM [vite] page reload coverage-e2e/lcov-report/src/components/dashboard/MetricSparkline.tsx.html
2:30:54 PM [vite] page reload coverage-e2e/lcov-report/src/components/dashboard/MovableDashboard.tsx.html
2:30:54 PM [vite] page reload coverage-e2e/lcov-report/src/components/dashboard/PredictiveDashboard.tsx.html
2:30:54 PM [vite] page reload coverage-e2e/lcov-report/src/components/dashboard/ProofVisualizationCard.tsx.html
2:30:54 PM [vite] page reload coverage-e2e/lcov-report/src/components/dashboard/RiskDistributionChart.tsx.html
2:30:54 PM [vite] page reload coverage-e2e/lcov-report/src/components/dashboard/ThreatMap.tsx.html
2:30:54 PM [vite] page reload coverage-e2e/lcov-report/src/components/dashboard/VolumeChart.tsx.html
2:30:54 PM [vite] page reload coverage-e2e/lcov-report/src/components/dashboard/index.html
2:30:54 PM [vite] page reload coverage-e2e/lcov-report/src/components/compliance/SARCreationWizard.tsx.html
2:30:54 PM [vite] page reload coverage-e2e/lcov-report/src/components/compliance/index.html
2:30:54 PM [vite] page reload coverage-e2e/lcov-report/src/components/common/EmptyState.tsx.html
2:30:54 PM [vite] page reload coverage-e2e/lcov-report/src/components/common/ErrorBoundary.tsx.html
2:30:54 PM [vite] page reload coverage-e2e/lcov-report/src/components/common/EvidenceSpotlight.tsx.html
2:30:54 PM [vite] page reload coverage-e2e/lcov-report/src/components/common/JourneyProgress.tsx.html
2:30:54 PM [vite] page reload coverage-e2e/lcov-report/src/components/common/ProjectSwitcher.tsx.html
2:30:54 PM [vite] page reload coverage-e2e/lcov-report/src/components/common/RookieChecklist.tsx.html
2:30:54 PM [vite] page reload coverage-e2e/lcov-report/src/components/common/Spinner.tsx.html
2:30:54 PM [vite] page reload coverage-e2e/lcov-report/src/components/common/TourSpotlight.tsx.html
2:30:54 PM [vite] page reload coverage-e2e/lcov-report/src/components/common/WelcomeMessage.tsx.html
2:30:54 PM [vite] page reload coverage-e2e/lcov-report/src/components/common/index.html
2:30:54 PM [vite] page reload coverage-e2e/lcov-report/src/components/collaboration/CollaborativeEditor.tsx.html
2:30:54 PM [vite] page reload coverage-e2e/lcov-report/src/components/collaboration/EvidenceBoard.tsx.html
2:30:54 PM [vite] page reload coverage-e2e/lcov-report/src/components/collaboration/HypothesisBoard.tsx.html
2:30:54 PM [vite] page reload coverage-e2e/lcov-report/src/components/collaboration/MensReaAnalyzer.tsx.html
2:30:54 PM [vite] page reload coverage-e2e/lcov-report/src/components/collaboration/index.html
2:30:54 PM [vite] page reload coverage-e2e/lcov-report/src/components/cases/CaseActions.tsx.html
2:30:54 PM [vite] page reload coverage-e2e/lcov-report/src/components/cases/CaseHeader.tsx.html
2:30:54 PM [vite] page reload coverage-e2e/lcov-report/src/components/cases/CaseKanban.tsx.html
2:30:54 PM [vite] page reload coverage-e2e/lcov-report/src/components/cases/CasePreviewDrawer.tsx.html
2:30:54 PM [vite] page reload coverage-e2e/lcov-report/src/components/cases/CaseTable.tsx.html
2:30:54 PM [vite] page reload coverage-e2e/lcov-report/src/components/cases/FacetedFilter.tsx.html
2:30:54 PM [vite] page reload coverage-e2e/lcov-report/src/components/cases/InvestigationWizard.tsx.html
2:30:54 PM [vite] page reload coverage-e2e/lcov-report/src/components/cases/NewInvestigationWizard.tsx.html
2:30:54 PM [vite] page reload coverage-e2e/lcov-report/src/components/cases/RichCaseCard.tsx.html
2:30:54 PM [vite] page reload coverage-e2e/lcov-report/src/components/cases/index.html
2:30:54 PM [vite] page reload coverage-e2e/lcov-report/src/components/auth/LoginForm.tsx.html
2:30:54 PM [vite] page reload coverage-e2e/lcov-report/src/components/auth/index.html
2:30:54 PM [vite] page reload coverage-e2e/lcov-report/src/components/ai/AIAssistant.tsx.html
2:30:54 PM [vite] page reload coverage-e2e/lcov-report/src/components/ai/AIIntelligenceDashboard.tsx.html
2:30:54 PM [vite] page reload coverage-e2e/lcov-report/src/components/ai/AdvancedComplianceDashboard.tsx.html
2:30:54 PM [vite] page reload coverage-e2e/lcov-report/src/components/ai/CodeReviewDashboard.tsx.html
2:30:54 PM [vite] page reload coverage-e2e/lcov-report/src/components/ai/PredictiveMaintenanceDashboard.tsx.html
2:30:54 PM [vite] page reload coverage-e2e/lcov-report/src/components/ai/index.html
2:30:54 PM [vite] page reload coverage-e2e/lcov-report/src/components/advanced/ai/AiPerformanceMonitor.tsx.html
2:30:54 PM [vite] page reload coverage-e2e/lcov-report/src/components/advanced/ai/MultimodalAnalyzer.tsx.html
2:30:54 PM [vite] page reload coverage-e2e/lcov-report/src/components/advanced/ai/RagSearchInterface.tsx.html
2:30:54 PM [vite] page reload coverage-e2e/lcov-report/src/components/advanced/ai/RedTeamDashboard.tsx.html
2:30:54 PM [vite] page reload coverage-e2e/lcov-report/src/components/advanced/ai/index.html
2:30:54 PM [vite] page reload coverage-e2e/lcov-report/src/components/adjudication/AdjudicationLayout.tsx.html
2:30:54 PM [vite] page reload coverage-e2e/lcov-report/src/components/adjudication/AlertDetail.tsx.html
2:30:54 PM [vite] page reload coverage-e2e/lcov-report/src/components/adjudication/AlertList.tsx.html
2:30:54 PM [vite] page reload coverage-e2e/lcov-report/src/components/adjudication/AlertListItem.tsx.html
2:30:54 PM [vite] page reload coverage-e2e/lcov-report/src/components/adjudication/ContextTabs.tsx.html
2:30:54 PM [vite] page reload coverage-e2e/lcov-report/src/components/adjudication/DecisionPanel.tsx.html
2:30:54 PM [vite] page reload coverage-e2e/lcov-report/src/components/adjudication/index.html
2:30:54 PM [vite] page reload coverage-e2e/lcov-report/src/components/adjudication/tabs/AIReasoningTab.tsx.html
2:30:54 PM [vite] page reload coverage-e2e/lcov-report/src/components/adjudication/tabs/ContextTab.tsx.html
2:30:54 PM [vite] page reload coverage-e2e/lcov-report/src/components/adjudication/tabs/GraphTab.tsx.html
2:30:54 PM [vite] page reload coverage-e2e/lcov-report/src/components/adjudication/tabs/HistoryTab.tsx.html
2:30:54 PM [vite] page reload coverage-e2e/lcov-report/src/components/adjudication/tabs/index.html
2:30:54 PM [vite] page reload coverage-e2e/lcov-report/src/components/accessibility/AccessibilityChecker.tsx.html
2:30:54 PM [vite] page reload coverage-e2e/lcov-report/src/components/accessibility/AccessibilitySettings.tsx.html
2:30:54 PM [vite] page reload coverage-e2e/lcov-report/src/components/accessibility/index.html
2:39:47 PM [vite] page reload coverage-e2e/src/providers/AuthenticationProvider.tsx.html
2:39:47 PM [vite] page reload coverage-e2e/src/lib/advancedTesting.ts.html
2:39:47 PM [vite] page reload coverage-e2e/src/providers/AppProviders.tsx.html
2:39:47 PM [vite] page reload coverage-e2e/src/hooks/useOfflineQueue.ts.html
2:39:47 PM [vite] page reload coverage-e2e/src/services/index.html
2:39:47 PM [vite] page reload coverage-e2e/src/hooks/useWebSocketClient.tsx.html
2:39:47 PM [vite] page reload coverage-e2e/src/services/errorReporting.ts.html
2:39:47 PM [vite] page reload coverage-e2e/src/context/AccessibilityContext.tsx.html
2:39:47 PM [vite] page reload coverage-e2e/src/services/ai.ts.html
2:39:47 PM [vite] page reload coverage-e2e/src/hooks/useFormValidation.ts.html
2:39:47 PM [vite] page reload coverage-e2e/src/context/AIContext.tsx.html
2:39:47 PM [vite] page reload coverage-e2e/src/services/evidence.ts.html
2:39:47 PM [vite] page reload coverage-e2e/src/services/user.ts.html
2:39:47 PM [vite] page reload coverage-e2e/src/services/fileProcessing.ts.html
2:39:47 PM [vite] page reload coverage-e2e/src/hooks/useResizeObserver.ts.html
2:39:47 PM [vite] page reload coverage-e2e/src/services/client.ts.html
2:39:47 PM [vite] page reload coverage-e2e/src/hooks/useEvidence.ts.html
2:39:47 PM [vite] page reload coverage-e2e/src/services/diagnosticsService.ts.html
2:39:47 PM [vite] page reload coverage-e2e/src/hooks/usePersistedState.ts.html
2:39:47 PM [vite] page reload coverage-e2e/src/components/CollaborativeEditor.tsx.html
2:39:47 PM [vite] page reload coverage-e2e/src/hooks/useApiError.ts.html
2:39:47 PM [vite] page reload coverage-e2e/src/hooks/useCases.ts.html
2:39:47 PM [vite] page reload coverage-e2e/src/context/TourContext.tsx.html
2:39:47 PM [vite] page reload coverage-e2e/src/services/intelligenceService.ts.html
2:39:47 PM [vite] page reload coverage-e2e/src/services/complianceMonitoring.ts.html
2:39:47 PM [vite] page reload coverage-e2e/src/hooks/useGraphData.ts.html
2:39:47 PM [vite] page reload coverage-e2e/src/context/AuthContext.ts.html
2:39:47 PM [vite] page reload coverage-e2e/src/components/index.html
2:39:47 PM [vite] page reload coverage-e2e/src/hooks/use-toast.ts.html
2:39:47 PM [vite] page reload coverage-e2e/src/context/index.html
2:39:47 PM [vite] page reload coverage-e2e/src/components/CaseProgressBar.tsx.html
2:39:47 PM [vite] page reload coverage-e2e/src/lib/reliabilityManager.ts.html
2:39:47 PM [vite] page reload coverage-e2e/src/hooks/useAuth.ts.html
2:39:47 PM [vite] page reload coverage-e2e/src/services/integrations.ts.html
2:39:47 PM [vite] page reload coverage-e2e/src/services/costOptimization.ts.html
2:39:47 PM [vite] page reload coverage-e2e/src/providers/LocaleProvider.tsx.html
2:39:47 PM [vite] page reload coverage-e2e/src/providers/OfflineQueueContext.tsx.html
2:39:47 PM [vite] page reload coverage-e2e/src/hooks/index.html
2:39:47 PM [vite] page reload coverage-e2e/src/services/cases.ts.html
2:39:47 PM [vite] page reload coverage-e2e/src/lib/advancedMonitoring.ts.html
2:39:47 PM [vite] page reload coverage-e2e/src/lib/api.ts.html
2:39:47 PM [vite] page reload coverage-e2e/src/services/notifications.ts.html
2:39:47 PM [vite] page reload coverage-e2e/src/hooks/useTouchGestures.ts.html
2:39:47 PM [vite] page reload coverage-e2e/src/services/approvalService.ts.html
2:39:47 PM [vite] page reload coverage-e2e/src/services/settings.ts.html
2:39:47 PM [vite] page reload coverage-e2e/src/lib/keyboardShortcuts.ts.html
2:39:47 PM [vite] page reload coverage-e2e/src/providers/ToastProvider.tsx.html
2:39:47 PM [vite] page reload coverage-e2e/src/hooks/useCollaboration.ts.html
2:39:47 PM [vite] page reload coverage-e2e/src/services/reconciliation.ts.html
2:39:47 PM [vite] page reload coverage-e2e/src/hooks/useApiWithRetry.ts.html
2:39:47 PM [vite] page reload coverage-e2e/src/lib/testGenerator.ts.html
2:39:47 PM [vite] page reload coverage-e2e/src/hooks/usePerformanceMonitor.ts.html
2:39:47 PM [vite] page reload coverage-e2e/src/hooks/useWebSocketQueue.ts.html
2:39:47 PM [vite] page reload coverage-e2e/src/providers/WebSocketProvider.tsx.html
2:39:47 PM [vite] page reload coverage-e2e/src/providers/NetworkStatusProvider.tsx.html
2:39:47 PM [vite] page reload coverage-e2e/src/lib/advancedAI.ts.html
2:39:47 PM [vite] page reload coverage-e2e/src/lib/circuitBreaker.ts.html
2:39:47 PM [vite] page reload coverage-e2e/src/services/socket.ts.html
2:39:47 PM [vite] page reload coverage-e2e/src/services/compliance.ts.html
2:39:47 PM [vite] page reload coverage-e2e/src/hooks/useMemoryCleanup.ts.html
2:39:47 PM [vite] page reload coverage-e2e/src/context/OfflineQueueContext.ts.html
2:39:47 PM [vite] page reload coverage-e2e/src/services/EvidenceScorer.ts.html
2:39:47 PM [vite] page reload coverage-e2e/src/hooks/useDashboard.ts.html
2:39:47 PM [vite] page reload coverage-e2e/src/lib/utils.ts.html
2:39:47 PM [vite] page reload coverage-e2e/src/lib/accessibility.ts.html
2:39:47 PM [vite] page reload coverage-e2e/src/context/NetworkStatusContext.ts.html
2:39:47 PM [vite] page reload coverage-e2e/src/hooks/useContextAwareAI.ts.html
2:39:47 PM [vite] page reload coverage-e2e/src/providers/AuthProvider.tsx.html
2:39:47 PM [vite] page reload coverage-e2e/src/hooks/useKeyboardNavigation.tsx.html
2:39:47 PM [vite] page reload coverage-e2e/src/services/monitoring.ts.html
2:39:47 PM [vite] page reload coverage-e2e/src/lib/LocalDataManager.ts.html
2:39:47 PM [vite] page reload coverage-e2e/src/components/OnboardingWizard.tsx.html
2:39:47 PM [vite] page reload coverage-e2e/src/hooks/useHttpClient.tsx.html
2:39:47 PM [vite] page reload coverage-e2e/src/hooks/useAlerts.ts.html
2:39:47 PM [vite] page reload coverage-e2e/src/hooks/useDashboardMetrics.ts.html
2:39:47 PM [vite] page reload coverage-e2e/src/hooks/useNetworkStatus.ts.html
2:39:47 PM [vite] page reload coverage-e2e/src/hooks/useAccessibility.ts.html
2:39:47 PM [vite] page reload coverage-e2e/src/services/onboarding.ts.html
2:39:47 PM [vite] page reload coverage-e2e/src/lib/index.html
2:39:47 PM [vite] page reload coverage-e2e/src/services/syncOrchestrator.ts.html
2:39:47 PM [vite] page reload coverage-e2e/src/lib/AIFraudDetection.ts.html
2:39:47 PM [vite] page reload coverage-e2e/src/services/reporting.ts.html
2:39:47 PM [vite] page reload coverage-e2e/src/providers/index.html
2:39:47 PM [vite] page reload coverage-e2e/src/lib/chaosEngineering.ts.html
2:39:47 PM [vite] page reload coverage-e2e/src/hooks/useSanitizedHTML.tsx.html
2:39:47 PM [vite] page reload coverage-e2e/src/services/CaseSyncEngine.ts.html
2:39:47 PM [vite] page reload coverage-e2e/src/hooks/useRoleBasedLayout.ts.html
2:39:47 PM [vite] page reload coverage-e2e/src/lib/electron.ts.html
2:39:47 PM [vite] page reload coverage-e2e/src/services/alerts.ts.html
2:39:47 PM [vite] page reload coverage-e2e/src/services/auth.ts.html
2:39:47 PM [vite] page reload coverage-e2e/src/hooks/useSettings.ts.html
2:39:47 PM [vite] page reload coverage-e2e/src/components/DigitalDossierGenerator.tsx.html
2:39:47 PM [vite] page reload coverage-e2e/src/services/sync.ts.html
2:39:47 PM [vite] page reload coverage-e2e/src/lib/formatters.ts.html
2:39:47 PM [vite] page reload coverage-e2e/src/services/draftPreviewService.ts.html
2:49:08 PM [vite] page reload coverage-e2e/src/pages/Dashboard.tsx.html
2:49:08 PM [vite] page reload coverage-e2e/src/components/forensics/EvidenceViewer.tsx.html
2:49:08 PM [vite] page reload coverage-e2e/src/components/investigation/RelationshipForm.tsx.html
2:49:08 PM [vite] page reload coverage-e2e/src/components/common/EmptyState.tsx.html
2:49:08 PM [vite] page reload coverage-e2e/src/pages/CasesRefactored.tsx.html
2:49:08 PM [vite] page reload coverage-e2e/src/pages/SystemDiagnosticsCenter.tsx.html
2:49:08 PM [vite] page reload coverage-e2e/src/pages/Cases.tsx.html
2:49:08 PM [vite] page reload coverage-e2e/src/pages/AgentDrafts.tsx.html
2:49:08 PM [vite] page reload coverage-e2e/src/components/forensics/EvidenceList.tsx.html
2:49:08 PM [vite] page reload coverage-e2e/src/types/electron.d.ts.html
2:49:08 PM [vite] page reload coverage-e2e/src/components/investigation/EntityRegistry.tsx.html
2:49:08 PM [vite] page reload coverage-e2e/src/components/common/ProjectSwitcher.tsx.html
2:49:08 PM [vite] page reload coverage-e2e/src/store/useAuthStore.ts.html
2:49:08 PM [vite] page reload coverage-e2e/src/components/forensics/ForensicsSkeleton.tsx.html
2:49:08 PM [vite] page reload coverage-e2e/src/components/common/Spinner.tsx.html
2:49:08 PM [vite] page reload coverage-e2e/src/components/investigation/CanvasArea.tsx.html
2:49:08 PM [vite] page reload coverage-e2e/src/i18n/index.html
2:49:08 PM [vite] page reload coverage-e2e/src/components/accessibility/index.html
2:49:08 PM [vite] page reload coverage-e2e/src/pages/ForensicsRefactored.tsx.html
2:49:08 PM [vite] page reload coverage-e2e/src/components/performance/PerformanceDashboard.tsx.html
2:49:08 PM [vite] page reload coverage-e2e/src/components/collaboration/index.html
2:49:08 PM [vite] page reload coverage-e2e/src/components/investigation/NodeInspector.tsx.html
2:49:08 PM [vite] page reload coverage-e2e/src/components/collaboration/EvidenceBoard.tsx.html
2:49:08 PM [vite] page reload coverage-e2e/src/pages/PerformanceDashboard.tsx.html
2:49:08 PM [vite] page reload coverage-e2e/src/types/index.html
2:49:08 PM [vite] page reload coverage-e2e/src/pages/EnhancedEvidenceLocker.tsx.html
2:49:08 PM [vite] page reload coverage-e2e/src/components/investigation/InvestigationSkeleton.tsx.html
2:49:08 PM [vite] page reload coverage-e2e/src/components/investigation/EntityForm.tsx.html
2:49:08 PM [vite] page reload coverage-e2e/src/types/declarations.d.ts.html
2:49:08 PM [vite] page reload coverage-e2e/lcov-report/src/index.html
2:49:08 PM [vite] page reload coverage-e2e/src/store/projectStore.ts.html
2:49:08 PM [vite] page reload coverage-e2e/src/types/react-pdf-highlighter-extended.d.ts.html
2:49:08 PM [vite] page reload coverage-e2e/src/components/collaboration/CollaborativeEditor.tsx.html
2:49:08 PM [vite] page reload coverage-e2e/src/pages/AgentApprovals.tsx.html
2:49:08 PM [vite] page reload coverage-e2e/src/components/fraud/index.html
2:49:08 PM [vite] page reload coverage-e2e/src/pages/RegulatoryIntelligence.tsx.html
2:49:08 PM [vite] page reload coverage-e2e/src/pages/Login.tsx.html
2:49:08 PM [vite] page reload coverage-e2e/src/pages/Reporting.tsx.html
2:49:08 PM [vite] page reload coverage-e2e/src/pages/ComplianceMonitoring.tsx.html
2:49:08 PM [vite] page reload coverage-e2e/src/store/useIngestionStore.ts.html
2:49:08 PM [vite] page reload coverage-e2e/src/components/common/TourSpotlight.tsx.html
2:49:08 PM [vite] page reload coverage-e2e/src/components/investigation/EvidenceItem.tsx.html
2:49:08 PM [vite] page reload coverage-e2e/src/pages/Ingestion.tsx.html
2:49:08 PM [vite] page reload coverage-e2e/src/components/investigation/index.html
2:49:08 PM [vite] page reload coverage-e2e/src/components/common/WelcomeMessage.tsx.html
2:49:08 PM [vite] page reload coverage-e2e/src/components/forensics/PdfViewer.tsx.html
2:49:08 PM [vite] page reload coverage-e2e/src/pages/Investigation.tsx.html
2:49:08 PM [vite] page reload coverage-e2e/src/store/globalStore.ts.html
2:49:08 PM [vite] page reload coverage-e2e/src/components/collaboration/MensReaAnalyzer.tsx.html
2:49:08 PM [vite] page reload coverage-e2e/src/components/performance/index.html
2:49:08 PM [vite] page reload coverage-e2e/src/types/locale.ts.html
2:49:08 PM [vite] page reload coverage-e2e/src/components/common/RookieChecklist.tsx.html
2:49:08 PM [vite] page reload coverage-e2e/lcov-report/src/vite-env.d.ts.html
2:49:08 PM [vite] page reload coverage-e2e/src/pages/Settings.tsx.html
2:49:08 PM [vite] page reload coverage-e2e/src/components/investigation/PathfindingVisualizer.tsx.html
2:49:08 PM [vite] page reload coverage-e2e/src/components/settings/SettingsHeader.tsx.html
2:49:08 PM [vite] page reload coverage-e2e/src/pages/AdjudicationQueue.tsx.html
2:49:08 PM [vite] page reload coverage-e2e/src/components/investigation/ThreeDGraph.tsx.html
2:49:08 PM [vite] page reload coverage-e2e/src/pages/SARCreation.tsx.html
2:49:08 PM [vite] page reload coverage-e2e/src/components/collaboration/HypothesisBoard.tsx.html
2:49:08 PM [vite] page reload coverage-e2e/lcov-report/src/App.tsx.html
2:49:08 PM [vite] page reload coverage-e2e/src/components/forensics/ForensicsToolbar.tsx.html
2:49:08 PM [vite] page reload coverage-e2e/src/store/index.html
2:49:08 PM [vite] page reload coverage-e2e/src/components/investigation/EntityNode.tsx.html
2:49:08 PM [vite] page reload coverage-e2e/src/components/investigation/InvestigationCanvas.tsx.html
2:49:08 PM [vite] page reload coverage-e2e/src/pages/index.html
2:49:08 PM [vite] page reload coverage-e2e/src/components/common/JourneyProgress.tsx.html
2:49:08 PM [vite] page reload coverage-e2e/src/components/forensics/ForensicsLayout.tsx.html
2:49:08 PM [vite] page reload coverage-e2e/src/pages/Reconciliation.tsx.html
2:49:08 PM [vite] page reload coverage-e2e/src/components/accessibility/AccessibilitySettings.tsx.html
2:49:08 PM [vite] page reload coverage-e2e/src/components/forensics/ForensicsErrorState.tsx.html
2:49:08 PM [vite] page reload coverage-e2e/src/store/useUIStore.ts.html
2:49:08 PM [vite] page reload coverage-e2e/src/pages/ProofVisualizationRoute.tsx.html
2:49:08 PM [vite] page reload coverage-e2e/src/components/settings/GeneralSettings.tsx.html
2:49:08 PM [vite] page reload coverage-e2e/src/i18n/config.ts.html
2:49:08 PM [vite] page reload coverage-e2e/lcov-report/src/config.ts.html
2:49:08 PM [vite] page reload coverage-e2e/src/components/investigation/GraphCanvas.tsx.html
2:49:08 PM [vite] page reload coverage-e2e/lcov-report/src/main.tsx.html
2:49:08 PM [vite] page reload coverage-e2e/src/pages/Setup.tsx.html
2:49:08 PM [vite] page reload coverage-e2e/src/components/common/ErrorBoundary.tsx.html
2:49:08 PM [vite] page reload coverage-e2e/src/pages/NetworkAnalysis.tsx.html
2:49:08 PM [vite] page reload coverage-e2e/src/components/common/EvidenceSpotlight.tsx.html
2:49:08 PM [vite] page reload coverage-e2e/src/pages/DesignSystemShowcase.tsx.html
2:49:08 PM [vite] page reload coverage-e2e/src/components/fraud/FraudRuleBuilder.tsx.html
2:49:08 PM [vite] page reload coverage-e2e/src/services/graph.ts.html
2:49:08 PM [vite] page reload coverage-e2e/src/components/accessibility/AccessibilityChecker.tsx.html
2:49:08 PM [vite] page reload coverage-e2e/src/pages/ProjectSelection.tsx.html
2:49:08 PM [vite] page reload coverage-e2e/src/store/reconciliationStore.ts.html
2:49:08 PM [vite] page reload coverage-e2e/src/pages/Forensics.tsx.html
2:49:08 PM [vite] page reload coverage-e2e/src/pages/NotFound.tsx.html
2:49:08 PM [vite] page reload coverage-e2e/src/components/forensics/index.ts.html
2:49:08 PM [vite] page reload coverage-e2e/src/components/common/index.html
2:49:08 PM [vite] page reload coverage-e2e/src/components/forensics/index.html
2:56:59 PM [vite] page reload coverage-e2e/src/components/ui/VirtualizedList.tsx.html
2:56:59 PM [vite] page reload coverage-e2e/src/components/ui/Alert.tsx.html
2:56:59 PM [vite] page reload coverage-e2e/src/components/ui/Separator.tsx.html
2:56:59 PM [vite] page reload coverage-e2e/src/components/ui/Select.tsx.html
2:56:59 PM [vite] page reload coverage-e2e/src/components/settings/SystemSettings.tsx.html
2:56:59 PM [vite] page reload coverage-e2e/src/components/compliance/index.html
2:56:59 PM [vite] page reload coverage-e2e/src/components/reporting/AutoReportGenerator.tsx.html
2:56:59 PM [vite] page reload coverage-e2e/src/components/monitoring/PerformanceDashboard.tsx.html
2:56:59 PM [vite] page reload coverage-e2e/src/components/ui/AgentStatusStream.tsx.html
2:56:59 PM [vite] page reload coverage-e2e/src/components/settings/index.ts.html
2:56:59 PM [vite] page reload coverage-e2e/src/components/ui/Input.tsx.html
2:56:59 PM [vite] page reload coverage-e2e/src/components/ui/Dialog.tsx.html
2:56:59 PM [vite] page reload coverage-e2e/src/components/cases/CasePreviewDrawer.tsx.html
2:56:59 PM [vite] page reload coverage-e2e/src/components/integration/GraphQLTab.tsx.html
2:56:59 PM [vite] page reload coverage-e2e/src/components/auth/LoginForm.tsx.html
2:56:59 PM [vite] page reload coverage-e2e/src/components/ui/Progress.tsx.html
2:56:59 PM [vite] page reload coverage-e2e/src/components/ui/Checkbox.tsx.html
2:56:59 PM [vite] page reload coverage-e2e/src/components/integration/MarketplaceTab.tsx.html
2:56:59 PM [vite] page reload coverage-e2e/src/components/ui/DataGrid.tsx.html
2:56:59 PM [vite] page reload coverage-e2e/src/components/ai/index.html
2:56:59 PM [vite] page reload coverage-e2e/src/components/auth/index.html
2:56:59 PM [vite] page reload coverage-e2e/src/components/settings/SettingsSkeleton.tsx.html
2:56:59 PM [vite] page reload coverage-e2e/src/components/monitoring/MonitoringDashboard.tsx.html
2:56:59 PM [vite] page reload coverage-e2e/src/components/ai/AIAssistant.tsx.html
2:56:59 PM [vite] page reload coverage-e2e/src/components/ui/Table.tsx.html
2:56:59 PM [vite] page reload coverage-e2e/src/components/ui/ScrollArea.tsx.html
2:56:59 PM [vite] page reload coverage-e2e/src/components/ui/Tabs.tsx.html
2:56:59 PM [vite] page reload coverage-e2e/src/components/reporting/ConclusionWizard.tsx.html
2:56:59 PM [vite] page reload coverage-e2e/src/components/reporting/index.html
2:56:59 PM [vite] page reload coverage-e2e/src/components/reporting/AIWriter.tsx.html
2:56:59 PM [vite] page reload coverage-e2e/src/components/ui/AccessibleButton.tsx.html
2:56:59 PM [vite] page reload coverage-e2e/src/components/ui/AIInsights.tsx.html
2:56:59 PM [vite] page reload coverage-e2e/src/components/reporting/SummaryPreview.tsx.html
2:56:59 PM [vite] page reload coverage-e2e/src/components/settings/PermissionMatrix.tsx.html
2:56:59 PM [vite] page reload coverage-e2e/src/components/settings/AccessibilitySettings.tsx.html
2:56:59 PM [vite] page reload coverage-e2e/src/components/ui/ProgressBar.tsx.html
2:56:59 PM [vite] page reload coverage-e2e/src/components/ui/ResizablePanel.tsx.html
2:56:59 PM [vite] page reload coverage-e2e/src/components/settings/HealthGauges.tsx.html
2:56:59 PM [vite] page reload coverage-e2e/src/components/ui/AccessibleModal.tsx.html
2:56:59 PM [vite] page reload coverage-e2e/src/components/ui/KeyboardShortcutsModal.tsx.html
2:56:59 PM [vite] page reload coverage-e2e/src/components/ui/StandardizedErrorDisplay.tsx.html
2:56:59 PM [vite] page reload coverage-e2e/src/components/ui/StatusIndicator.tsx.html
2:56:59 PM [vite] page reload coverage-e2e/src/components/ai/AdvancedComplianceDashboard.tsx.html
2:56:59 PM [vite] page reload coverage-e2e/src/components/cases/CaseActions.tsx.html
2:56:59 PM [vite] page reload coverage-e2e/src/components/ui/SemanticSearch.tsx.html
2:56:59 PM [vite] page reload coverage-e2e/src/components/integration/EventBusTab.tsx.html
2:56:59 PM [vite] page reload coverage-e2e/src/components/ui/FileDropZone.tsx.html
2:56:59 PM [vite] page reload coverage-e2e/src/components/integration/AnalyticsTab.tsx.html
2:56:59 PM [vite] page reload coverage-e2e/src/components/ui/ProgressiveDisclosure.tsx.html
2:56:59 PM [vite] page reload coverage-e2e/src/components/ai/CodeReviewDashboard.tsx.html
2:56:59 PM [vite] page reload coverage-e2e/src/components/reporting/SuccessBanner.tsx.html
2:56:59 PM [vite] page reload coverage-e2e/src/components/reporting/KeyFindings.tsx.html
2:56:59 PM [vite] page reload coverage-e2e/src/components/ui/Button.tsx.html
2:56:59 PM [vite] page reload coverage-e2e/src/components/monitoring/index.html
2:56:59 PM [vite] page reload coverage-e2e/src/components/settings/SettingsLayout.tsx.html
2:56:59 PM [vite] page reload coverage-e2e/src/components/layout/Sidebar.tsx.html
2:56:59 PM [vite] page reload coverage-e2e/src/components/ui/Badge.tsx.html
2:56:59 PM [vite] page reload coverage-e2e/src/components/ui/SplitView.tsx.html
2:56:59 PM [vite] page reload coverage-e2e/src/components/cases/NewInvestigationWizard.tsx.html
2:56:59 PM [vite] page reload coverage-e2e/src/components/cases/CaseHeader.tsx.html
2:56:59 PM [vite] page reload coverage-e2e/src/components/integration/index.html
2:56:59 PM [vite] page reload coverage-e2e/src/components/reporting/ProjectTracker.tsx.html
2:56:59 PM [vite] page reload coverage-e2e/src/components/ai/PredictiveMaintenanceDashboard.tsx.html
2:56:59 PM [vite] page reload coverage-e2e/src/components/settings/RuleBuilder.tsx.html
2:56:59 PM [vite] page reload coverage-e2e/src/components/ui/AccessibleForm.tsx.html
2:56:59 PM [vite] page reload coverage-e2e/src/components/ui/Label.tsx.html
2:56:59 PM [vite] page reload coverage-e2e/src/components/ui/Textarea.tsx.html
2:56:59 PM [vite] page reload coverage-e2e/src/components/ui/Switch.tsx.html
2:56:59 PM [vite] page reload coverage-e2e/src/components/ui/Pagination.tsx.html
2:56:59 PM [vite] page reload coverage-e2e/src/components/ui/SyncStatus.tsx.html
2:56:59 PM [vite] page reload coverage-e2e/src/components/ui/Skeleton.tsx.html
2:56:59 PM [vite] page reload coverage-e2e/src/components/ui/index.html
2:56:59 PM [vite] page reload coverage-e2e/src/components/ui/Slider.tsx.html
2:56:59 PM [vite] page reload coverage-e2e/src/components/layout/Header.tsx.html
2:56:59 PM [vite] page reload coverage-e2e/src/components/settings/SettingsNavigation.tsx.html
2:56:59 PM [vite] page reload coverage-e2e/src/components/ai/AIIntelligenceDashboard.tsx.html
2:56:59 PM [vite] page reload coverage-e2e/src/components/reporting/DossierExport.tsx.html
2:56:59 PM [vite] page reload coverage-e2e/src/components/integration/IntegrationsTab.tsx.html
2:56:59 PM [vite] page reload coverage-e2e/src/components/reporting/FinancialHealth.tsx.html
2:56:59 PM [vite] page reload coverage-e2e/src/components/settings/AuditLogViewer.tsx.html
2:56:59 PM [vite] page reload coverage-e2e/src/components/settings/index.html
2:56:59 PM [vite] page reload coverage-e2e/src/components/settings/NotificationSettings.tsx.html
2:56:59 PM [vite] page reload coverage-e2e/src/components/ui/Avatar.tsx.html
2:56:59 PM [vite] page reload coverage-e2e/src/components/settings/SettingsErrorState.tsx.html
2:56:59 PM [vite] page reload coverage-e2e/src/components/ui/Card.tsx.html
2:56:59 PM [vite] page reload coverage-e2e/src/components/layout/AppLayout.tsx.html
2:56:59 PM [vite] page reload coverage-e2e/src/components/layout/index.html
2:56:59 PM [vite] page reload coverage-e2e/src/components/monitoring/SystemOrchestrationDashboard.tsx.html
2:56:59 PM [vite] page reload coverage-e2e/src/components/reporting/ReportBuilder.tsx.html
2:56:59 PM [vite] page reload coverage-e2e/src/components/ui/VirtualList.tsx.html
2:56:59 PM [vite] page reload coverage-e2e/src/components/cases/CaseKanban.tsx.html
2:56:59 PM [vite] page reload coverage-e2e/src/components/integration/OverviewTab.tsx.html
2:56:59 PM [vite] page reload coverage-e2e/src/components/ui/DraftPreview.tsx.html
2:56:59 PM [vite] page reload coverage-e2e/src/components/settings/SecuritySettings.tsx.html
2:56:59 PM [vite] page reload coverage-e2e/src/components/compliance/SARCreationWizard.tsx.html
2:59:53 PM [vite] page reload coverage-e2e/src/components/adjudication/AlertList.tsx.html
2:59:53 PM [vite] page reload coverage-e2e/src/components/dashboard/CostOptimizationWidget.tsx.html
2:59:53 PM [vite] page reload coverage-e2e/lcov-report/src/hooks/useWebSocketQueue.ts.html
2:59:53 PM [vite] page reload coverage-e2e/lcov-report/src/hooks/useFormValidation.ts.html
2:59:53 PM [vite] page reload coverage-e2e/src/components/advanced/ai/MultimodalAnalyzer.tsx.html
2:59:53 PM [vite] page reload coverage-e2e/src/components/ingestion/index.html
2:59:53 PM [vite] page reload coverage-e2e/lcov-report/src/hooks/index.html
2:59:53 PM [vite] page reload coverage-e2e/lcov-report/src/hooks/useTouchGestures.ts.html
2:59:53 PM [vite] page reload coverage-e2e/src/components/evidence/MensReaAnalyzer.tsx.html
2:59:53 PM [vite] page reload coverage-e2e/src/components/dashboard/index.html
2:59:53 PM [vite] page reload coverage-e2e/src/components/ingestion/IngestionStepper.tsx.html
2:59:53 PM [vite] page reload coverage-e2e/lcov-report/src/hooks/useCollaboration.ts.html
2:59:53 PM [vite] page reload coverage-e2e/src/components/dashboard/RiskDistributionChart.tsx.html
2:59:53 PM [vite] page reload coverage-e2e/src/components/adjudication/index.html
2:59:53 PM [vite] page reload coverage-e2e/src/components/dashboard/ThreatMap.tsx.html
2:59:53 PM [vite] page reload coverage-e2e/src/components/adjudication/tabs/GraphTab.tsx.html
2:59:53 PM [vite] page reload coverage-e2e/src/components/adjudication/DecisionPanel.tsx.html
2:59:53 PM [vite] page reload coverage-e2e/lcov-report/src/hooks/useGraphData.ts.html
2:59:53 PM [vite] page reload coverage-e2e/lcov-report/src/hooks/useSanitizedHTML.tsx.html
2:59:54 PM [vite] page reload coverage-e2e/src/components/cases/index.html
2:59:54 PM [vite] page reload coverage-e2e/src/components/evidence/index.html
2:59:54 PM [vite] page reload coverage-e2e/lcov-report/src/hooks/useEvidence.ts.html
2:59:54 PM [vite] page reload coverage-e2e/lcov-report/src/hooks/useApiError.ts.html
2:59:54 PM [vite] page reload coverage-e2e/src/components/adjudication/ContextTabs.tsx.html
2:59:54 PM [vite] page reload coverage-e2e/src/components/dashboard/AIWatchtower.tsx.html
2:59:54 PM [vite] page reload coverage-e2e/lcov-report/src/hooks/useAuth.ts.html
2:59:54 PM [vite] page reload coverage-e2e/src/components/advanced/ai/index.html
2:59:54 PM [vite] page reload coverage-e2e/lcov-report/src/hooks/useContextAwareAI.ts.html
2:59:54 PM [vite] page reload coverage-e2e/src/pages/settings/components/GeneralTab.tsx.html
2:59:54 PM [vite] page reload coverage-e2e/src/components/i18n/index.html
2:59:54 PM [vite] page reload coverage-e2e/lcov-report/src/hooks/useNetworkStatus.ts.html
2:59:54 PM [vite] page reload coverage-e2e/src/components/adjudication/tabs/AIReasoningTab.tsx.html
2:59:54 PM [vite] page reload coverage-e2e/src/lib/accessibility/index.html
2:59:54 PM [vite] page reload coverage-e2e/src/components/recon/MatchCanvas.tsx.html
2:59:54 PM [vite] page reload coverage-e2e/src/components/intelligence/PredictiveDashboard.tsx.html
2:59:54 PM [vite] page reload coverage-e2e/src/components/settings/i18n/index.html
2:59:54 PM [vite] page reload coverage-e2e/src/components/adjudication/tabs/index.html
2:59:54 PM [vite] page reload coverage-e2e/src/lib/accessibility/focus-management.ts.html
2:59:54 PM [vite] page reload coverage-e2e/src/components/ingestion/DataMapping.tsx.html
2:59:54 PM [vite] page reload coverage-e2e/src/lib/accessibility/keyboard-navigation.ts.html
2:59:54 PM [vite] page reload coverage-e2e/src/components/graph/index.html
2:59:54 PM [vite] page reload coverage-e2e/src/components/evidence/DocumentViewer.tsx.html
2:59:54 PM [vite] page reload coverage-e2e/src/components/graph/EntityGraph3DWebGL.tsx.html
2:59:54 PM [vite] page reload coverage-e2e/src/components/visualizations/NetworkGraph.tsx.html
2:59:54 PM [vite] page reload coverage-e2e/src/components/advanced/ai/RagSearchInterface.tsx.html
2:59:54 PM [vite] page reload coverage-e2e/src/components/evidence/ForensicCanvas.tsx.html
2:59:54 PM [vite] page reload coverage-e2e/src/components/adjudication/tabs/HistoryTab.tsx.html
2:59:54 PM [vite] page reload coverage-e2e/src/components/dashboard/VolumeChart.tsx.html
2:59:54 PM [vite] page reload coverage-e2e/src/components/dashboard/MetricCard.tsx.html
2:59:54 PM [vite] page reload coverage-e2e/src/components/recon/TransactionCard.tsx.html
2:59:54 PM [vite] page reload coverage-e2e/lcov-report/src/hooks/usePerformanceMonitor.ts.html
2:59:54 PM [vite] page reload coverage-e2e/src/components/i18n/index.ts.html
2:59:54 PM [vite] page reload coverage-e2e/src/components/settings/i18n/LanguageSwitcher.tsx.html
2:59:54 PM [vite] page reload coverage-e2e/src/components/adjudication/AdjudicationLayout.tsx.html
2:59:54 PM [vite] page reload coverage-e2e/src/components/intelligence/CourtDocumentGenerator.tsx.html
2:59:54 PM [vite] page reload coverage-e2e/src/components/cases/InvestigationWizard.tsx.html
2:59:54 PM [vite] page reload coverage-e2e/src/lib/accessibility/aria-helpers.ts.html
2:59:54 PM [vite] page reload coverage-e2e/src/components/intelligence/AutoReportGenerator.tsx.html
2:59:54 PM [vite] page reload coverage-e2e/lcov-report/src/hooks/useAccessibility.ts.html
2:59:54 PM [vite] page reload coverage-e2e/lcov-report/src/hooks/useAlerts.ts.html
2:59:54 PM [vite] page reload coverage-e2e/src/components/dashboard/MetricSparkline.tsx.html
2:59:54 PM [vite] page reload coverage-e2e/src/components/adjudication/AlertDetail.tsx.html
2:59:54 PM [vite] page reload coverage-e2e/src/components/evidence/TamperDetector.tsx.html
2:59:54 PM [vite] page reload coverage-e2e/lcov-report/src/hooks/useMemoryCleanup.ts.html
2:59:54 PM [vite] page reload coverage-e2e/lcov-report/src/hooks/useCases.ts.html
2:59:54 PM [vite] page reload coverage-e2e/src/components/dashboard/MovableDashboard.tsx.html
2:59:54 PM [vite] page reload coverage-e2e/src/components/evidence/UploadWizard.tsx.html
2:59:54 PM [vite] page reload coverage-e2e/lcov-report/src/hooks/usePersistedState.ts.html
2:59:54 PM [vite] page reload coverage-e2e/src/components/adjudication/AlertListItem.tsx.html
2:59:54 PM [vite] page reload coverage-e2e/lcov-report/src/hooks/useWebSocketClient.tsx.html
2:59:54 PM [vite] page reload coverage-e2e/src/pages/settings/components/index.html
2:59:54 PM [vite] page reload coverage-e2e/src/components/dashboard/ProofVisualizationCard.tsx.html
2:59:54 PM [vite] page reload coverage-e2e/src/components/evidence/FolderTree.tsx.html
2:59:54 PM [vite] page reload coverage-e2e/src/components/intelligence/index.html
2:59:55 PM [vite] page reload coverage-e2e/src/components/recon/index.html
2:59:55 PM [vite] page reload coverage-e2e/src/components/cases/RichCaseCard.tsx.html
2:59:55 PM [vite] page reload coverage-e2e/src/components/evidence/EvidenceViewer.tsx.html
2:59:55 PM [vite] page reload coverage-e2e/src/components/dashboard/PredictiveDashboard.tsx.html
2:59:55 PM [vite] page reload coverage-e2e/src/components/evidence/HypothesisBoard.tsx.html
2:59:55 PM [vite] page reload coverage-e2e/src/components/recon/ExceptionQueue.tsx.html
2:59:55 PM [vite] page reload coverage-e2e/src/components/dashboard/LiveQueue.tsx.html
2:59:55 PM [vite] page reload coverage-e2e/lcov-report/src/hooks/useOfflineQueue.ts.html
2:59:55 PM [vite] page reload coverage-e2e/src/components/cases/CaseTable.tsx.html
2:59:55 PM [vite] page reload coverage-e2e/lcov-report/src/hooks/useResizeObserver.ts.html
2:59:55 PM [vite] page reload coverage-e2e/src/components/advanced/ai/AiPerformanceMonitor.tsx.html
2:59:55 PM [vite] page reload coverage-e2e/src/components/advanced/ai/RedTeamDashboard.tsx.html
2:59:55 PM [vite] page reload coverage-e2e/src/components/adjudication/tabs/ContextTab.tsx.html
2:59:55 PM [vite] page reload coverage-e2e/src/components/i18n/LanguageSwitcher.tsx.html
2:59:55 PM [vite] page reload coverage-e2e/src/components/visualizations/index.html
2:59:55 PM [vite] page reload coverage-e2e/src/components/cases/FacetedFilter.tsx.html
2:59:55 PM [vite] page reload coverage-e2e/lcov-report/src/hooks/use-toast.ts.html
3:03:10 PM [vite] page reload coverage-e2e/lcov-report/src/services/socket.ts.html
3:03:10 PM [vite] page reload coverage-e2e/lcov-report/src/lib/testGenerator.ts.html
3:03:10 PM [vite] page reload coverage-e2e/lcov-report/src/pages/Ingestion.tsx.html
3:03:10 PM [vite] page reload coverage-e2e/lcov-report/src/pages/Cases.tsx.html
3:03:10 PM [vite] page reload coverage-e2e/lcov-report/src/components/RoleSelection.tsx.html
3:03:10 PM [vite] page reload coverage-e2e/lcov-report/src/lib/circuitBreaker.ts.html
3:03:10 PM [vite] page reload coverage-e2e/lcov-report/src/lib/utils.ts.html
3:03:10 PM [vite] page reload coverage-e2e/lcov-report/src/pages/index.html
3:03:10 PM [vite] page reload coverage-e2e/lcov-report/src/components/ErrorMessage.tsx.html
3:03:10 PM [vite] page reload coverage-e2e/lcov-report/src/components/InvestigationNotebook.tsx.html
3:03:10 PM [vite] page reload coverage-e2e/lcov-report/src/pages/ProofVisualizationRoute.tsx.html
3:03:10 PM [vite] page reload coverage-e2e/lcov-report/src/services/draftPreviewService.ts.html
3:03:10 PM [vite] page reload coverage-e2e/lcov-report/src/components/MemoryMonitor.tsx.html
3:03:10 PM [vite] page reload coverage-e2e/lcov-report/src/components/DigitalDossierGenerator.tsx.html
3:03:10 PM [vite] page reload coverage-e2e/lcov-report/src/context/AIContext.tsx.html
3:03:10 PM [vite] page reload coverage-e2e/lcov-report/src/pages/CasesRefactored.tsx.html
3:03:10 PM [vite] page reload coverage-e2e/lcov-report/src/components/LoadingState.tsx.html
3:03:10 PM [vite] page reload coverage-e2e/lcov-report/src/context/AuthContext.ts.html
3:03:10 PM [vite] page reload coverage-e2e/lcov-report/src/pages/RegulatoryIntelligence.tsx.html
3:03:10 PM [vite] page reload coverage-e2e/lcov-report/src/store/globalStore.ts.html
3:03:10 PM [vite] page reload coverage-e2e/lcov-report/src/lib/index.html
3:03:10 PM [vite] page reload coverage-e2e/lcov-report/src/store/index.html
3:03:10 PM [vite] page reload coverage-e2e/lcov-report/src/store/projectStore.ts.html
3:03:11 PM [vite] page reload coverage-e2e/lcov-report/src/pages/AgentApprovals.tsx.html
3:03:11 PM [vite] page reload coverage-e2e/lcov-report/src/hooks/useDashboardMetrics.ts.html
3:03:11 PM [vite] page reload coverage-e2e/lcov-report/src/services/graph.ts.html
3:03:11 PM [vite] page reload coverage-e2e/lcov-report/src/pages/Reporting.tsx.html
3:03:11 PM [vite] page reload coverage-e2e/lcov-report/src/store/useUIStore.ts.html
3:03:11 PM [vite] page reload coverage-e2e/lcov-report/src/pages/SARCreation.tsx.html
3:03:11 PM [vite] page reload coverage-e2e/lcov-report/src/hooks/useSettings.ts.html
3:03:11 PM [vite] page reload coverage-e2e/lcov-report/src/hooks/useHttpClient.tsx.html
3:03:11 PM [vite] page reload coverage-e2e/lcov-report/src/lib/chaosEngineering.ts.html
3:03:11 PM [vite] page reload coverage-e2e/lcov-report/src/services/fileProcessing.ts.html
3:03:11 PM [vite] page reload coverage-e2e/lcov-report/src/lib/LocalDataManager.ts.html
3:03:11 PM [vite] page reload coverage-e2e/lcov-report/src/components/ErrorBoundary.tsx.html
3:03:11 PM [vite] page reload coverage-e2e/lcov-report/src/components/CaseProgressBar.tsx.html
3:03:11 PM [vite] page reload coverage-e2e/lcov-report/src/store/reconciliationStore.ts.html
3:03:11 PM [vite] page reload coverage-e2e/lcov-report/src/lib/AIFraudDetection.ts.html
3:03:11 PM [vite] page reload coverage-e2e/lcov-report/src/lib/keyboardShortcuts.ts.html
3:03:11 PM [vite] page reload coverage-e2e/lcov-report/src/hooks/useRoleBasedLayout.ts.html
3:03:11 PM [vite] page reload coverage-e2e/lcov-report/src/pages/DesignSystemShowcase.tsx.html
3:03:11 PM [vite] page reload coverage-e2e/lcov-report/src/hooks/useApiWithRetry.ts.html
3:03:11 PM [vite] page reload coverage-e2e/lcov-report/src/hooks/useDashboard.ts.html
3:03:11 PM [vite] page reload coverage-e2e/lcov-report/src/services/cases.ts.html
3:03:12 PM [vite] page reload coverage-e2e/lcov-report/src/pages/Dashboard.tsx.html
3:03:12 PM [vite] page reload coverage-e2e/lcov-report/src/components/PageErrorBoundary.tsx.html
3:03:12 PM [vite] page reload coverage-e2e/lcov-report/src/context/NetworkStatusContext.ts.html
3:03:12 PM [vite] page reload coverage-e2e/lcov-report/src/services/syncOrchestrator.ts.html
3:03:12 PM [vite] page reload coverage-e2e/lcov-report/src/pages/Login.tsx.html
3:03:12 PM [vite] page reload coverage-e2e/lcov-report/src/pages/AgentDrafts.tsx.html
3:03:12 PM [vite] page reload coverage-e2e/lcov-report/src/components/index.html
3:03:12 PM [vite] page reload coverage-e2e/lcov-report/src/lib/api.ts.html
3:03:12 PM [vite] page reload coverage-e2e/lcov-report/src/pages/Setup.tsx.html
3:03:12 PM [vite] page reload coverage-e2e/lcov-report/src/i18n/config.ts.html
3:03:12 PM [vite] page reload coverage-e2e/lcov-report/src/i18n/index.html
3:03:12 PM [vite] page reload coverage-e2e/lcov-report/src/lib/advancedMonitoring.ts.html
3:03:12 PM [vite] page reload coverage-e2e/lcov-report/src/pages/Forensics.tsx.html
3:03:12 PM [vite] page reload coverage-e2e/lcov-report/src/components/OnboardingWizard.tsx.html
3:03:12 PM [vite] page reload coverage-e2e/lcov-report/src/services/costOptimization.ts.html
3:03:12 PM [vite] page reload coverage-e2e/lcov-report/src/pages/Investigation.tsx.html
3:03:12 PM [vite] page reload coverage-e2e/lcov-report/src/pages/SystemDiagnosticsCenter.tsx.html
3:03:12 PM [vite] page reload coverage-e2e/lcov-report/src/components/TemporalPlayback.tsx.html
3:03:12 PM [vite] page reload coverage-e2e/lcov-report/src/lib/advancedTesting.ts.html
3:03:12 PM [vite] page reload coverage-e2e/lcov-report/src/pages/NotFound.tsx.html
3:03:12 PM [vite] page reload coverage-e2e/lcov-report/src/components/RoleSelector.tsx.html
3:03:12 PM [vite] page reload coverage-e2e/lcov-report/src/services/settings.ts.html
3:03:12 PM [vite] page reload coverage-e2e/lcov-report/src/lib/electron.ts.html
3:03:12 PM [vite] page reload coverage-e2e/lcov-report/src/pages/Reconciliation.tsx.html
3:03:12 PM [vite] page reload coverage-e2e/lcov-report/src/components/CollaborativeEditor.tsx.html
3:03:12 PM [vite] page reload coverage-e2e/lcov-report/src/lib/formatters.ts.html
3:03:12 PM [vite] page reload coverage-e2e/lcov-report/src/pages/Settings.tsx.html
3:03:12 PM [vite] page reload coverage-e2e/lcov-report/src/components/NotificationContainer.tsx.html
3:03:12 PM [vite] page reload coverage-e2e/lcov-report/src/components/OfflineIndicator.tsx.html
3:03:12 PM [vite] page reload coverage-e2e/lcov-report/src/pages/PerformanceDashboard.tsx.html
3:03:12 PM [vite] page reload coverage-e2e/lcov-report/src/context/AccessibilityContext.tsx.html
3:03:12 PM [vite] page reload coverage-e2e/lcov-report/src/pages/NetworkAnalysis.tsx.html
3:03:12 PM [vite] page reload coverage-e2e/lcov-report/src/lib/advancedAI.ts.html
3:03:12 PM [vite] page reload coverage-e2e/lcov-report/src/hooks/useKeyboardNavigation.tsx.html
3:03:12 PM [vite] page reload coverage-e2e/lcov-report/src/components/RelationshipGraph.tsx.html
3:03:12 PM [vite] page reload coverage-e2e/lcov-report/src/pages/ProjectSelection.tsx.html
3:03:12 PM [vite] page reload coverage-e2e/lcov-report/src/pages/ComplianceMonitoring.tsx.html
3:03:12 PM [vite] page reload coverage-e2e/lcov-report/src/pages/AdjudicationQueue.tsx.html
3:03:12 PM [vite] page reload coverage-e2e/lcov-report/src/store/useAuthStore.ts.html
3:03:12 PM [vite] page reload coverage-e2e/lcov-report/src/context/TourContext.tsx.html
3:03:12 PM [vite] page reload coverage-e2e/lcov-report/src/lib/accessibility.ts.html
3:03:12 PM [vite] page reload coverage-e2e/lcov-report/src/components/WebSocketSync.tsx.html
3:03:13 PM [vite] page reload coverage-e2e/lcov-report/src/context/OfflineQueueContext.ts.html
3:03:13 PM [vite] page reload coverage-e2e/lcov-report/src/context/index.html
3:03:13 PM [vite] page reload coverage-e2e/lcov-report/src/pages/ForensicsRefactored.tsx.html
3:03:13 PM [vite] page reload coverage-e2e/lcov-report/src/lib/reliabilityManager.ts.html
3:03:13 PM [vite] page reload coverage-e2e/lcov-report/src/components/ApprovalQueue.tsx.html
3:03:13 PM [vite] page reload coverage-e2e/lcov-report/src/services/user.ts.html
3:03:13 PM [vite] page reload coverage-e2e/lcov-report/src/pages/EnhancedEvidenceLocker.tsx.html
3:03:13 PM [vite] page reload coverage-e2e/lcov-report/src/components/FriendlyWelcome.tsx.html
3:03:13 PM [vite] page reload coverage-e2e/lcov-report/src/store/useIngestionStore.ts.html
3:03:13 PM [vite] page reload coverage-e2e/lcov-report/src/services/compliance.ts.html
3:05:21 PM [vite] page reload coverage-e2e/lcov-report/src/components/dashboard/MovableDashboard.tsx.html
3:05:21 PM [vite] page reload coverage-e2e/lcov-report/src/components/collaboration/HypothesisBoard.tsx.html
3:05:21 PM [vite] page reload coverage-e2e/lcov-report/src/lib/accessibility/aria-helpers.ts.html
3:05:21 PM [vite] page reload coverage-e2e/lcov-report/src/components/reporting/KeyFindings.tsx.html
3:05:21 PM [vite] page reload coverage-e2e/lcov-report/src/components/dashboard/index.html
3:05:21 PM [vite] page reload coverage-e2e/lcov-report/src/components/intelligence/CourtDocumentGenerator.tsx.html
3:05:21 PM [vite] page reload coverage-e2e/lcov-report/src/components/dashboard/MetricSparkline.tsx.html
3:05:21 PM [vite] page reload coverage-e2e/lcov-report/src/services/diagnosticsService.ts.html
3:05:21 PM [vite] page reload coverage-e2e/lcov-report/src/utils/csrfProtection.ts.html
3:05:21 PM [vite] page reload coverage-e2e/lcov-report/src/components/dashboard/CostOptimizationWidget.tsx.html
3:05:21 PM [vite] page reload coverage-e2e/lcov-report/src/components/cases/CaseKanban.tsx.html
3:05:21 PM [vite] page reload coverage-e2e/lcov-report/src/components/reporting/ReportBuilder.tsx.html
3:05:21 PM [vite] page reload coverage-e2e/lcov-report/src/components/cases/CaseTable.tsx.html
3:05:21 PM [vite] page reload coverage-e2e/lcov-report/src/components/reporting/ConclusionWizard.tsx.html
3:05:21 PM [vite] page reload coverage-e2e/lcov-report/src/providers/ToastProvider.tsx.html
3:05:21 PM [vite] page reload coverage-e2e/lcov-report/src/services/index.html
3:05:21 PM [vite] page reload coverage-e2e/lcov-report/src/services/reporting.ts.html
3:05:21 PM [vite] page reload coverage-e2e/lcov-report/src/components/cases/CaseHeader.tsx.html
3:05:21 PM [vite] page reload coverage-e2e/lcov-report/src/utils/electronStore.ts.html
3:05:21 PM [vite] page reload coverage-e2e/lcov-report/src/services/EvidenceScorer.ts.html
3:05:21 PM [vite] page reload coverage-e2e/lcov-report/src/types/index.html
3:05:21 PM [vite] page reload coverage-e2e/lcov-report/src/services/complianceMonitoring.ts.html
3:05:21 PM [vite] page reload coverage-e2e/lcov-report/src/services/client.ts.html
3:05:21 PM [vite] page reload coverage-e2e/lcov-report/src/types/locale.ts.html
3:05:21 PM [vite] page reload coverage-e2e/lcov-report/src/components/cases/FacetedFilter.tsx.html
3:05:21 PM [vite] page reload coverage-e2e/lcov-report/src/providers/AuthenticationProvider.tsx.html
3:05:21 PM [vite] page reload coverage-e2e/lcov-report/src/providers/index.html
3:05:21 PM [vite] page reload coverage-e2e/lcov-report/src/components/reporting/DossierExport.tsx.html
3:05:21 PM [vite] page reload coverage-e2e/lcov-report/src/utils/verifyIntegrity.ts.html
3:05:21 PM [vite] page reload coverage-e2e/lcov-report/src/services/evidence.ts.html
3:05:21 PM [vite] page reload coverage-e2e/lcov-report/src/components/reporting/FinancialHealth.tsx.html
3:05:21 PM [vite] page reload coverage-e2e/lcov-report/src/components/cases/RichCaseCard.tsx.html
3:05:21 PM [vite] page reload coverage-e2e/lcov-report/src/utils/errorHandler.ts.html
3:05:21 PM [vite] page reload coverage-e2e/lcov-report/src/services/reconciliation.ts.html
3:05:21 PM [vite] page reload coverage-e2e/lcov-report/src/components/reporting/SummaryPreview.tsx.html
3:05:21 PM [vite] page reload coverage-e2e/lcov-report/src/services/sync.ts.html
3:05:21 PM [vite] page reload coverage-e2e/lcov-report/src/providers/OfflineQueueContext.tsx.html
3:05:21 PM [vite] page reload coverage-e2e/lcov-report/src/components/collaboration/MensReaAnalyzer.tsx.html
3:05:22 PM [vite] page reload coverage-e2e/lcov-report/src/components/dashboard/ProofVisualizationCard.tsx.html
3:05:22 PM [vite] page reload coverage-e2e/lcov-report/src/components/intelligence/AutoReportGenerator.tsx.html
3:05:22 PM [vite] page reload coverage-e2e/lcov-report/src/utils/electron.ts.html
3:05:22 PM [vite] page reload coverage-e2e/lcov-report/src/components/reporting/AIWriter.tsx.html
3:05:22 PM [vite] page reload coverage-e2e/lcov-report/src/utils/performanceMonitor.ts.html
3:05:22 PM [vite] page reload coverage-e2e/lcov-report/src/utils/secureTokenStorage.ts.html
3:05:22 PM [vite] page reload coverage-e2e/lcov-report/src/utils/validation.ts.html
3:05:22 PM [vite] page reload coverage-e2e/lcov-report/src/components/dashboard/RiskDistributionChart.tsx.html
3:05:22 PM [vite] page reload coverage-e2e/lcov-report/src/services/alerts.ts.html
3:05:22 PM [vite] page reload coverage-e2e/lcov-report/src/utils/secureLogger.ts.html
3:05:22 PM [vite] page reload coverage-e2e/lcov-report/src/providers/AuthProvider.tsx.html
3:05:22 PM [vite] page reload coverage-e2e/lcov-report/src/components/cases/index.html
3:05:22 PM [vite] page reload coverage-e2e/lcov-report/src/services/integrations.ts.html
3:05:22 PM [vite] page reload coverage-e2e/lcov-report/src/components/dashboard/AIWatchtower.tsx.html
3:05:22 PM [vite] page reload coverage-e2e/lcov-report/src/components/dashboard/ThreatMap.tsx.html
3:05:22 PM [vite] page reload coverage-e2e/lcov-report/src/components/accessibility/index.html
3:05:22 PM [vite] page reload coverage-e2e/lcov-report/src/components/reporting/ProjectTracker.tsx.html
3:05:22 PM [vite] page reload coverage-e2e/lcov-report/src/lib/accessibility/keyboard-navigation.ts.html
3:05:22 PM [vite] page reload coverage-e2e/lcov-report/src/components/cases/CasePreviewDrawer.tsx.html
3:05:22 PM [vite] page reload coverage-e2e/lcov-report/src/types/electron.d.ts.html
3:05:22 PM [vite] page reload coverage-e2e/lcov-report/src/providers/NetworkStatusProvider.tsx.html
3:05:22 PM [vite] page reload coverage-e2e/lcov-report/src/utils/secureRandom.ts.html
3:05:22 PM [vite] page reload coverage-e2e/lcov-report/src/components/cases/CaseActions.tsx.html
3:05:22 PM [vite] page reload coverage-e2e/lcov-report/src/utils/antiDebug.ts.html
3:05:22 PM [vite] page reload coverage-e2e/lcov-report/src/types/declarations.d.ts.html
3:05:22 PM [vite] page reload coverage-e2e/lcov-report/src/components/dashboard/LiveQueue.tsx.html
3:05:22 PM [vite] page reload coverage-e2e/lcov-report/src/components/cases/InvestigationWizard.tsx.html
3:05:22 PM [vite] page reload coverage-e2e/lcov-report/src/components/collaboration/CollaborativeEditor.tsx.html
3:05:22 PM [vite] page reload coverage-e2e/lcov-report/src/utils/webVitals.ts.html
3:05:22 PM [vite] page reload coverage-e2e/lcov-report/src/utils/logger.ts.html
3:05:22 PM [vite] page reload coverage-e2e/lcov-report/src/services/onboarding.ts.html
3:05:22 PM [vite] page reload coverage-e2e/lcov-report/src/types/react-pdf-highlighter-extended.d.ts.html
3:05:22 PM [vite] page reload coverage-e2e/lcov-report/src/components/dashboard/PredictiveDashboard.tsx.html
3:05:22 PM [vite] page reload coverage-e2e/lcov-report/src/providers/WebSocketProvider.tsx.html
3:05:22 PM [vite] page reload coverage-e2e/lcov-report/src/components/intelligence/PredictiveDashboard.tsx.html
3:05:22 PM [vite] page reload coverage-e2e/lcov-report/src/services/auth.ts.html
3:05:22 PM [vite] page reload coverage-e2e/lcov-report/src/services/errorReporting.ts.html
3:05:22 PM [vite] page reload coverage-e2e/lcov-report/src/providers/LocaleProvider.tsx.html
3:05:22 PM [vite] page reload coverage-e2e/lcov-report/src/services/ai.ts.html
3:05:22 PM [vite] page reload coverage-e2e/lcov-report/src/components/intelligence/index.html
3:05:22 PM [vite] page reload coverage-e2e/lcov-report/src/services/monitoring.ts.html
3:05:22 PM [vite] page reload coverage-e2e/lcov-report/src/services/intelligenceService.ts.html
3:05:22 PM [vite] page reload coverage-e2e/lcov-report/src/components/cases/NewInvestigationWizard.tsx.html
3:05:22 PM [vite] page reload coverage-e2e/lcov-report/src/providers/AppProviders.tsx.html
3:05:22 PM [vite] page reload coverage-e2e/lcov-report/src/services/notifications.ts.html
3:05:22 PM [vite] page reload coverage-e2e/lcov-report/src/components/collaboration/index.html
3:05:22 PM [vite] page reload coverage-e2e/lcov-report/src/components/dashboard/VolumeChart.tsx.html
3:05:22 PM [vite] page reload coverage-e2e/lcov-report/src/utils/index.html
3:05:22 PM [vite] page reload coverage-e2e/lcov-report/src/components/reporting/index.html
3:05:22 PM [vite] page reload coverage-e2e/lcov-report/src/services/approvalService.ts.html
3:05:22 PM [vite] page reload coverage-e2e/lcov-report/src/lib/accessibility/index.html
3:05:22 PM [vite] page reload coverage-e2e/lcov-report/src/components/reporting/AutoReportGenerator.tsx.html
3:05:22 PM [vite] page reload coverage-e2e/lcov-report/src/lib/accessibility/focus-management.ts.html
3:05:22 PM [vite] page reload coverage-e2e/lcov-report/src/components/dashboard/MetricCard.tsx.html
3:05:23 PM [vite] page reload coverage-e2e/lcov-report/src/services/CaseSyncEngine.ts.html
3:05:23 PM [vite] page reload coverage-e2e/lcov-report/src/components/collaboration/EvidenceBoard.tsx.html
3:05:23 PM [vite] page reload coverage-e2e/lcov-report/src/components/reporting/SuccessBanner.tsx.html
3:05:51 PM [vite] page reload coverage-e2e/lcov-report/src/components/common/index.html
3:05:51 PM [vite] page reload coverage-e2e/lcov-report/src/components/compliance/index.html
3:05:51 PM [vite] page reload coverage-e2e/lcov-report/src/components/forensics/PdfViewer.tsx.html
3:05:51 PM [vite] page reload coverage-e2e/lcov-report/src/components/monitoring/MonitoringDashboard.tsx.html
3:05:51 PM [vite] page reload coverage-e2e/lcov-report/src/components/evidence/ForensicCanvas.tsx.html
3:05:51 PM [vite] page reload coverage-e2e/lcov-report/src/components/ai/AIAssistant.tsx.html
3:05:51 PM [vite] page reload coverage-e2e/lcov-report/src/components/evidence/UploadWizard.tsx.html
3:05:51 PM [vite] page reload coverage-e2e/lcov-report/src/components/forensics/ForensicsLayout.tsx.html
3:05:51 PM [vite] page reload coverage-e2e/lcov-report/src/components/integration/MarketplaceTab.tsx.html
3:05:51 PM [vite] page reload coverage-e2e/lcov-report/src/components/ui/AccessibleForm.tsx.html
3:05:51 PM [vite] page reload coverage-e2e/lcov-report/src/components/settings/RuleBuilder.tsx.html
3:05:51 PM [vite] page reload coverage-e2e/lcov-report/src/components/settings/SettingsSkeleton.tsx.html
3:05:51 PM [vite] page reload coverage-e2e/lcov-report/src/components/settings/index.ts.html
3:05:51 PM [vite] page reload coverage-e2e/lcov-report/src/components/forensics/ForensicsErrorState.tsx.html
3:05:51 PM [vite] page reload coverage-e2e/lcov-report/src/components/evidence/index.html
3:05:51 PM [vite] page reload coverage-e2e/lcov-report/src/components/layout/index.html
3:05:51 PM [vite] page reload coverage-e2e/lcov-report/src/components/forensics/index.html
3:05:51 PM [vite] page reload coverage-e2e/lcov-report/src/components/adjudication/AlertDetail.tsx.html
3:05:51 PM [vite] page reload coverage-e2e/lcov-report/src/components/graph/index.html
3:05:51 PM [vite] page reload coverage-e2e/lcov-report/src/components/accessibility/AccessibilitySettings.tsx.html
3:05:51 PM [vite] page reload coverage-e2e/lcov-report/src/components/settings/SettingsNavigation.tsx.html
3:05:51 PM [vite] page reload coverage-e2e/lcov-report/src/components/settings/SettingsHeader.tsx.html
3:05:51 PM [vite] page reload coverage-e2e/lcov-report/src/components/adjudication/AlertListItem.tsx.html
3:05:51 PM [vite] page reload coverage-e2e/lcov-report/src/components/ui/Input.tsx.html
3:05:51 PM [vite] page reload coverage-e2e/lcov-report/src/components/monitoring/PerformanceDashboard.tsx.html
3:05:51 PM [vite] page reload coverage-e2e/lcov-report/src/components/adjudication/DecisionPanel.tsx.html
3:05:51 PM [vite] page reload coverage-e2e/lcov-report/src/components/ai/index.html
3:05:51 PM [vite] page reload coverage-e2e/lcov-report/src/components/settings/SettingsErrorState.tsx.html
3:05:51 PM [vite] page reload coverage-e2e/lcov-report/src/components/ai/CodeReviewDashboard.tsx.html
3:05:51 PM [vite] page reload coverage-e2e/lcov-report/src/components/common/TourSpotlight.tsx.html
3:05:51 PM [vite] page reload coverage-e2e/lcov-report/src/components/common/EmptyState.tsx.html
3:05:51 PM [vite] page reload coverage-e2e/lcov-report/src/components/common/ErrorBoundary.tsx.html
3:05:51 PM [vite] page reload coverage-e2e/lcov-report/src/components/monitoring/SystemOrchestrationDashboard.tsx.html
3:05:51 PM [vite] page reload coverage-e2e/lcov-report/src/components/evidence/EvidenceViewer.tsx.html
3:05:51 PM [vite] page reload coverage-e2e/lcov-report/src/components/common/RookieChecklist.tsx.html
3:05:51 PM [vite] page reload coverage-e2e/lcov-report/src/components/ingestion/index.html
3:05:51 PM [vite] page reload coverage-e2e/lcov-report/src/components/layout/AppLayout.tsx.html
3:05:51 PM [vite] page reload coverage-e2e/lcov-report/src/components/compliance/SARCreationWizard.tsx.html
3:05:51 PM [vite] page reload coverage-e2e/lcov-report/src/components/integration/index.html
3:05:51 PM [vite] page reload coverage-e2e/lcov-report/src/components/i18n/index.html
3:05:51 PM [vite] page reload coverage-e2e/lcov-report/src/components/settings/index.html
3:05:51 PM [vite] page reload coverage-e2e/lcov-report/src/components/ui/Card.tsx.html
3:05:51 PM [vite] page reload coverage-e2e/lcov-report/src/components/settings/PermissionMatrix.tsx.html
3:05:51 PM [vite] page reload coverage-e2e/lcov-report/src/components/settings/NotificationSettings.tsx.html
3:05:51 PM [vite] page reload coverage-e2e/lcov-report/src/components/settings/GeneralSettings.tsx.html
3:05:51 PM [vite] page reload coverage-e2e/lcov-report/src/components/settings/HealthGauges.tsx.html
3:05:51 PM [vite] page reload coverage-e2e/lcov-report/src/components/ingestion/IngestionStepper.tsx.html
3:05:51 PM [vite] page reload coverage-e2e/lcov-report/src/components/evidence/FolderTree.tsx.html
3:05:51 PM [vite] page reload coverage-e2e/lcov-report/src/components/adjudication/index.html
3:05:51 PM [vite] page reload coverage-e2e/lcov-report/src/components/layout/Header.tsx.html
3:05:51 PM [vite] page reload coverage-e2e/lcov-report/src/components/integration/IntegrationsTab.tsx.html
3:05:51 PM [vite] page reload coverage-e2e/lcov-report/src/components/common/Spinner.tsx.html
3:05:51 PM [vite] page reload coverage-e2e/lcov-report/src/components/settings/SettingsLayout.tsx.html
3:05:51 PM [vite] page reload coverage-e2e/lcov-report/src/components/integration/AnalyticsTab.tsx.html
3:05:51 PM [vite] page reload coverage-e2e/lcov-report/src/components/forensics/index.ts.html
3:05:51 PM [vite] page reload coverage-e2e/lcov-report/src/components/common/WelcomeMessage.tsx.html
3:05:51 PM [vite] page reload coverage-e2e/lcov-report/src/components/adjudication/AlertList.tsx.html
3:05:51 PM [vite] page reload coverage-e2e/lcov-report/src/components/integration/EventBusTab.tsx.html
3:05:51 PM [vite] page reload coverage-e2e/lcov-report/src/components/integration/OverviewTab.tsx.html
3:05:51 PM [vite] page reload coverage-e2e/lcov-report/src/components/ai/PredictiveMaintenanceDashboard.tsx.html
3:05:51 PM [vite] page reload coverage-e2e/lcov-report/src/components/auth/LoginForm.tsx.html
3:05:51 PM [vite] page reload coverage-e2e/lcov-report/src/components/auth/index.html
3:05:51 PM [vite] page reload coverage-e2e/lcov-report/src/components/ai/AdvancedComplianceDashboard.tsx.html
3:05:51 PM [vite] page reload coverage-e2e/lcov-report/src/components/settings/SystemSettings.tsx.html
3:05:51 PM [vite] page reload coverage-e2e/lcov-report/src/components/settings/AuditLogViewer.tsx.html
3:05:51 PM [vite] page reload coverage-e2e/lcov-report/src/components/monitoring/index.html
3:05:51 PM [vite] page reload coverage-e2e/lcov-report/src/components/accessibility/AccessibilityChecker.tsx.html
3:05:51 PM [vite] page reload coverage-e2e/lcov-report/src/components/forensics/ForensicsSkeleton.tsx.html
3:05:51 PM [vite] page reload coverage-e2e/lcov-report/src/components/evidence/HypothesisBoard.tsx.html
3:05:51 PM [vite] page reload coverage-e2e/lcov-report/src/components/i18n/LanguageSwitcher.tsx.html
3:05:51 PM [vite] page reload coverage-e2e/lcov-report/src/components/graph/EntityGraph3DWebGL.tsx.html
3:05:51 PM [vite] page reload coverage-e2e/lcov-report/src/components/evidence/TamperDetector.tsx.html
3:05:51 PM [vite] page reload coverage-e2e/lcov-report/src/components/common/EvidenceSpotlight.tsx.html
3:05:51 PM [vite] page reload coverage-e2e/lcov-report/src/components/i18n/index.ts.html
3:05:51 PM [vite] page reload coverage-e2e/lcov-report/src/components/common/ProjectSwitcher.tsx.html
3:05:51 PM [vite] page reload coverage-e2e/lcov-report/src/components/forensics/EvidenceViewer.tsx.html
3:05:51 PM [vite] page reload coverage-e2e/lcov-report/src/components/layout/Sidebar.tsx.html
3:05:51 PM [vite] page reload coverage-e2e/lcov-report/src/components/settings/SecuritySettings.tsx.html
3:05:51 PM [vite] page reload coverage-e2e/lcov-report/src/components/visualizations/index.html
3:05:51 PM [vite] page reload coverage-e2e/lcov-report/src/components/common/JourneyProgress.tsx.html
3:05:51 PM [vite] page reload coverage-e2e/lcov-report/src/components/ai/AIIntelligenceDashboard.tsx.html
3:05:51 PM [vite] page reload coverage-e2e/lcov-report/src/components/forensics/ForensicsToolbar.tsx.html
3:05:51 PM [vite] page reload coverage-e2e/lcov-report/src/components/adjudication/ContextTabs.tsx.html
3:05:51 PM [vite] page reload coverage-e2e/lcov-report/src/components/adjudication/AdjudicationLayout.tsx.html
3:05:51 PM [vite] page reload coverage-e2e/lcov-report/src/components/settings/AccessibilitySettings.tsx.html
3:05:51 PM [vite] page reload coverage-e2e/lcov-report/src/components/evidence/MensReaAnalyzer.tsx.html
3:05:51 PM [vite] page reload coverage-e2e/lcov-report/src/components/ingestion/DataMapping.tsx.html
3:05:51 PM [vite] page reload coverage-e2e/lcov-report/src/components/ui/Dialog.tsx.html
3:05:51 PM [vite] page reload coverage-e2e/lcov-report/src/components/visualizations/NetworkGraph.tsx.html
3:05:51 PM [vite] page reload coverage-e2e/lcov-report/src/components/integration/GraphQLTab.tsx.html
3:05:51 PM [vite] page reload coverage-e2e/lcov-report/src/components/evidence/DocumentViewer.tsx.html
3:05:51 PM [vite] page reload coverage-e2e/lcov-report/src/components/forensics/EvidenceList.tsx.html
3:06:33 PM [vite] page reload coverage-e2e/lcov-report/src/components/advanced/ai/RagSearchInterface.tsx.html
3:06:33 PM [vite] page reload coverage-e2e/lcov-report/src/components/ui/index.html
3:06:33 PM [vite] page reload coverage-e2e/lcov-report/src/components/investigation/InvestigationSkeleton.tsx.html
3:06:33 PM [vite] page reload coverage-e2e/lcov-report/src/components/ui/VirtualList.tsx.html
3:06:33 PM [vite] page reload coverage-e2e/lcov-report/src/components/investigation/GraphCanvas.tsx.html
3:06:33 PM [vite] page reload coverage-e2e/lcov-report/src/components/investigation/PathfindingVisualizer.tsx.html
3:06:33 PM [vite] page reload coverage-e2e/lcov-report/src/components/investigation/CanvasArea.tsx.html
3:06:33 PM [vite] page reload coverage-e2e/lcov-report/src/components/investigation/ThreeDGraph.tsx.html
3:06:33 PM [vite] page reload coverage-e2e/lcov-report/src/components/ui/StandardizedErrorDisplay.tsx.html
3:06:33 PM [vite] page reload coverage-e2e/lcov-report/src/components/ui/Badge.tsx.html
3:06:33 PM [vite] page reload coverage-e2e/lcov-report/src/components/ui/Tabs.tsx.html
3:06:33 PM [vite] page reload coverage-e2e/lcov-report/src/components/ui/Select.tsx.html
3:06:33 PM [vite] page reload coverage-e2e/lcov-report/src/components/investigation/EntityForm.tsx.html
3:06:33 PM [vite] page reload coverage-e2e/lcov-report/src/components/ui/SemanticSearch.tsx.html
3:06:33 PM [vite] page reload coverage-e2e/lcov-report/src/components/adjudication/tabs/AIReasoningTab.tsx.html
3:06:33 PM [vite] page reload coverage-e2e/lcov-report/src/components/investigation/EntityNode.tsx.html
3:06:33 PM [vite] page reload coverage-e2e/lcov-report/src/components/recon/index.html
3:06:33 PM [vite] page reload coverage-e2e/lcov-report/src/components/ui/Button.tsx.html
3:06:33 PM [vite] page reload coverage-e2e/lcov-report/src/components/ui/AccessibleModal.tsx.html
3:06:33 PM [vite] page reload coverage-e2e/lcov-report/src/components/fraud/FraudRuleBuilder.tsx.html
3:06:33 PM [vite] page reload coverage-e2e/lcov-report/src/components/ui/Avatar.tsx.html
3:06:33 PM [vite] page reload coverage-e2e/lcov-report/src/components/advanced/ai/AiPerformanceMonitor.tsx.html
3:06:33 PM [vite] page reload coverage-e2e/lcov-report/src/components/ui/DraftPreview.tsx.html
3:06:33 PM [vite] page reload coverage-e2e/lcov-report/src/components/ui/AccessibleButton.tsx.html
3:06:33 PM [vite] page reload coverage-e2e/lcov-report/src/components/ui/FileDropZone.tsx.html
3:06:33 PM [vite] page reload coverage-e2e/lcov-report/src/components/adjudication/tabs/HistoryTab.tsx.html
3:06:33 PM [vite] page reload coverage-e2e/lcov-report/src/components/ui/Table.tsx.html
3:06:33 PM [vite] page reload coverage-e2e/lcov-report/src/components/performance/index.html
3:06:33 PM [vite] page reload coverage-e2e/lcov-report/src/components/ui/VirtualizedList.tsx.html
3:06:33 PM [vite] page reload coverage-e2e/lcov-report/src/components/recon/ExceptionQueue.tsx.html
3:06:33 PM [vite] page reload coverage-e2e/lcov-report/src/components/performance/PerformanceDashboard.tsx.html
3:06:33 PM [vite] page reload coverage-e2e/lcov-report/src/components/investigation/EntityRegistry.tsx.html
3:06:33 PM [vite] page reload coverage-e2e/lcov-report/src/components/ui/AgentStatusStream.tsx.html
3:06:33 PM [vite] page reload coverage-e2e/lcov-report/src/components/settings/i18n/LanguageSwitcher.tsx.html
3:06:33 PM [vite] page reload coverage-e2e/lcov-report/src/components/investigation/EvidenceItem.tsx.html
3:06:33 PM [vite] page reload coverage-e2e/lcov-report/src/components/ui/Slider.tsx.html
3:06:33 PM [vite] page reload coverage-e2e/lcov-report/src/components/ui/Pagination.tsx.html
3:06:33 PM [vite] page reload coverage-e2e/lcov-report/src/components/ui/StatusIndicator.tsx.html
3:06:33 PM [vite] page reload coverage-e2e/lcov-report/src/components/ui/Alert.tsx.html
3:06:33 PM [vite] page reload coverage-e2e/lcov-report/src/components/ui/DataGrid.tsx.html
3:06:33 PM [vite] page reload coverage-e2e/lcov-report/src/components/ui/Separator.tsx.html
3:06:33 PM [vite] page reload coverage-e2e/lcov-report/src/components/settings/i18n/index.html
3:06:33 PM [vite] page reload coverage-e2e/lcov-report/src/components/investigation/RelationshipForm.tsx.html
3:06:33 PM [vite] page reload coverage-e2e/lcov-report/src/components/ui/Skeleton.tsx.html
3:06:33 PM [vite] page reload coverage-e2e/lcov-report/src/components/investigation/InvestigationCanvas.tsx.html
3:06:33 PM [vite] page reload coverage-e2e/lcov-report/src/components/ui/SplitView.tsx.html
3:06:33 PM [vite] page reload coverage-e2e/lcov-report/src/components/adjudication/tabs/ContextTab.tsx.html
3:06:33 PM [vite] page reload coverage-e2e/lcov-report/src/components/ui/Progress.tsx.html
3:06:33 PM [vite] page reload coverage-e2e/lcov-report/src/pages/settings/components/GeneralTab.tsx.html
3:06:33 PM [vite] page reload coverage-e2e/lcov-report/src/components/ui/Textarea.tsx.html
3:06:33 PM [vite] page reload coverage-e2e/lcov-report/src/components/ui/ProgressiveDisclosure.tsx.html
3:06:33 PM [vite] page reload coverage-e2e/lcov-report/src/components/advanced/ai/RedTeamDashboard.tsx.html
3:06:33 PM [vite] page reload coverage-e2e/lcov-report/src/components/ui/KeyboardShortcutsModal.tsx.html
3:06:33 PM [vite] page reload coverage-e2e/lcov-report/src/components/recon/MatchCanvas.tsx.html
3:06:33 PM [vite] page reload coverage-e2e/lcov-report/src/components/recon/TransactionCard.tsx.html
3:06:33 PM [vite] page reload coverage-e2e/lcov-report/src/components/investigation/NodeInspector.tsx.html
3:06:33 PM [vite] page reload coverage-e2e/lcov-report/src/components/adjudication/tabs/GraphTab.tsx.html
3:06:33 PM [vite] page reload coverage-e2e/lcov-report/src/components/fraud/index.html
3:06:33 PM [vite] page reload coverage-e2e/lcov-report/src/components/ui/Checkbox.tsx.html
3:06:33 PM [vite] page reload coverage-e2e/lcov-report/src/components/advanced/ai/index.html
3:06:33 PM [vite] page reload coverage-e2e/lcov-report/src/components/ui/Switch.tsx.html
3:06:33 PM [vite] page reload coverage-e2e/lcov-report/src/components/ui/ProgressBar.tsx.html
3:06:33 PM [vite] page reload coverage-e2e/lcov-report/src/components/ui/AIInsights.tsx.html
3:06:33 PM [vite] page reload coverage-e2e/lcov-report/src/components/advanced/ai/MultimodalAnalyzer.tsx.html
3:06:33 PM [vite] page reload coverage-e2e/lcov-report/src/components/adjudication/tabs/index.html
3:06:33 PM [vite] page reload coverage-e2e/lcov-report/src/components/ui/ResizablePanel.tsx.html
3:06:33 PM [vite] page reload coverage-e2e/lcov-report/src/components/ui/ScrollArea.tsx.html
3:06:33 PM [vite] page reload coverage-e2e/lcov-report/src/components/investigation/index.html
3:06:33 PM [vite] page reload coverage-e2e/lcov-report/src/components/ui/Label.tsx.html
3:06:33 PM [vite] page reload coverage-e2e/lcov-report/src/components/ui/SyncStatus.tsx.html
3:06:33 PM [vite] page reload coverage-e2e/lcov-report/src/pages/settings/components/index.html
4:25:29 PM [vite] page reload index.html
4:25:29 PM [vite] page reload index.html
4:25:38 PM [vite] page reload index.html
4:26:17 PM [vite] page reload index.html
